event,app_present_seq,elapsed_us,present_hr,requested_buffer_index,buffer0_query_hr,color_id
present,1,23615,0x00000000,0,0x00000000,0
present,2,33710,0x00000000,0,0x00000000,0
present,3,66917,0x00000000,0,0x00000000,0
present,4,101162,0x00000000,0,0x00000000,0
present,5,134363,0x00000000,0,0x00000000,0
present,6,167514,0x00000000,0,0x00000000,0
present,7,200155,0x00000000,0,0x00000000,0
present,8,234325,0x00000000,0,0x00000000,0
present,9,267399,0x00000000,0,0x00000000,0
present,10,300460,0x00000000,0,0x00000000,0
present,11,333579,0x00000000,0,0x00000000,0
present,12,367696,0x00000000,0,0x00000000,0
present,13,400802,0x00000000,0,0x00000000,0
present,14,433944,0x00000000,0,0x00000000,0
present,15,467102,0x00000000,0,0x00000000,0
present,16,500209,0x00000000,0,0x00000000,0
present,17,534331,0x00000000,0,0x00000000,0
present,18,567439,0x00000000,0,0x00000000,0
present,19,600564,0x00000000,0,0x00000000,0
present,20,633715,0x00000000,0,0x00000000,0
present,21,666837,0x00000000,0,0x00000000,0
present,22,700969,0x00000000,0,0x00000000,0
present,23,734095,0x00000000,0,0x00000000,0
present,24,767131,0x00000000,0,0x00000000,0
present,25,800265,0x00000000,0,0x00000000,0
present,26,834414,0x00000000,0,0x00000000,0
present,27,867572,0x00000000,0,0x00000000,0
present,28,900738,0x00000000,0,0x00000000,0
present,29,933646,0x00000000,0,0x00000000,0
present,30,966864,0x00000000,0,0x00000000,0
present,31,1001111,0x00000000,0,0x00000000,0
present,32,1034355,0x00000000,0,0x00000000,0
present,33,1067539,0x00000000,0,0x00000000,0
present,34,1100432,0x00000000,0,0x00000000,0
present,35,1133692,0x00000000,0,0x00000000,0
present,36,1166873,0x00000000,0,0x00000000,0
present,37,1201017,0x00000000,0,0x00000000,0
present,38,1234139,0x00000000,0,0x00000000,0
present,39,1267292,0x00000000,0,0x00000000,0
present,40,1300494,0x00000000,0,0x00000000,0
present,41,1333684,0x00000000,0,0x00000000,0
present,42,1366818,0x00000000,0,0x00000000,0
present,43,1401031,0x00000000,0,0x00000000,0
present,44,1433551,0x00000000,0,0x00000000,0
present,45,1467781,0x00000000,0,0x00000000,0
present,46,1500936,0x00000000,0,0x00000000,0
present,47,1534071,0x00000000,0,0x00000000,0
present,48,1566716,0x00000000,0,0x00000000,0
present,49,1600817,0x00000000,0,0x00000000,0
present,50,1633966,0x00000000,0,0x00000000,0
present,51,1667162,0x00000000,0,0x00000000,0
present,52,1700309,0x00000000,0,0x00000000,0
present,53,1733521,0x00000000,0,0x00000000,0
present,54,1767667,0x00000000,0,0x00000000,0
present,55,1800749,0x00000000,0,0x00000000,0
present,56,1833409,0x00000000,0,0x00000000,0
present,57,1867498,0x00000000,0,0x00000000,0
present,58,1900568,0x00000000,0,0x00000000,0
present,59,1933656,0x00000000,0,0x00000000,0
present,60,1966957,0x00000000,0,0x00000000,0
present,61,2000512,0x00000000,0,0x00000000,1
present,62,2033972,0x00000000,0,0x00000000,1
present,63,2067402,0x00000000,0,0x00000000,1
present,64,2100658,0x00000000,0,0x00000000,1
present,65,2134216,0x00000000,0,0x00000000,1
present,66,2167731,0x00000000,0,0x00000000,1
present,67,2200299,0x00000000,0,0x00000000,1
present,68,2233851,0x00000000,0,0x00000000,1
present,69,2267241,0x00000000,0,0x00000000,1
present,70,2300257,0x00000000,0,0x00000000,1
present,71,2333596,0x00000000,0,0x00000000,1
present,72,2366920,0x00000000,0,0x00000000,1
present,73,2413540,0x00000000,0,0x00000000,1
present,74,2433852,0x00000000,0,0x00000000,1
present,75,2467240,0x00000000,0,0x00000000,1
present,76,2500457,0x00000000,0,0x00000000,1
present,77,2534027,0x00000000,0,0x00000000,1
present,78,2567458,0x00000000,0,0x00000000,1
present,79,2600238,0x00000000,0,0x00000000,1
present,80,2634740,0x00000000,0,0x00000000,1
present,81,2667236,0x00000000,0,0x00000000,1
present,82,2700770,0x00000000,0,0x00000000,1
present,83,2734462,0x00000000,0,0x00000000,1
present,84,2768235,0x00000000,0,0x00000000,1
present,85,2800431,0x00000000,0,0x00000000,1
present,86,2833731,0x00000000,0,0x00000000,1
present,87,2868320,0x00000000,0,0x00000000,1
present,88,2900304,0x00000000,0,0x00000000,1
present,89,2933743,0x00000000,0,0x00000000,1
present,90,2966966,0x00000000,0,0x00000000,1
present,91,3017150,0x00000000,0,0x00000000,1
present,92,3035805,0x00000000,0,0x00000000,1
present,93,3067069,0x00000000,0,0x00000000,1
present,94,3100425,0x00000000,0,0x00000000,1
present,95,3134019,0x00000000,0,0x00000000,1
present,96,3167076,0x00000000,0,0x00000000,1
present,97,3200433,0x00000000,0,0x00000000,1
present,98,3233581,0x00000000,0,0x00000000,1
present,99,3266993,0x00000000,0,0x00000000,1
present,100,3300330,0x00000000,0,0x00000000,1
present,101,3333715,0x00000000,0,0x00000000,1
present,102,3366944,0x00000000,0,0x00000000,1
present,103,3411578,0x00000000,0,0x00000000,1
present,104,3433447,0x00000000,0,0x00000000,1
present,105,3467728,0x00000000,0,0x00000000,1
present,106,3501107,0x00000000,0,0x00000000,1
present,107,3533650,0x00000000,0,0x00000000,1
present,108,3567059,0x00000000,0,0x00000000,1
present,109,3600171,0x00000000,0,0x00000000,1
present,110,3633516,0x00000000,0,0x00000000,1
present,111,3666924,0x00000000,0,0x00000000,1
present,112,3700305,0x00000000,0,0x00000000,1
present,113,3733715,0x00000000,0,0x00000000,1
present,114,3766953,0x00000000,0,0x00000000,1
present,115,3800400,0x00000000,0,0x00000000,1
present,116,3833806,0x00000000,0,0x00000000,1
present,117,3867411,0x00000000,0,0x00000000,1
present,118,3900465,0x00000000,0,0x00000000,1
present,119,3934126,0x00000000,0,0x00000000,1
present,120,3967336,0x00000000,0,0x00000000,1
present,121,4000993,0x00000000,0,0x00000000,2
present,122,4034648,0x00000000,0,0x00000000,2
present,123,4067084,0x00000000,0,0x00000000,2
present,124,4100703,0x00000000,0,0x00000000,2
present,125,4133771,0x00000000,0,0x00000000,2
present,126,4167068,0x00000000,0,0x00000000,2
present,127,4200692,0x00000000,0,0x00000000,2
present,128,4234405,0x00000000,0,0x00000000,2
present,129,4267048,0x00000000,0,0x00000000,2
present,130,4300404,0x00000000,0,0x00000000,2
present,131,4333791,0x00000000,0,0x00000000,2
present,132,4367197,0x00000000,0,0x00000000,2
present,133,4400461,0x00000000,0,0x00000000,2
present,134,4433909,0x00000000,0,0x00000000,2
present,135,4467323,0x00000000,0,0x00000000,2
present,136,4500775,0x00000000,0,0x00000000,2
present,137,4533607,0x00000000,0,0x00000000,2
present,138,4567079,0x00000000,0,0x00000000,2
present,139,4601136,0x00000000,0,0x00000000,2
present,140,4633751,0x00000000,0,0x00000000,2
present,141,4667083,0x00000000,0,0x00000000,2
present,142,4700619,0x00000000,0,0x00000000,2
present,143,4734266,0x00000000,0,0x00000000,2
present,144,4767063,0x00000000,0,0x00000000,2
present,145,4800383,0x00000000,0,0x00000000,2
present,146,4834833,0x00000000,0,0x00000000,2
present,147,4867065,0x00000000,0,0x00000000,2
present,148,4900575,0x00000000,0,0x00000000,2
present,149,4933786,0x00000000,0,0x00000000,2
present,150,4967502,0x00000000,0,0x00000000,2
present,151,5000398,0x00000000,0,0x00000000,2
exit,151,5033638,0x00000000,0,0
