event,presenter_id,epoch,presentation_seq,tick_id,kind,source_id,pair_a_id,pair_b_id,source_ns,copy_ready_ns,generated_ready_ns,generated_requested_ns,callback_ns,deadline_ns,target_ns,actual_presented_ns,present_submit_ns,gpu_complete_ns,callback_duration_ns,queue_depth,raw_callback_ca_bits,raw_deadline_ca_bits,raw_target_ca_bits,detail,worker_wake_ns,mutex_wait_start_ns,mutex_acquired_ns,presenter_encode_start_ns,presenter_encode_end_ns,gpu_submit_ns,present_call_ns,lifecycle_state,circuit_state,drawable_record_id,escrow_texture_id,command_buffer_id
escrow_setup_failed,1,1,0,0,1,1,0,0,260889929623291,0,0,0,0,0,0,0,0,0,0,0,0,0,0,"injected mandatory SourceEscrow allocation failure",0,0,0,0,0,0,0,0,0,0,0,0
escrow_setup_failed,1,1,0,0,1,1,0,0,260889951960208,0,0,0,0,0,0,0,0,0,0,0,0,0,0,"injected mandatory SourceEscrow allocation failure",0,0,0,0,0,0,0,0,0,0,0,0
escrow_setup_failed,1,1,0,0,1,1,0,0,260889985115916,0,0,0,0,0,0,0,0,0,0,0,0,0,0,"injected mandatory SourceEscrow allocation failure",0,0,0,0,0,0,0,0,0,0,0,0
escrow_setup_failed,1,1,0,0,1,1,0,0,260890019314291,0,0,0,0,0,0,0,0,0,0,0,0,0,0,"injected mandatory SourceEscrow allocation failure",0,0,0,0,0,0,0,0,0,0,0,0
escrow_setup_failed,1,1,0,0,1,1,0,0,260890052535666,0,0,0,0,0,0,0,0,0,0,0,0,0,0,"injected mandatory SourceEscrow allocation failure",0,0,0,0,0,0,0,0,0,0,0,0
escrow_setup_failed,1,1,0,0,1,1,0,0,260890085018958,0,0,0,0,0,0,0,0,0,0,0,0,0,0,"injected mandatory SourceEscrow allocation failure",0,0,0,0,0,0,0,0,0,0,0,0
escrow_setup_failed,1,1,0,0,1,1,0,0,260890119189833,0,0,0,0,0,0,0,0,0,0,0,0,0,0,"injected mandatory SourceEscrow allocation failure",0,0,0,0,0,0,0,0,0,0,0,0
escrow_setup_failed,1,1,0,0,1,1,0,0,260890152387458,0,0,0,0,0,0,0,0,0,0,0,0,0,0,"injected mandatory SourceEscrow allocation failure",0,0,0,0,0,0,0,0,0,0,0,0
escrow_setup_failed,1,1,0,0,1,1,0,0,260890185534000,0,0,0,0,0,0,0,0,0,0,0,0,0,0,"injected mandatory SourceEscrow allocation failure",0,0,0,0,0,0,0,0,0,0,0,0
escrow_setup_failed,1,1,0,0,1,1,0,0,260890218329708,0,0,0,0,0,0,0,0,0,0,0,0,0,0,"injected mandatory SourceEscrow allocation failure",0,0,0,0,0,0,0,0,0,0,0,0
escrow_setup_failed,1,1,0,0,1,1,0,0,260890252458125,0,0,0,0,0,0,0,0,0,0,0,0,0,0,"injected mandatory SourceEscrow allocation failure",0,0,0,0,0,0,0,0,0,0,0,0
escrow_setup_failed,1,1,0,0,1,1,0,0,260890285589666,0,0,0,0,0,0,0,0,0,0,0,0,0,0,"injected mandatory SourceEscrow allocation failure",0,0,0,0,0,0,0,0,0,0,0,0
escrow_setup_failed,1,1,0,0,1,1,0,0,260890318790208,0,0,0,0,0,0,0,0,0,0,0,0,0,0,"injected mandatory SourceEscrow allocation failure",0,0,0,0,0,0,0,0,0,0,0,0
escrow_setup_failed,1,1,0,0,1,1,0,0,260890351928708,0,0,0,0,0,0,0,0,0,0,0,0,0,0,"injected mandatory SourceEscrow allocation failure",0,0,0,0,0,0,0,0,0,0,0,0
escrow_setup_failed,1,1,0,0,1,1,0,0,260890385193416,0,0,0,0,0,0,0,0,0,0,0,0,0,0,"injected mandatory SourceEscrow allocation failure",0,0,0,0,0,0,0,0,0,0,0,0
escrow_setup_failed,1,1,0,0,1,1,0,0,260890418671500,0,0,0,0,0,0,0,0,0,0,0,0,0,0,"injected mandatory SourceEscrow allocation failure",0,0,0,0,0,0,0,0,0,0,0,0
escrow_setup_failed,1,1,0,0,1,1,0,0,260890452289875,0,0,0,0,0,0,0,0,0,0,0,0,0,0,"injected mandatory SourceEscrow allocation failure",0,0,0,0,0,0,0,0,0,0,0,0
escrow_setup_failed,1,1,0,0,1,1,0,0,260890485200208,0,0,0,0,0,0,0,0,0,0,0,0,0,0,"injected mandatory SourceEscrow allocation failure",0,0,0,0,0,0,0,0,0,0,0,0
escrow_setup_failed,1,1,0,0,1,1,0,0,260890518935500,0,0,0,0,0,0,0,0,0,0,0,0,0,0,"injected mandatory SourceEscrow allocation failure",0,0,0,0,0,0,0,0,0,0,0,0
escrow_setup_failed,1,1,0,0,1,1,0,0,260890552670250,0,0,0,0,0,0,0,0,0,0,0,0,0,0,"injected mandatory SourceEscrow allocation failure",0,0,0,0,0,0,0,0,0,0,0,0
escrow_setup_failed,1,1,0,0,1,1,0,0,260890585384791,0,0,0,0,0,0,0,0,0,0,0,0,0,0,"injected mandatory SourceEscrow allocation failure",0,0,0,0,0,0,0,0,0,0,0,0
escrow_setup_failed,1,1,0,0,1,1,0,0,260890618692833,0,0,0,0,0,0,0,0,0,0,0,0,0,0,"injected mandatory SourceEscrow allocation failure",0,0,0,0,0,0,0,0,0,0,0,0
escrow_setup_failed,1,1,0,0,1,1,0,0,260890652594666,0,0,0,0,0,0,0,0,0,0,0,0,0,0,"injected mandatory SourceEscrow allocation failure",0,0,0,0,0,0,0,0,0,0,0,0
escrow_setup_failed,1,1,0,0,1,1,0,0,260890685303500,0,0,0,0,0,0,0,0,0,0,0,0,0,0,"injected mandatory SourceEscrow allocation failure",0,0,0,0,0,0,0,0,0,0,0,0
escrow_setup_failed,1,1,0,0,1,1,0,0,260890718960083,0,0,0,0,0,0,0,0,0,0,0,0,0,0,"injected mandatory SourceEscrow allocation failure",0,0,0,0,0,0,0,0,0,0,0,0
escrow_setup_failed,1,1,0,0,1,1,0,0,260890752775541,0,0,0,0,0,0,0,0,0,0,0,0,0,0,"injected mandatory SourceEscrow allocation failure",0,0,0,0,0,0,0,0,0,0,0,0
escrow_setup_failed,1,1,0,0,1,1,0,0,260890785150291,0,0,0,0,0,0,0,0,0,0,0,0,0,0,"injected mandatory SourceEscrow allocation failure",0,0,0,0,0,0,0,0,0,0,0,0
escrow_setup_failed,1,1,0,0,1,1,0,0,260890818922208,0,0,0,0,0,0,0,0,0,0,0,0,0,0,"injected mandatory SourceEscrow allocation failure",0,0,0,0,0,0,0,0,0,0,0,0
escrow_setup_failed,1,1,0,0,1,1,0,0,260890851778708,0,0,0,0,0,0,0,0,0,0,0,0,0,0,"injected mandatory SourceEscrow allocation failure",0,0,0,0,0,0,0,0,0,0,0,0
escrow_setup_failed,1,1,0,0,1,1,0,0,260890885512916,0,0,0,0,0,0,0,0,0,0,0,0,0,0,"injected mandatory SourceEscrow allocation failure",0,0,0,0,0,0,0,0,0,0,0,0
escrow_setup_failed,1,1,0,0,1,1,0,0,260890918449583,0,0,0,0,0,0,0,0,0,0,0,0,0,0,"injected mandatory SourceEscrow allocation failure",0,0,0,0,0,0,0,0,0,0,0,0
escrow_setup_failed,1,1,0,0,1,1,0,0,260890952102125,0,0,0,0,0,0,0,0,0,0,0,0,0,0,"injected mandatory SourceEscrow allocation failure",0,0,0,0,0,0,0,0,0,0,0,0
escrow_setup_failed,1,1,0,0,1,1,0,0,260890985027208,0,0,0,0,0,0,0,0,0,0,0,0,0,0,"injected mandatory SourceEscrow allocation failure",0,0,0,0,0,0,0,0,0,0,0,0
escrow_setup_failed,1,1,0,0,1,1,0,0,260891019257208,0,0,0,0,0,0,0,0,0,0,0,0,0,0,"injected mandatory SourceEscrow allocation failure",0,0,0,0,0,0,0,0,0,0,0,0
escrow_setup_failed,1,1,0,0,1,1,0,0,260891052422208,0,0,0,0,0,0,0,0,0,0,0,0,0,0,"injected mandatory SourceEscrow allocation failure",0,0,0,0,0,0,0,0,0,0,0,0
escrow_setup_failed,1,1,0,0,1,1,0,0,260891085015541,0,0,0,0,0,0,0,0,0,0,0,0,0,0,"injected mandatory SourceEscrow allocation failure",0,0,0,0,0,0,0,0,0,0,0,0
escrow_setup_failed,1,1,0,0,1,1,0,0,260891118350333,0,0,0,0,0,0,0,0,0,0,0,0,0,0,"injected mandatory SourceEscrow allocation failure",0,0,0,0,0,0,0,0,0,0,0,0
escrow_setup_failed,1,1,0,0,1,1,0,0,260891152561000,0,0,0,0,0,0,0,0,0,0,0,0,0,0,"injected mandatory SourceEscrow allocation failure",0,0,0,0,0,0,0,0,0,0,0,0
escrow_setup_failed,1,1,0,0,1,1,0,0,260891185788583,0,0,0,0,0,0,0,0,0,0,0,0,0,0,"injected mandatory SourceEscrow allocation failure",0,0,0,0,0,0,0,0,0,0,0,0
escrow_setup_failed,1,1,0,0,1,1,0,0,260891218909875,0,0,0,0,0,0,0,0,0,0,0,0,0,0,"injected mandatory SourceEscrow allocation failure",0,0,0,0,0,0,0,0,0,0,0,0
escrow_setup_failed,1,1,0,0,1,1,0,0,260891251695500,0,0,0,0,0,0,0,0,0,0,0,0,0,0,"injected mandatory SourceEscrow allocation failure",0,0,0,0,0,0,0,0,0,0,0,0
escrow_setup_failed,1,1,0,0,1,1,0,0,260891285151375,0,0,0,0,0,0,0,0,0,0,0,0,0,0,"injected mandatory SourceEscrow allocation failure",0,0,0,0,0,0,0,0,0,0,0,0
escrow_setup_failed,1,1,0,0,1,1,0,0,260891318836583,0,0,0,0,0,0,0,0,0,0,0,0,0,0,"injected mandatory SourceEscrow allocation failure",0,0,0,0,0,0,0,0,0,0,0,0
escrow_setup_failed,1,1,0,0,1,1,0,0,260891351784958,0,0,0,0,0,0,0,0,0,0,0,0,0,0,"injected mandatory SourceEscrow allocation failure",0,0,0,0,0,0,0,0,0,0,0,0
escrow_setup_failed,1,1,0,0,1,1,0,0,260891385100750,0,0,0,0,0,0,0,0,0,0,0,0,0,0,"injected mandatory SourceEscrow allocation failure",0,0,0,0,0,0,0,0,0,0,0,0
escrow_setup_failed,1,1,0,0,1,1,0,0,260891418807750,0,0,0,0,0,0,0,0,0,0,0,0,0,0,"injected mandatory SourceEscrow allocation failure",0,0,0,0,0,0,0,0,0,0,0,0
escrow_setup_failed,1,1,0,0,1,1,0,0,260891451769000,0,0,0,0,0,0,0,0,0,0,0,0,0,0,"injected mandatory SourceEscrow allocation failure",0,0,0,0,0,0,0,0,0,0,0,0
escrow_setup_failed,1,1,0,0,1,1,0,0,260891485517583,0,0,0,0,0,0,0,0,0,0,0,0,0,0,"injected mandatory SourceEscrow allocation failure",0,0,0,0,0,0,0,0,0,0,0,0
escrow_setup_failed,1,1,0,0,1,1,0,0,260891519344208,0,0,0,0,0,0,0,0,0,0,0,0,0,0,"injected mandatory SourceEscrow allocation failure",0,0,0,0,0,0,0,0,0,0,0,0
escrow_setup_failed,1,1,0,0,1,1,0,0,260891552051250,0,0,0,0,0,0,0,0,0,0,0,0,0,0,"injected mandatory SourceEscrow allocation failure",0,0,0,0,0,0,0,0,0,0,0,0
escrow_setup_failed,1,1,0,0,1,1,0,0,260891585345541,0,0,0,0,0,0,0,0,0,0,0,0,0,0,"injected mandatory SourceEscrow allocation failure",0,0,0,0,0,0,0,0,0,0,0,0
escrow_setup_failed,1,1,0,0,1,1,0,0,260891619050708,0,0,0,0,0,0,0,0,0,0,0,0,0,0,"injected mandatory SourceEscrow allocation failure",0,0,0,0,0,0,0,0,0,0,0,0
escrow_setup_failed,1,1,0,0,1,1,0,0,260891652444625,0,0,0,0,0,0,0,0,0,0,0,0,0,0,"injected mandatory SourceEscrow allocation failure",0,0,0,0,0,0,0,0,0,0,0,0
escrow_setup_failed,1,1,0,0,1,1,0,0,260891685801625,0,0,0,0,0,0,0,0,0,0,0,0,0,0,"injected mandatory SourceEscrow allocation failure",0,0,0,0,0,0,0,0,0,0,0,0
escrow_setup_failed,1,1,0,0,1,1,0,0,260891719341125,0,0,0,0,0,0,0,0,0,0,0,0,0,0,"injected mandatory SourceEscrow allocation failure",0,0,0,0,0,0,0,0,0,0,0,0
escrow_setup_failed,1,1,0,0,1,1,0,0,260891751964875,0,0,0,0,0,0,0,0,0,0,0,0,0,0,"injected mandatory SourceEscrow allocation failure",0,0,0,0,0,0,0,0,0,0,0,0
escrow_setup_failed,1,1,0,0,1,1,0,0,260891785163541,0,0,0,0,0,0,0,0,0,0,0,0,0,0,"injected mandatory SourceEscrow allocation failure",0,0,0,0,0,0,0,0,0,0,0,0
escrow_setup_failed,1,1,0,0,1,1,0,0,260891819060333,0,0,0,0,0,0,0,0,0,0,0,0,0,0,"injected mandatory SourceEscrow allocation failure",0,0,0,0,0,0,0,0,0,0,0,0
escrow_setup_failed,1,1,0,0,1,1,0,0,260891852773041,0,0,0,0,0,0,0,0,0,0,0,0,0,0,"injected mandatory SourceEscrow allocation failure",0,0,0,0,0,0,0,0,0,0,0,0
escrow_setup_failed,1,1,0,0,1,1,0,0,260891885449666,0,0,0,0,0,0,0,0,0,0,0,0,0,0,"injected mandatory SourceEscrow allocation failure",0,0,0,0,0,0,0,0,0,0,0,0
escrow_setup_failed,1,1,0,0,1,1,0,0,260891919371208,0,0,0,0,0,0,0,0,0,0,0,0,0,0,"injected mandatory SourceEscrow allocation failure",0,0,0,0,0,0,0,0,0,0,0,0
escrow_setup_failed,1,1,0,0,1,1,0,0,260891952051375,0,0,0,0,0,0,0,0,0,0,0,0,0,0,"injected mandatory SourceEscrow allocation failure",0,0,0,0,0,0,0,0,0,0,0,0
escrow_setup_failed,1,1,0,0,1,1,0,0,260891985109750,0,0,0,0,0,0,0,0,0,0,0,0,0,0,"injected mandatory SourceEscrow allocation failure",0,0,0,0,0,0,0,0,0,0,0,0
escrow_setup_failed,1,1,0,0,1,1,0,0,260892018741458,0,0,0,0,0,0,0,0,0,0,0,0,0,0,"injected mandatory SourceEscrow allocation failure",0,0,0,0,0,0,0,0,0,0,0,0
escrow_setup_failed,1,1,0,0,1,1,0,0,260892051834416,0,0,0,0,0,0,0,0,0,0,0,0,0,0,"injected mandatory SourceEscrow allocation failure",0,0,0,0,0,0,0,0,0,0,0,0
escrow_setup_failed,1,1,0,0,1,1,0,0,260892085663791,0,0,0,0,0,0,0,0,0,0,0,0,0,0,"injected mandatory SourceEscrow allocation failure",0,0,0,0,0,0,0,0,0,0,0,0
escrow_setup_failed,1,1,0,0,1,1,0,0,260892119341500,0,0,0,0,0,0,0,0,0,0,0,0,0,0,"injected mandatory SourceEscrow allocation failure",0,0,0,0,0,0,0,0,0,0,0,0
escrow_setup_failed,1,1,0,0,1,1,0,0,260892152074916,0,0,0,0,0,0,0,0,0,0,0,0,0,0,"injected mandatory SourceEscrow allocation failure",0,0,0,0,0,0,0,0,0,0,0,0
escrow_setup_failed,1,1,0,0,1,1,0,0,260892185840833,0,0,0,0,0,0,0,0,0,0,0,0,0,0,"injected mandatory SourceEscrow allocation failure",0,0,0,0,0,0,0,0,0,0,0,0
escrow_setup_failed,1,1,0,0,1,1,0,0,260892218676666,0,0,0,0,0,0,0,0,0,0,0,0,0,0,"injected mandatory SourceEscrow allocation failure",0,0,0,0,0,0,0,0,0,0,0,0
escrow_setup_failed,1,1,0,0,1,1,0,0,260892252410541,0,0,0,0,0,0,0,0,0,0,0,0,0,0,"injected mandatory SourceEscrow allocation failure",0,0,0,0,0,0,0,0,0,0,0,0
escrow_setup_failed,1,1,0,0,1,1,0,0,260892286292458,0,0,0,0,0,0,0,0,0,0,0,0,0,0,"injected mandatory SourceEscrow allocation failure",0,0,0,0,0,0,0,0,0,0,0,0
escrow_setup_failed,1,1,0,0,1,1,0,0,260892318502958,0,0,0,0,0,0,0,0,0,0,0,0,0,0,"injected mandatory SourceEscrow allocation failure",0,0,0,0,0,0,0,0,0,0,0,0
escrow_setup_failed,1,1,0,0,1,1,0,0,260892351776333,0,0,0,0,0,0,0,0,0,0,0,0,0,0,"injected mandatory SourceEscrow allocation failure",0,0,0,0,0,0,0,0,0,0,0,0
escrow_setup_failed,1,1,0,0,1,1,0,0,260892385505833,0,0,0,0,0,0,0,0,0,0,0,0,0,0,"injected mandatory SourceEscrow allocation failure",0,0,0,0,0,0,0,0,0,0,0,0
escrow_setup_failed,1,1,0,0,1,1,0,0,260892419206250,0,0,0,0,0,0,0,0,0,0,0,0,0,0,"injected mandatory SourceEscrow allocation failure",0,0,0,0,0,0,0,0,0,0,0,0
escrow_setup_failed,1,1,0,0,1,1,0,0,260892451955583,0,0,0,0,0,0,0,0,0,0,0,0,0,0,"injected mandatory SourceEscrow allocation failure",0,0,0,0,0,0,0,0,0,0,0,0
escrow_setup_failed,1,1,0,0,1,1,0,0,260892485110166,0,0,0,0,0,0,0,0,0,0,0,0,0,0,"injected mandatory SourceEscrow allocation failure",0,0,0,0,0,0,0,0,0,0,0,0
escrow_setup_failed,1,1,0,0,1,1,0,0,260892518932416,0,0,0,0,0,0,0,0,0,0,0,0,0,0,"injected mandatory SourceEscrow allocation failure",0,0,0,0,0,0,0,0,0,0,0,0
escrow_setup_failed,1,1,0,0,1,1,0,0,260892551844750,0,0,0,0,0,0,0,0,0,0,0,0,0,0,"injected mandatory SourceEscrow allocation failure",0,0,0,0,0,0,0,0,0,0,0,0
escrow_setup_failed,1,1,0,0,1,1,0,0,260892585581916,0,0,0,0,0,0,0,0,0,0,0,0,0,0,"injected mandatory SourceEscrow allocation failure",0,0,0,0,0,0,0,0,0,0,0,0
escrow_setup_failed,1,1,0,0,1,1,0,0,260892619337833,0,0,0,0,0,0,0,0,0,0,0,0,0,0,"injected mandatory SourceEscrow allocation failure",0,0,0,0,0,0,0,0,0,0,0,0
escrow_setup_failed,1,1,0,0,1,1,0,0,260892652051333,0,0,0,0,0,0,0,0,0,0,0,0,0,0,"injected mandatory SourceEscrow allocation failure",0,0,0,0,0,0,0,0,0,0,0,0
escrow_setup_failed,1,1,0,0,1,1,0,0,260892685919083,0,0,0,0,0,0,0,0,0,0,0,0,0,0,"injected mandatory SourceEscrow allocation failure",0,0,0,0,0,0,0,0,0,0,0,0
escrow_setup_failed,1,1,0,0,1,1,0,0,260892718431000,0,0,0,0,0,0,0,0,0,0,0,0,0,0,"injected mandatory SourceEscrow allocation failure",0,0,0,0,0,0,0,0,0,0,0,0
escrow_setup_failed,1,1,0,0,1,1,0,0,260892752169958,0,0,0,0,0,0,0,0,0,0,0,0,0,0,"injected mandatory SourceEscrow allocation failure",0,0,0,0,0,0,0,0,0,0,0,0
escrow_setup_failed,1,1,0,0,1,1,0,0,260892785861208,0,0,0,0,0,0,0,0,0,0,0,0,0,0,"injected mandatory SourceEscrow allocation failure",0,0,0,0,0,0,0,0,0,0,0,0
escrow_setup_failed,1,1,0,0,1,1,0,0,260892818644375,0,0,0,0,0,0,0,0,0,0,0,0,0,0,"injected mandatory SourceEscrow allocation failure",0,0,0,0,0,0,0,0,0,0,0,0
escrow_setup_failed,1,1,0,0,1,1,0,0,260892852388291,0,0,0,0,0,0,0,0,0,0,0,0,0,0,"injected mandatory SourceEscrow allocation failure",0,0,0,0,0,0,0,0,0,0,0,0
escrow_setup_failed,1,1,0,0,1,1,0,0,260892886074875,0,0,0,0,0,0,0,0,0,0,0,0,0,0,"injected mandatory SourceEscrow allocation failure",0,0,0,0,0,0,0,0,0,0,0,0
escrow_setup_failed,1,1,0,0,1,1,0,0,260892938489875,0,0,0,0,0,0,0,0,0,0,0,0,0,0,"injected mandatory SourceEscrow allocation failure",0,0,0,0,0,0,0,0,0,0,0,0
escrow_setup_failed,1,1,0,0,1,1,0,0,260892952375041,0,0,0,0,0,0,0,0,0,0,0,0,0,0,"injected mandatory SourceEscrow allocation failure",0,0,0,0,0,0,0,0,0,0,0,0
escrow_setup_failed,1,1,0,0,1,1,0,0,260892985590541,0,0,0,0,0,0,0,0,0,0,0,0,0,0,"injected mandatory SourceEscrow allocation failure",0,0,0,0,0,0,0,0,0,0,0,0
escrow_setup_failed,1,1,0,0,1,1,0,0,260893018893833,0,0,0,0,0,0,0,0,0,0,0,0,0,0,"injected mandatory SourceEscrow allocation failure",0,0,0,0,0,0,0,0,0,0,0,0
escrow_setup_failed,1,1,0,0,1,1,0,0,260893052426625,0,0,0,0,0,0,0,0,0,0,0,0,0,0,"injected mandatory SourceEscrow allocation failure",0,0,0,0,0,0,0,0,0,0,0,0
escrow_setup_failed,1,1,0,0,1,1,0,0,260893085095333,0,0,0,0,0,0,0,0,0,0,0,0,0,0,"injected mandatory SourceEscrow allocation failure",0,0,0,0,0,0,0,0,0,0,0,0
escrow_setup_failed,1,1,0,0,1,1,0,0,260893118426708,0,0,0,0,0,0,0,0,0,0,0,0,0,0,"injected mandatory SourceEscrow allocation failure",0,0,0,0,0,0,0,0,0,0,0,0
escrow_setup_failed,1,1,0,0,1,1,0,0,260893152120708,0,0,0,0,0,0,0,0,0,0,0,0,0,0,"injected mandatory SourceEscrow allocation failure",0,0,0,0,0,0,0,0,0,0,0,0
escrow_setup_failed,1,1,0,0,1,1,0,0,260893185778666,0,0,0,0,0,0,0,0,0,0,0,0,0,0,"injected mandatory SourceEscrow allocation failure",0,0,0,0,0,0,0,0,0,0,0,0
escrow_setup_failed,1,1,0,0,1,1,0,0,260893219271250,0,0,0,0,0,0,0,0,0,0,0,0,0,0,"injected mandatory SourceEscrow allocation failure",0,0,0,0,0,0,0,0,0,0,0,0
escrow_setup_failed,1,1,0,0,1,1,0,0,260893251758208,0,0,0,0,0,0,0,0,0,0,0,0,0,0,"injected mandatory SourceEscrow allocation failure",0,0,0,0,0,0,0,0,0,0,0,0
escrow_setup_failed,1,1,0,0,1,1,0,0,260893285112166,0,0,0,0,0,0,0,0,0,0,0,0,0,0,"injected mandatory SourceEscrow allocation failure",0,0,0,0,0,0,0,0,0,0,0,0
escrow_setup_failed,1,1,0,0,1,1,0,0,260893318789791,0,0,0,0,0,0,0,0,0,0,0,0,0,0,"injected mandatory SourceEscrow allocation failure",0,0,0,0,0,0,0,0,0,0,0,0
escrow_setup_failed,1,1,0,0,1,1,0,0,260893352553750,0,0,0,0,0,0,0,0,0,0,0,0,0,0,"injected mandatory SourceEscrow allocation failure",0,0,0,0,0,0,0,0,0,0,0,0
escrow_setup_failed,1,1,0,0,1,1,0,0,260893385338083,0,0,0,0,0,0,0,0,0,0,0,0,0,0,"injected mandatory SourceEscrow allocation failure",0,0,0,0,0,0,0,0,0,0,0,0
escrow_setup_failed,1,1,0,0,1,1,0,0,260893419189000,0,0,0,0,0,0,0,0,0,0,0,0,0,0,"injected mandatory SourceEscrow allocation failure",0,0,0,0,0,0,0,0,0,0,0,0
escrow_setup_failed,1,1,0,0,1,1,0,0,260893451889208,0,0,0,0,0,0,0,0,0,0,0,0,0,0,"injected mandatory SourceEscrow allocation failure",0,0,0,0,0,0,0,0,0,0,0,0
escrow_setup_failed,1,1,0,0,1,1,0,0,260893485566041,0,0,0,0,0,0,0,0,0,0,0,0,0,0,"injected mandatory SourceEscrow allocation failure",0,0,0,0,0,0,0,0,0,0,0,0
escrow_setup_failed,1,1,0,0,1,1,0,0,260893519268041,0,0,0,0,0,0,0,0,0,0,0,0,0,0,"injected mandatory SourceEscrow allocation failure",0,0,0,0,0,0,0,0,0,0,0,0
escrow_setup_failed,1,1,0,0,1,1,0,0,260893551915666,0,0,0,0,0,0,0,0,0,0,0,0,0,0,"injected mandatory SourceEscrow allocation failure",0,0,0,0,0,0,0,0,0,0,0,0
escrow_setup_failed,1,1,0,0,1,1,0,0,260893585552125,0,0,0,0,0,0,0,0,0,0,0,0,0,0,"injected mandatory SourceEscrow allocation failure",0,0,0,0,0,0,0,0,0,0,0,0
escrow_setup_failed,1,1,0,0,1,1,0,0,260893619169166,0,0,0,0,0,0,0,0,0,0,0,0,0,0,"injected mandatory SourceEscrow allocation failure",0,0,0,0,0,0,0,0,0,0,0,0
escrow_setup_failed,1,1,0,0,1,1,0,0,260893651742250,0,0,0,0,0,0,0,0,0,0,0,0,0,0,"injected mandatory SourceEscrow allocation failure",0,0,0,0,0,0,0,0,0,0,0,0
escrow_setup_failed,1,1,0,0,1,1,0,0,260893685343166,0,0,0,0,0,0,0,0,0,0,0,0,0,0,"injected mandatory SourceEscrow allocation failure",0,0,0,0,0,0,0,0,0,0,0,0
escrow_setup_failed,1,1,0,0,1,1,0,0,260893719011375,0,0,0,0,0,0,0,0,0,0,0,0,0,0,"injected mandatory SourceEscrow allocation failure",0,0,0,0,0,0,0,0,0,0,0,0
escrow_setup_failed,1,1,0,0,1,1,0,0,260893752577833,0,0,0,0,0,0,0,0,0,0,0,0,0,0,"injected mandatory SourceEscrow allocation failure",0,0,0,0,0,0,0,0,0,0,0,0
escrow_setup_failed,1,1,0,0,1,1,0,0,260893786028250,0,0,0,0,0,0,0,0,0,0,0,0,0,0,"injected mandatory SourceEscrow allocation failure",0,0,0,0,0,0,0,0,0,0,0,0
escrow_setup_failed,1,1,0,0,1,1,0,0,260893818426125,0,0,0,0,0,0,0,0,0,0,0,0,0,0,"injected mandatory SourceEscrow allocation failure",0,0,0,0,0,0,0,0,0,0,0,0
escrow_setup_failed,1,1,0,0,1,1,0,0,260893852180875,0,0,0,0,0,0,0,0,0,0,0,0,0,0,"injected mandatory SourceEscrow allocation failure",0,0,0,0,0,0,0,0,0,0,0,0
escrow_setup_failed,1,1,0,0,1,1,0,0,260893885148916,0,0,0,0,0,0,0,0,0,0,0,0,0,0,"injected mandatory SourceEscrow allocation failure",0,0,0,0,0,0,0,0,0,0,0,0
escrow_setup_failed,1,1,0,0,1,1,0,0,260893918972416,0,0,0,0,0,0,0,0,0,0,0,0,0,0,"injected mandatory SourceEscrow allocation failure",0,0,0,0,0,0,0,0,0,0,0,0
escrow_setup_failed,1,1,0,0,1,1,0,0,260893951811958,0,0,0,0,0,0,0,0,0,0,0,0,0,0,"injected mandatory SourceEscrow allocation failure",0,0,0,0,0,0,0,0,0,0,0,0
escrow_setup_failed,1,1,0,0,1,1,0,0,260893985726291,0,0,0,0,0,0,0,0,0,0,0,0,0,0,"injected mandatory SourceEscrow allocation failure",0,0,0,0,0,0,0,0,0,0,0,0
escrow_setup_failed,1,1,0,0,1,1,0,0,260894019371958,0,0,0,0,0,0,0,0,0,0,0,0,0,0,"injected mandatory SourceEscrow allocation failure",0,0,0,0,0,0,0,0,0,0,0,0
escrow_setup_failed,1,1,0,0,1,1,0,0,260894051810166,0,0,0,0,0,0,0,0,0,0,0,0,0,0,"injected mandatory SourceEscrow allocation failure",0,0,0,0,0,0,0,0,0,0,0,0
escrow_setup_failed,1,1,0,0,1,1,0,0,260894085521916,0,0,0,0,0,0,0,0,0,0,0,0,0,0,"injected mandatory SourceEscrow allocation failure",0,0,0,0,0,0,0,0,0,0,0,0
escrow_setup_failed,1,1,0,0,1,1,0,0,260894119140375,0,0,0,0,0,0,0,0,0,0,0,0,0,0,"injected mandatory SourceEscrow allocation failure",0,0,0,0,0,0,0,0,0,0,0,0
escrow_setup_failed,1,1,0,0,1,1,0,0,260894151896083,0,0,0,0,0,0,0,0,0,0,0,0,0,0,"injected mandatory SourceEscrow allocation failure",0,0,0,0,0,0,0,0,0,0,0,0
escrow_setup_failed,1,1,0,0,1,1,0,0,260894185151958,0,0,0,0,0,0,0,0,0,0,0,0,0,0,"injected mandatory SourceEscrow allocation failure",0,0,0,0,0,0,0,0,0,0,0,0
escrow_setup_failed,1,1,0,0,1,1,0,0,260894218827958,0,0,0,0,0,0,0,0,0,0,0,0,0,0,"injected mandatory SourceEscrow allocation failure",0,0,0,0,0,0,0,0,0,0,0,0
escrow_setup_failed,1,1,0,0,1,1,0,0,260894252523750,0,0,0,0,0,0,0,0,0,0,0,0,0,0,"injected mandatory SourceEscrow allocation failure",0,0,0,0,0,0,0,0,0,0,0,0
escrow_setup_failed,1,1,0,0,1,1,0,0,260894285393000,0,0,0,0,0,0,0,0,0,0,0,0,0,0,"injected mandatory SourceEscrow allocation failure",0,0,0,0,0,0,0,0,0,0,0,0
escrow_setup_failed,1,1,0,0,1,1,0,0,260894319140833,0,0,0,0,0,0,0,0,0,0,0,0,0,0,"injected mandatory SourceEscrow allocation failure",0,0,0,0,0,0,0,0,0,0,0,0
escrow_setup_failed,1,1,0,0,1,1,0,0,260894351869625,0,0,0,0,0,0,0,0,0,0,0,0,0,0,"injected mandatory SourceEscrow allocation failure",0,0,0,0,0,0,0,0,0,0,0,0
escrow_setup_failed,1,1,0,0,1,1,0,0,260894385693916,0,0,0,0,0,0,0,0,0,0,0,0,0,0,"injected mandatory SourceEscrow allocation failure",0,0,0,0,0,0,0,0,0,0,0,0
escrow_setup_failed,1,1,0,0,1,1,0,0,260894419395375,0,0,0,0,0,0,0,0,0,0,0,0,0,0,"injected mandatory SourceEscrow allocation failure",0,0,0,0,0,0,0,0,0,0,0,0
escrow_setup_failed,1,1,0,0,1,1,0,0,260894452047041,0,0,0,0,0,0,0,0,0,0,0,0,0,0,"injected mandatory SourceEscrow allocation failure",0,0,0,0,0,0,0,0,0,0,0,0
escrow_setup_failed,1,1,0,0,1,1,0,0,260894485087583,0,0,0,0,0,0,0,0,0,0,0,0,0,0,"injected mandatory SourceEscrow allocation failure",0,0,0,0,0,0,0,0,0,0,0,0
escrow_setup_failed,1,1,0,0,1,1,0,0,260894518786541,0,0,0,0,0,0,0,0,0,0,0,0,0,0,"injected mandatory SourceEscrow allocation failure",0,0,0,0,0,0,0,0,0,0,0,0
escrow_setup_failed,1,1,0,0,1,1,0,0,260894552516791,0,0,0,0,0,0,0,0,0,0,0,0,0,0,"injected mandatory SourceEscrow allocation failure",0,0,0,0,0,0,0,0,0,0,0,0
escrow_setup_failed,1,1,0,0,1,1,0,0,260894585092000,0,0,0,0,0,0,0,0,0,0,0,0,0,0,"injected mandatory SourceEscrow allocation failure",0,0,0,0,0,0,0,0,0,0,0,0
escrow_setup_failed,1,1,0,0,1,1,0,0,260894618781416,0,0,0,0,0,0,0,0,0,0,0,0,0,0,"injected mandatory SourceEscrow allocation failure",0,0,0,0,0,0,0,0,0,0,0,0
escrow_setup_failed,1,1,0,0,1,1,0,0,260894652208750,0,0,0,0,0,0,0,0,0,0,0,0,0,0,"injected mandatory SourceEscrow allocation failure",0,0,0,0,0,0,0,0,0,0,0,0
escrow_setup_failed,1,1,0,0,1,1,0,0,260894685836000,0,0,0,0,0,0,0,0,0,0,0,0,0,0,"injected mandatory SourceEscrow allocation failure",0,0,0,0,0,0,0,0,0,0,0,0
escrow_setup_failed,1,1,0,0,1,1,0,0,260894718425583,0,0,0,0,0,0,0,0,0,0,0,0,0,0,"injected mandatory SourceEscrow allocation failure",0,0,0,0,0,0,0,0,0,0,0,0
escrow_setup_failed,1,1,0,0,1,1,0,0,260894752068916,0,0,0,0,0,0,0,0,0,0,0,0,0,0,"injected mandatory SourceEscrow allocation failure",0,0,0,0,0,0,0,0,0,0,0,0
escrow_setup_failed,1,1,0,0,1,1,0,0,260894785740500,0,0,0,0,0,0,0,0,0,0,0,0,0,0,"injected mandatory SourceEscrow allocation failure",0,0,0,0,0,0,0,0,0,0,0,0
escrow_setup_failed,1,1,0,0,1,1,0,0,260894819402583,0,0,0,0,0,0,0,0,0,0,0,0,0,0,"injected mandatory SourceEscrow allocation failure",0,0,0,0,0,0,0,0,0,0,0,0
escrow_setup_failed,1,1,0,0,1,1,0,0,260894851766291,0,0,0,0,0,0,0,0,0,0,0,0,0,0,"injected mandatory SourceEscrow allocation failure",0,0,0,0,0,0,0,0,0,0,0,0
escrow_setup_failed,1,1,0,0,1,1,0,0,260894885469833,0,0,0,0,0,0,0,0,0,0,0,0,0,0,"injected mandatory SourceEscrow allocation failure",0,0,0,0,0,0,0,0,0,0,0,0
escrow_setup_failed,1,1,0,0,1,1,0,0,260894919158958,0,0,0,0,0,0,0,0,0,0,0,0,0,0,"injected mandatory SourceEscrow allocation failure",0,0,0,0,0,0,0,0,0,0,0,0
layer_owner_draining,1,1,0,0,0,0,0,0,0,0,0,0,0,0,0,0,0,0,0,0,0,0,0,"generation stopped; display worker drains accepted real sources before callbacks stop",0,0,0,0,0,0,0,0,0,0,0,0
generation_submissions_drained,1,1,0,0,0,0,0,0,0,0,0,0,0,0,0,0,0,0,0,0,0,0,0,"no synthetic generation submission remains in flight",0,0,0,0,0,0,0,0,0,0,0,0
presentation_feedback_drained,1,1,0,0,0,0,0,0,0,0,0,0,0,0,0,0,0,0,0,0,0,0,0,"all accepted sources are terminal and drawable/GPU callbacks retired",0,0,0,0,0,0,0,0,0,0,0,0
display_callbacks_stopped,1,1,0,0,0,0,0,0,0,0,0,0,0,0,0,0,0,0,0,0,0,0,0,"display-link invalidated after in-flight delegate callbacks returned",0,0,0,0,0,0,0,0,0,0,0,0
worker_drawables_retired,1,1,0,0,0,0,0,0,0,0,0,0,0,0,0,0,0,0,0,0,0,0,0,"no presentation worker tick retains a callback-owned drawable",0,0,0,0,0,0,0,0,0,0,0,0
synthetic_gpu_work_drained,1,1,0,0,0,0,0,0,0,0,0,0,0,0,0,0,0,0,0,0,0,0,0,"all synthetic Framegen GPU completions retired before resource release",0,0,0,0,0,0,0,0,0,0,0,0
epoch_reset,1,2,0,0,0,0,0,0,0,0,0,0,0,0,0,0,0,0,0,0,0,0,0,"2",0,0,0,0,0,0,0,0,0,0,0,0
layer_owner_released,1,2,0,0,0,0,0,0,0,0,0,0,0,0,0,0,0,0,0,0,0,0,0,"callbacks, worker drawables, DXMT presentation, SourceEscrow, and synthetic GPU work retired",0,0,0,0,0,0,0,0,0,0,0,0
