event,seq,count_hr,count,stats_hr,stats_present,stats_refresh,sync_refresh,sync_qpc,wait,index,buffer_identity,device_removed
setup,0,00000000,00000000000000ac,00000000,00000000,1
observe,1,00000000,1,887a000b,0,31395889,31395889,0,0,0,00000000008c97b0,00000000
observe,2,00000000,2,00000000,1,31395889,31395891,5232648126593,0,0,00000000008c97b0,00000000
observe,3,00000000,3,00000000,2,31395891,31395896,5232648511483,0,0,00000000008c97b0,00000000
observe,4,00000000,4,00000000,3,31395896,31395900,5232649260247,0,0,00000000008c97b0,00000000
observe,5,00000000,5,00000000,4,31395900,31395904,5232649933670,0,0,00000000008c97b0,00000000
observe,6,00000000,6,00000000,5,31395904,31395908,5232650598676,0,0,00000000008c97b0,00000000
observe,7,00000000,7,00000000,6,31395908,31395912,5232651274469,0,0,00000000008c97b0,00000000
observe,8,00000000,8,00000000,7,31395912,31395916,5232651945699,0,0,00000000008c97b0,00000000
observe,9,00000000,9,00000000,8,31395916,31395920,5232652606683,0,0,00000000008c97b0,00000000
observe,10,00000000,10,00000000,9,31395920,31395924,5232653251283,0,0,00000000008c97b0,00000000
observe,11,00000000,11,00000000,10,31395924,31395928,5232653925864,0,0,00000000008c97b0,00000000
observe,12,00000000,12,00000000,11,31395928,31395931,5232654575121,0,0,00000000008c97b0,00000000
observe,13,00000000,13,00000000,12,31395932,31395936,5232655213109,0,0,00000000008c97b0,00000000
observe,14,00000000,14,00000000,13,31395936,31395939,5232655931878,0,0,00000000008c97b0,00000000
observe,15,00000000,15,00000000,14,31395939,31395943,5232656539954,0,0,00000000008c97b0,00000000
observe,16,00000000,16,00000000,15,31395943,31395947,5232657195247,0,0,00000000008c97b0,00000000
observe,17,00000000,17,00000000,16,31395947,31395951,5232657873912,0,0,00000000008c97b0,00000000
observe,18,00000000,18,00000000,17,31395951,31395956,5232658520122,0,0,00000000008c97b0,00000000
observe,19,00000000,19,00000000,18,31395956,31395959,5232659242753,0,0,00000000008c97b0,00000000
observe,20,00000000,20,00000000,19,31395959,31395963,5232659843126,0,0,00000000008c97b0,00000000
observe,21,00000000,21,00000000,20,31395964,31395968,5232660556461,0,0,00000000008c97b0,00000000
observe,22,00000000,22,00000000,21,31395968,31395972,5232661284874,0,0,00000000008c97b0,00000000
observe,23,00000000,23,00000000,22,31395972,31395976,5232661937140,0,0,00000000008c97b0,00000000
observe,24,00000000,24,00000000,23,31395976,31395980,5232662617145,0,0,00000000008c97b0,00000000
observe,25,00000000,25,00000000,24,31395980,31395984,5232663252907,0,0,00000000008c97b0,00000000
observe,26,00000000,26,00000000,25,31395984,31395988,5232663908878,0,0,00000000008c97b0,00000000
observe,27,00000000,27,00000000,26,31395988,31395991,5232664616337,0,0,00000000008c97b0,00000000
observe,28,00000000,28,00000000,27,31395991,31395996,5232665187802,0,0,00000000008c97b0,00000000
observe,29,00000000,29,00000000,28,31395996,31396000,5232665942952,0,0,00000000008c97b0,00000000
observe,30,00000000,30,00000000,29,31396000,31396004,5232666624040,0,0,00000000008c97b0,00000000
observe,31,00000000,31,00000000,30,31396004,31396008,5232667248911,0,0,00000000008c97b0,00000000
observe,32,00000000,32,00000000,31,31396008,31396011,5232667905207,0,0,00000000008c97b0,00000000
observe,33,00000000,33,00000000,32,31396011,31396015,5232668525469,0,0,00000000008c97b0,00000000
observe,34,00000000,34,00000000,33,31396015,31396020,5232669191874,0,0,00000000008c97b0,00000000
observe,35,00000000,35,00000000,34,31396020,31396024,5232669948327,0,0,00000000008c97b0,00000000
observe,36,00000000,36,00000000,35,31396024,31396028,5232670615459,0,0,00000000008c97b0,00000000
observe,37,00000000,37,00000000,36,31396028,31396032,5232671251787,0,0,00000000008c97b0,00000000
observe,38,00000000,38,00000000,37,31396032,31396036,5232671913891,0,0,00000000008c97b0,00000000
observe,39,00000000,39,00000000,38,31396036,31396040,5232672602369,0,0,00000000008c97b0,00000000
observe,40,00000000,40,00000000,39,31396040,31396044,5232673254200,0,0,00000000008c97b0,00000000
observe,41,00000000,41,00000000,40,31396044,31396047,5232673902495,0,0,00000000008c97b0,00000000
observe,42,00000000,42,00000000,41,31396047,31396052,5232674539730,0,0,00000000008c97b0,00000000
observe,43,00000000,43,00000000,42,31396052,31396056,5232675264548,0,0,00000000008c97b0,00000000
observe,44,00000000,44,00000000,43,31396056,31396059,5232675893952,0,0,00000000008c97b0,00000000
observe,45,00000000,45,00000000,44,31396059,31396063,5232676521494,0,0,00000000008c97b0,00000000
observe,46,00000000,46,00000000,45,31396063,31396068,5232677194242,0,0,00000000008c97b0,00000000
observe,47,00000000,47,00000000,46,31396068,31396072,5232677934161,0,0,00000000008c97b0,00000000
observe,48,00000000,48,00000000,47,31396072,31396076,5232678585348,0,0,00000000008c97b0,00000000
observe,49,00000000,49,00000000,48,31396076,31396079,5232679271923,0,0,00000000008c97b0,00000000
observe,50,00000000,50,00000000,49,31396079,31396084,5232679856062,0,0,00000000008c97b0,00000000
observe,51,00000000,51,00000000,50,31396084,31396088,5232680587963,0,0,00000000008c97b0,00000000
observe,52,00000000,52,00000000,51,31396088,31396092,5232681274767,0,0,00000000008c97b0,00000000
observe,53,00000000,53,00000000,52,31396092,31396096,5232681942628,0,0,00000000008c97b0,00000000
observe,54,00000000,54,00000000,53,31396096,31396099,5232682608615,0,0,00000000008c97b0,00000000
observe,55,00000000,55,00000000,54,31396099,31396103,5232683204376,0,0,00000000008c97b0,00000000
observe,56,00000000,56,00000000,55,31396103,31396108,5232683855739,0,0,00000000008c97b0,00000000
observe,57,00000000,57,00000000,56,31396108,31396111,5232684599229,0,0,00000000008c97b0,00000000
observe,58,00000000,58,00000000,57,31396111,31396116,5232685191051,0,0,00000000008c97b0,00000000
observe,59,00000000,59,00000000,58,31396116,31396120,5232685921180,0,0,00000000008c97b0,00000000
observe,60,00000000,60,00000000,59,31396120,31396123,5232686609418,0,0,00000000008c97b0,00000000
observe,61,00000000,61,00000000,60,31396123,31396128,5232687193457,0,0,00000000008c97b0,00000000
observe,62,00000000,62,00000000,61,31396128,31396132,5232687946250,0,0,00000000008c97b0,00000000
observe,63,00000000,63,00000000,62,31396132,31396136,5232688591154,0,0,00000000008c97b0,00000000
observe,64,00000000,64,00000000,63,31396136,31396140,5232689227555,0,0,00000000008c97b0,00000000
observe,65,00000000,65,00000000,64,31396140,31396144,5232689910682,0,0,00000000008c97b0,00000000
observe,66,00000000,66,00000000,65,31396144,31396148,5232690588584,0,0,00000000008c97b0,00000000
observe,67,00000000,67,00000000,66,31396148,31396152,5232691253534,0,0,00000000008c97b0,00000000
observe,68,00000000,68,00000000,67,31396152,31396155,5232691942347,0,0,00000000008c97b0,00000000
observe,69,00000000,69,00000000,68,31396155,31396160,5232692525562,0,0,00000000008c97b0,00000000
observe,70,00000000,70,00000000,69,31396160,31396164,5232693248858,0,0,00000000008c97b0,00000000
observe,71,00000000,71,00000000,70,31396164,31396167,5232693921707,0,0,00000000008c97b0,00000000
observe,72,00000000,72,00000000,71,31396167,31396172,5232694522484,0,0,00000000008c97b0,00000000
observe,73,00000000,73,00000000,72,31396172,31396176,5232695251634,0,0,00000000008c97b0,00000000
observe,74,00000000,74,00000000,73,31396176,31396179,5232695939190,0,0,00000000008c97b0,00000000
observe,75,00000000,75,00000000,74,31396179,31396184,5232696519932,0,0,00000000008c97b0,00000000
observe,76,00000000,76,00000000,75,31396184,31396187,5232697283651,0,0,00000000008c97b0,00000000
observe,77,00000000,77,00000000,76,31396188,31396192,5232697877447,0,0,00000000008c97b0,00000000
observe,78,00000000,78,00000000,77,31396192,31396196,5232698607072,0,0,00000000008c97b0,00000000
observe,79,00000000,79,00000000,78,31396196,31396200,5232699276683,0,0,00000000008c97b0,00000000
observe,80,00000000,80,00000000,79,31396200,31396203,5232699892647,0,0,00000000008c97b0,00000000
observe,81,00000000,81,00000000,80,31396203,31396208,5232700521869,0,0,00000000008c97b0,00000000
observe,82,00000000,82,00000000,81,31396208,31396212,5232701267426,0,0,00000000008c97b0,00000000
observe,83,00000000,83,00000000,82,31396212,31396216,5232701939532,0,0,00000000008c97b0,00000000
observe,84,00000000,84,00000000,83,31396216,31396220,5232702609780,0,0,00000000008c97b0,00000000
observe,85,00000000,85,00000000,84,31396220,31396224,5232703261055,0,0,00000000008c97b0,00000000
observe,86,00000000,86,00000000,85,31396224,31396228,5232703944812,0,0,00000000008c97b0,00000000
observe,87,00000000,87,00000000,86,31396228,31396232,5232704610743,0,0,00000000008c97b0,00000000
observe,88,00000000,88,00000000,87,31396232,31396236,5232705247110,0,0,00000000008c97b0,00000000
observe,89,00000000,89,00000000,88,31396236,31396240,5232705945055,0,0,00000000008c97b0,00000000
observe,90,00000000,90,00000000,89,31396240,31396244,5232706600545,0,0,00000000008c97b0,00000000
observe,91,00000000,91,00000000,90,31396244,31396247,5232707253427,0,0,00000000008c97b0,00000000
observe,92,00000000,92,00000000,91,31396247,31396252,5232707864132,0,0,00000000008c97b0,00000000
observe,93,00000000,93,00000000,92,31396252,31396255,5232708607223,0,0,00000000008c97b0,00000000
observe,94,00000000,94,00000000,93,31396255,31396260,5232709190833,0,0,00000000008c97b0,00000000
observe,95,00000000,95,00000000,94,31396260,31396264,5232709921430,0,0,00000000008c97b0,00000000
observe,96,00000000,96,00000000,95,31396264,31396267,5232710607813,0,0,00000000008c97b0,00000000
observe,97,00000000,97,00000000,96,31396267,31396272,5232711186262,0,0,00000000008c97b0,00000000
observe,98,00000000,98,00000000,97,31396272,31396276,5232711910749,0,0,00000000008c97b0,00000000
observe,99,00000000,99,00000000,98,31396276,31396280,5232712607201,0,0,00000000008c97b0,00000000
observe,100,00000000,100,00000000,99,31396280,31396283,5232713232496,0,0,00000000008c97b0,00000000
observe,101,00000000,101,00000000,100,31396284,31396287,5232713879941,0,0,00000000008c97b0,00000000
observe,102,00000000,102,00000000,101,31396287,31396291,5232714522495,0,0,00000000008c97b0,00000000
observe,103,00000000,103,00000000,102,31396291,31396296,5232715189018,0,0,00000000008c97b0,00000000
observe,104,00000000,104,00000000,103,31396296,31396300,5232715925822,0,0,00000000008c97b0,00000000
observe,105,00000000,105,00000000,104,31396300,31396303,5232716576527,0,0,00000000008c97b0,00000000
observe,106,00000000,106,00000000,105,31396303,31396308,5232717187028,0,0,00000000008c97b0,00000000
observe,107,00000000,107,00000000,106,31396308,31396312,5232717927870,0,0,00000000008c97b0,00000000
observe,108,00000000,108,00000000,107,31396312,31396316,5232718614143,0,0,00000000008c97b0,00000000
observe,109,00000000,109,00000000,108,31396316,31396320,5232719269135,0,0,00000000008c97b0,00000000
observe,110,00000000,110,00000000,109,31396320,31396324,5232719940480,0,0,00000000008c97b0,00000000
observe,111,00000000,111,00000000,110,31396324,31396327,5232720605584,0,0,00000000008c97b0,00000000
observe,112,00000000,112,00000000,111,31396328,31396331,5232721213117,0,0,00000000008c97b0,00000000
observe,113,00000000,113,00000000,112,31396332,31396336,5232721890979,0,0,00000000008c97b0,00000000
observe,114,00000000,114,00000000,113,31396336,31396340,5232722608697,0,0,00000000008c97b0,00000000
observe,115,00000000,115,00000000,114,31396340,31396344,5232723245320,0,0,00000000008c97b0,00000000
observe,116,00000000,116,00000000,115,31396344,31396347,5232723902865,0,0,00000000008c97b0,00000000
observe,117,00000000,117,00000000,116,31396347,31396352,5232724533534,0,0,00000000008c97b0,00000000
observe,118,00000000,118,00000000,117,31396352,31396356,5232725273389,0,0,00000000008c97b0,00000000
observe,119,00000000,119,00000000,118,31396356,31396359,5232725899467,0,0,00000000008c97b0,00000000
observe,120,00000000,120,00000000,119,31396359,31396363,5232726541088,0,0,00000000008c97b0,00000000
observe,121,00000000,121,00000000,120,31396363,31396368,5232727187814,0,0,00000000008c97b0,00000000
observe,122,00000000,122,00000000,121,31396368,31396371,5232727945358,0,0,00000000008c97b0,00000000
observe,123,00000000,123,00000000,122,31396372,31396376,5232728547015,0,0,00000000008c97b0,00000000
observe,124,00000000,124,00000000,123,31396376,31396379,5232729226979,0,0,00000000008c97b0,00000000
observe,125,00000000,125,00000000,124,31396380,31396384,5232729880906,0,0,00000000008c97b0,00000000
observe,126,00000000,126,00000000,125,31396384,31396388,5232730578487,0,0,00000000008c97b0,00000000
observe,127,00000000,127,00000000,126,31396388,31396392,5232731253862,0,0,00000000008c97b0,00000000
observe,128,00000000,128,00000000,127,31396392,31396396,5232731893242,0,0,00000000008c97b0,00000000
observe,129,00000000,129,00000000,128,31396396,31396400,5232732609899,0,0,00000000008c97b0,00000000
observe,130,00000000,130,00000000,129,31396400,31396404,5232733247672,0,0,00000000008c97b0,00000000
observe,131,00000000,131,00000000,130,31396404,31396408,5232733928194,0,0,00000000008c97b0,00000000
observe,132,00000000,132,00000000,131,31396408,31396412,5232734607079,0,0,00000000008c97b0,00000000
observe,133,00000000,133,00000000,132,31396412,31396415,5232735278823,0,0,00000000008c97b0,00000000
observe,134,00000000,134,00000000,133,31396416,31396420,5232735876122,0,0,00000000008c97b0,00000000
observe,135,00000000,135,00000000,134,31396420,31396424,5232736587884,0,0,00000000008c97b0,00000000
observe,136,00000000,136,00000000,135,31396424,31396427,5232737226715,0,0,00000000008c97b0,00000000
observe,137,00000000,137,00000000,136,31396427,31396432,5232737860866,0,0,00000000008c97b0,00000000
observe,138,00000000,138,00000000,137,31396432,31396435,5232738579996,0,0,00000000008c97b0,00000000
observe,139,00000000,139,00000000,138,31396436,31396440,5232739214817,0,0,00000000008c97b0,00000000
observe,140,00000000,140,00000000,139,31396440,31396444,5232739917044,0,0,00000000008c97b0,00000000
observe,141,00000000,141,00000000,140,31396444,31396448,5232740601292,0,0,00000000008c97b0,00000000
observe,142,00000000,142,00000000,141,31396448,31396452,5232741285174,0,0,00000000008c97b0,00000000
observe,143,00000000,143,00000000,142,31396452,31396456,5232741938655,0,0,00000000008c97b0,00000000
observe,144,00000000,144,00000000,143,31396456,31396460,5232742606265,0,0,00000000008c97b0,00000000
observe,145,00000000,145,00000000,144,31396460,31396464,5232743264570,0,0,00000000008c97b0,00000000
observe,146,00000000,146,00000000,145,31396464,31396468,5232743939070,0,0,00000000008c97b0,00000000
observe,147,00000000,147,00000000,146,31396468,31396472,5232744606639,0,0,00000000008c97b0,00000000
observe,148,00000000,148,00000000,147,31396472,31396476,5232745230598,0,0,00000000008c97b0,00000000
observe,149,00000000,149,00000000,148,31396476,31396480,5232745946589,0,0,00000000008c97b0,00000000
observe,150,00000000,150,00000000,149,31396480,31396483,5232746607032,0,0,00000000008c97b0,00000000
observe,151,00000000,151,00000000,150,31396483,31396488,5232747189728,0,0,00000000008c97b0,00000000
observe,152,00000000,152,00000000,151,31396488,31396491,5232747945995,0,0,00000000008c97b0,00000000
observe,153,00000000,153,00000000,152,31396491,31396496,5232748524755,0,0,00000000008c97b0,00000000
observe,154,00000000,154,00000000,153,31396496,31396500,5232749260791,0,0,00000000008c97b0,00000000
observe,155,00000000,155,00000000,154,31396500,31396504,5232749948505,0,0,00000000008c97b0,00000000
observe,156,00000000,156,00000000,155,31396504,31396508,5232750603754,0,0,00000000008c97b0,00000000
observe,157,00000000,157,00000000,156,31396508,31396511,5232751280037,0,0,00000000008c97b0,00000000
observe,158,00000000,158,00000000,157,31396511,31396516,5232751871774,0,0,00000000008c97b0,00000000
observe,159,00000000,159,00000000,158,31396516,31396520,5232752586987,0,0,00000000008c97b0,00000000
observe,160,00000000,160,00000000,159,31396520,31396524,5232753274739,0,0,00000000008c97b0,00000000
observe,161,00000000,161,00000000,160,31396524,31396528,5232753941658,0,0,00000000008c97b0,00000000
observe,162,00000000,162,00000000,161,31396528,31396532,5232754611002,0,0,00000000008c97b0,00000000
observe,163,00000000,163,00000000,162,31396532,31396535,5232755274956,0,0,00000000008c97b0,00000000
observe,164,00000000,164,00000000,163,31396535,31396540,5232755853814,0,0,00000000008c97b0,00000000
observe,165,00000000,165,00000000,164,31396540,31396544,5232756608824,0,0,00000000008c97b0,00000000
observe,166,00000000,166,00000000,165,31396544,31396548,5232757288604,0,0,00000000008c97b0,00000000
observe,167,00000000,167,00000000,166,31396548,31396552,5232757937459,0,0,00000000008c97b0,00000000
observe,168,00000000,168,00000000,167,31396552,31396555,5232758589714,0,0,00000000008c97b0,00000000
observe,169,00000000,169,00000000,168,31396556,31396559,5232759209237,0,0,00000000008c97b0,00000000
observe,170,00000000,170,00000000,169,31396560,31396564,5232759888142,0,0,00000000008c97b0,00000000
observe,171,00000000,171,00000000,170,31396564,31396568,5232760607097,0,0,00000000008c97b0,00000000
observe,172,00000000,172,00000000,171,31396568,31396571,5232761261430,0,0,00000000008c97b0,00000000
observe,173,00000000,173,00000000,172,31396572,31396575,5232761878810,0,0,00000000008c97b0,00000000
observe,174,00000000,174,00000000,173,31396575,31396580,5232762518454,0,0,00000000008c97b0,00000000
observe,175,00000000,175,00000000,174,31396580,31396584,5232763259157,0,0,00000000008c97b0,00000000
observe,176,00000000,176,00000000,175,31396584,31396587,5232763918729,0,0,00000000008c97b0,00000000
observe,177,00000000,177,00000000,176,31396587,31396592,5232764539123,0,0,00000000008c97b0,00000000
observe,178,00000000,178,00000000,177,31396592,31396596,5232765283008,0,0,00000000008c97b0,00000000
observe,179,00000000,179,00000000,178,31396596,31396600,5232765925616,0,0,00000000008c97b0,00000000
observe,180,00000000,180,00000000,179,31396600,31396604,5232766562723,0,0,00000000008c97b0,00000000
observe,181,00000000,181,00000000,180,31396604,31396608,5232767281249,0,0,00000000008c97b0,00000000
observe,182,00000000,182,00000000,181,31396608,31396612,5232767911266,0,0,00000000008c97b0,00000000
observe,183,00000000,183,00000000,182,31396612,31396616,5232768565723,0,0,00000000008c97b0,00000000
observe,184,00000000,184,00000000,183,31396616,31396620,5232769229380,0,0,00000000008c97b0,00000000
observe,185,00000000,185,00000000,184,31396620,31396624,5232769931665,0,0,00000000008c97b0,00000000
observe,186,00000000,186,00000000,185,31396624,31396628,5232770591445,0,0,00000000008c97b0,00000000
observe,187,00000000,187,00000000,186,31396628,31396632,5232771278078,0,0,00000000008c97b0,00000000
observe,188,00000000,188,00000000,187,31396632,31396635,5232771895237,0,0,00000000008c97b0,00000000
observe,189,00000000,189,00000000,188,31396636,31396640,5232772547585,0,0,00000000008c97b0,00000000
observe,190,00000000,190,00000000,189,31396640,31396644,5232773249124,0,0,00000000008c97b0,00000000
observe,191,00000000,191,00000000,190,31396644,31396648,5232773920120,0,0,00000000008c97b0,00000000
observe,192,00000000,192,00000000,191,31396648,31396651,5232774610921,0,0,00000000008c97b0,00000000
observe,193,00000000,193,00000000,192,31396652,31396656,5232775223020,0,0,00000000008c97b0,00000000
observe,194,00000000,194,00000000,193,31396656,31396660,5232775939869,0,0,00000000008c97b0,00000000
observe,195,00000000,195,00000000,194,31396660,31396664,5232776607929,0,0,00000000008c97b0,00000000
observe,196,00000000,196,00000000,195,31396664,31396667,5232777227396,0,0,00000000008c97b0,00000000
observe,197,00000000,197,00000000,196,31396668,31396672,5232777883641,0,0,00000000008c97b0,00000000
observe,198,00000000,198,00000000,197,31396672,31396676,5232778585773,0,0,00000000008c97b0,00000000
observe,199,00000000,199,00000000,198,31396676,31396680,5232779273102,0,0,00000000008c97b0,00000000
observe,200,00000000,200,00000000,199,31396680,31396684,5232779907590,0,0,00000000008c97b0,00000000
observe,201,00000000,201,00000000,200,31396687,31396687,5232781090920,0,0,00000000008c97b0,00000000
observe,202,00000000,202,00000000,201,31396687,31396692,5232781174645,0,0,00000000008c97b0,00000000
observe,203,00000000,203,00000000,202,31396692,31396696,5232781926653,0,0,00000000008c97b0,00000000
observe,204,00000000,204,00000000,203,31396696,31396700,5232782611377,0,0,00000000008c97b0,00000000
observe,205,00000000,205,00000000,204,31396700,31396704,5232783283499,0,0,00000000008c97b0,00000000
observe,206,00000000,206,00000000,205,31396704,31396708,5232783935402,0,0,00000000008c97b0,00000000
observe,207,00000000,207,00000000,206,31396708,31396712,5232784566772,0,0,00000000008c97b0,00000000
observe,208,00000000,208,00000000,207,31396712,31396716,5232785253672,0,0,00000000008c97b0,00000000
observe,209,00000000,209,00000000,208,31396716,31396719,5232785942699,0,0,00000000008c97b0,00000000
observe,210,00000000,210,00000000,209,31396719,31396724,5232786524711,0,0,00000000008c97b0,00000000
observe,211,00000000,211,00000000,210,31396724,31396728,5232787256628,0,0,00000000008c97b0,00000000
observe,212,00000000,212,00000000,211,31396728,31396732,5232787950187,0,0,00000000008c97b0,00000000
observe,213,00000000,213,00000000,212,31396732,31396735,5232788616283,0,0,00000000008c97b0,00000000
observe,214,00000000,214,00000000,213,31396735,31396739,5232789194274,0,0,00000000008c97b0,00000000
observe,215,00000000,215,00000000,214,31396740,31396744,5232789894179,0,0,00000000008c97b0,00000000
observe,216,00000000,216,00000000,215,31396744,31396748,5232790609050,0,0,00000000008c97b0,00000000
observe,217,00000000,217,00000000,216,31396748,31396752,5232791274919,0,0,00000000008c97b0,00000000
observe,218,00000000,218,00000000,217,31396752,31396756,5232791936629,0,0,00000000008c97b0,00000000
observe,219,00000000,219,00000000,218,31396756,31396760,5232792614473,0,0,00000000008c97b0,00000000
observe,220,00000000,220,00000000,219,31396760,31396764,5232793233525,0,0,00000000008c97b0,00000000
observe,221,00000000,221,00000000,220,31396764,31396768,5232793946740,0,0,00000000008c97b0,00000000
observe,222,00000000,222,00000000,221,31396768,31396772,5232794603152,0,0,00000000008c97b0,00000000
observe,223,00000000,223,00000000,222,31396772,31396776,5232795269879,0,0,00000000008c97b0,00000000
observe,224,00000000,224,00000000,223,31396776,31396779,5232795936372,0,0,00000000008c97b0,00000000
observe,225,00000000,225,00000000,224,31396779,31396784,5232796526117,0,0,00000000008c97b0,00000000
observe,226,00000000,226,00000000,225,31396784,31396788,5232797256523,0,0,00000000008c97b0,00000000
