elapsed_seconds,sampled_at_unix,process_count,pid_list,rss_kib_sum,rss_mib_sum
0.001,1791290218.415,1,66215,224,0.22
1.005,1791290219.421,2,66215;66220,28164,27.5
2.005,1791290220.418,2,66215;66220,28080,27.42
3.005,1791290221.417,2,66215;66220,28032,27.38
4.005,1791290222.427,2,66215;66220,28032,27.38
5.003,1791290223.42,2,66215;66220,28032,27.38
6.005,1791290224.419,2,66215;66220,28032,27.38
7.005,1791290225.418,2,66215;66220,28032,27.38
8.005,1791290226.421,2,66215;66220,28032,27.38
9.004,1791290227.42,2,66215;66220,28032,27.38
10.005,1791290228.419,2,66215;66220,28032,27.38
11.005,1791290229.425,2,66215;66220,27632,26.98
12.001,1791290230.416,2,66215;66220,16816,16.42
13.005,1791290231.419,2,66215;66220,16812,16.42
14.002,1791290232.417,2,66215;66220,23736,23.18
15.001,1791290233.414,2,66215;66220,23744,23.19
16.005,1791290234.419,2,66215;66220,22592,22.06
17.002,1791290235.416,2,66215;66220,22592,22.06
18.005,1791290236.419,2,66215;66220,22592,22.06
19.005,1791290237.418,2,66215;66319,93008,90.83
20.005,1791290238.446,2,66215;66319,94404,92.19
21.005,1791290239.446,2,66215;66319,94552,92.34
22.005,1791290240.447,2,66215;66319,94576,92.36
23.005,1791290241.446,2,66215;66319,94608,92.39
24.005,1791290242.447,2,66215;66319,94796,92.57
25.005,1791290243.443,2,66215;66319,94828,92.61
26.005,1791290244.443,2,66215;66319,94876,92.65
27.005,1791290245.446,2,66215;66319,95028,92.8
28.005,1791290246.446,2,66215;66319,95072,92.84
29.005,1791290247.448,2,66215;66319,95112,92.88
30.005,1791290248.448,2,66215;66319,95128,92.9
31.005,1791290249.449,2,66215;66319,95544,93.3
32.005,1791290250.441,2,66215;66319,95580,93.34
33.005,1791290251.445,2,66215;66319,95608,93.37
34.005,1791290252.446,2,66215;66319,95632,93.39
35.005,1791290253.447,2,66215;66319,95652,93.41
36.005,1791290254.443,2,66215;66319,95672,93.43
37.005,1791290255.446,2,66215;66319,95676,93.43
38.005,1791290256.448,2,66215;66319,95732,93.49
39.005,1791290257.447,2,66215;66319,95732,93.49
40.005,1791290258.447,2,66215;66319,95748,93.5
41.005,1791290259.445,2,66215;66319,95760,93.52
42.005,1791290260.447,2,66215;66319,95768,93.52
43.005,1791290261.447,2,66215;66319,95772,93.53
44.005,1791290262.444,2,66215;66319,95800,93.55
45.005,1791290263.444,2,66215;66319,95812,93.57
46.005,1791290264.447,2,66215;66319,95812,93.57
47.005,1791290265.447,2,66215;66319,95820,93.57
48.005,1791290266.447,2,66215;66319,95824,93.58
49.005,1791290267.448,2,66215;66319,95840,93.59
50.005,1791290268.446,2,66215;66319,95856,93.61
51.005,1791290269.447,2,66215;66319,95864,93.62
52.001,1791290270.438,2,66215;66319,95868,93.62
53.005,1791290271.449,2,66215;66319,95876,93.63
54.005,1791290272.447,2,66215;66319,95900,93.65
55.005,1791290273.447,2,66215;66319,95920,93.67
56.005,1791290274.448,2,66215;66319,96072,93.82
57.005,1791290275.445,2,66215;66319,96080,93.83
58.005,1791290276.446,2,66215;66319,96208,93.95
59.005,1791290277.446,2,66215;66319,96212,93.96
60.005,1791290278.448,2,66215;66319,96212,93.96
61.005,1791290279.446,2,66215;66319,96212,93.96
62.005,1791290280.447,2,66215;66319,96228,93.97
63.005,1791290281.447,2,66215;66319,96232,93.98
64.005,1791290282.441,2,66215;66319,96236,93.98
65.005,1791290283.446,2,66215;66319,96236,93.98
66.005,1791290284.447,2,66215;66319,96240,93.98
67.005,1791290285.446,2,66215;66319,96392,94.13
68.005,1791290286.443,2,66215;66319,96540,94.28
69.005,1791290287.443,2,66215;66319,96812,94.54
70.005,1791290288.448,2,66215;66319,97020,94.75
71.005,1791290289.44,2,66215;66319,97056,94.78
72.005,1791290290.447,2,66215;66319,97064,94.79
73.005,1791290291.446,2,66215;66319,97068,94.79
74.005,1791290292.445,2,66215;66319,97072,94.8
75.005,1791290293.446,2,66215;66319,97084,94.81
76.005,1791290294.447,2,66215;66319,97084,94.81
77.005,1791290295.446,2,66215;66319,97092,94.82
78.005,1791290296.447,2,66215;66319,97092,94.82
79.005,1791290297.446,2,66215;66319,97096,94.82
80.005,1791290298.422,2,66215;66319,97052,94.78
81.005,1791290299.445,2,66215;66319,97052,94.78
82.005,1791290300.44,2,66215;66319,97176,94.9
83.005,1791290301.447,2,66215;66319,97200,94.92
84.005,1791290302.447,2,66215;66319,97200,94.92
85.005,1791290303.448,2,66215;66319,97200,94.92
86.005,1791290304.446,2,66215;66319,97372,95.09
87.005,1791290305.447,2,66215;66319,97372,95.09
88.005,1791290306.444,2,66215;66319,97384,95.1
89.005,1791290307.447,2,66215;66319,97388,95.11
90.005,1791290308.445,2,66215;66319,97396,95.11
91.005,1791290309.445,2,66215;66319,97452,95.17
92.005,1791290310.446,2,66215;66319,97460,95.18
93.005,1791290311.447,2,66215;66319,97468,95.18
94.005,1791290312.448,2,66215;66319,97468,95.18
95.005,1791290313.446,2,66215;66319,97472,95.19
96.005,1791290314.445,2,66215;66319,97472,95.19
97.005,1791290315.44,2,66215;66319,97472,95.19
98.005,1791290316.449,2,66215;66319,97472,95.19
99.005,1791290317.447,2,66215;66319,97556,95.27
100.005,1791290318.446,2,66215;66319,97556,95.27
101.005,1791290319.442,2,66215;66319,97556,95.27
102.005,1791290320.441,2,66215;66319,97556,95.27
103.005,1791290321.446,2,66215;66319,97556,95.27
104.005,1791290322.446,2,66215;66319,97564,95.28
105.005,1791290323.447,2,66215;66319,97564,95.28
106.005,1791290324.445,2,66215;66319,97572,95.29
107.005,1791290325.441,2,66215;66319,97576,95.29
108.005,1791290326.444,2,66215;66319,97576,95.29
109.005,1791290327.442,2,66215;66319,97576,95.29
110.005,1791290328.446,2,66215;66319,97616,95.33
111.005,1791290329.446,2,66215;66319,97616,95.33
112.005,1791290330.447,2,66215;66319,97616,95.33
113.008,1791290331.428,2,66215;66319,97836,95.54
114.005,1791290332.444,2,66215;66319,97836,95.54
115.005,1791290333.441,2,66215;66319,97848,95.55
116.005,1791290334.446,2,66215;66319,97848,95.55
117.005,1791290335.443,2,66215;66319,97848,95.55
118.005,1791290336.446,2,66215;66319,97848,95.55
119.005,1791290337.447,2,66215;66319,97848,95.55
120.005,1791290338.438,2,66215;66319,98320,96.02
121.005,1791290339.447,2,66215;66319,97860,95.57
122.005,1791290340.441,2,66215;66319,97876,95.58
123.005,1791290341.448,2,66215;66319,98028,95.73
124.005,1791290342.447,2,66215;66319,98044,95.75
125.005,1791290343.447,2,66215;66319,98044,95.75
126.005,1791290344.447,2,66215;66319,98044,95.75
127.005,1791290345.447,2,66215;66319,98044,95.75
128.005,1791290346.447,2,66215;66319,98044,95.75
129.005,1791290347.441,2,66215;66319,98044,95.75
130.005,1791290348.447,2,66215;66319,98120,95.82
131.005,1791290349.447,2,66215;66319,98120,95.82
132.005,1791290350.448,2,66215;66319,98120,95.82
133.005,1791290351.446,2,66215;66319,98120,95.82
134.005,1791290352.447,2,66215;66319,98172,95.87
135.005,1791290353.446,2,66215;66319,98176,95.88
136.005,1791290354.445,2,66215;66319,98176,95.88
137.005,1791290355.444,2,66215;66319,98176,95.88
138.005,1791290356.445,2,66215;66319,98180,95.88
139.005,1791290357.445,2,66215;66319,98180,95.88
140.005,1791290358.447,2,66215;66319,98316,96.01
141.005,1791290359.447,2,66215;66319,98316,96.01
142.005,1791290360.447,2,66215;66319,98348,96.04
143.005,1791290361.448,2,66215;66319,98348,96.04
144.005,1791290362.446,2,66215;66319,98348,96.04
145.005,1791290363.444,2,66215;66319,98348,96.04
146.005,1791290364.448,2,66215;66319,98348,96.04
147.005,1791290365.448,2,66215;66319,98348,96.04
148.005,1791290366.447,2,66215;66319,98348,96.04
149.005,1791290367.447,2,66215;66319,98348,96.04
150.005,1791290368.439,2,66215;66319,98348,96.04
151.001,1791290369.439,2,66215;66319,98348,96.04
152.005,1791290370.447,2,66215;66319,98348,96.04
153.005,1791290371.445,2,66215;66319,98476,96.17
154.005,1791290372.435,2,66215;66319,98348,96.04
155.005,1791290373.447,2,66215;66319,98348,96.04
156.005,1791290374.448,2,66215;66319,98348,96.04
157.005,1791290375.447,2,66215;66319,98348,96.04
158.005,1791290376.449,2,66215;66319,98348,96.04
159.005,1791290377.419,2,66215;66319,98348,96.04
160.005,1791290378.449,2,66215;66319,98348,96.04
161.005,1791290379.447,2,66215;66319,98348,96.04
162.005,1791290380.447,2,66215;66319,98348,96.04
163.005,1791290381.447,2,66215;66319,98820,96.5
164.005,1791290382.446,2,66215;66319,98348,96.04
165.005,1791290383.448,2,66215;66319,98348,96.04
166.005,1791290384.448,2,66215;66319,98348,96.04
167.005,1791290385.448,2,66215;66319,98348,96.04
168.005,1791290386.448,2,66215;66319,98348,96.04
169.005,1791290387.447,2,66215;66319,98348,96.04
170.005,1791290388.431,2,66215;66319,98348,96.04
171.005,1791290389.448,2,66215;66319,98348,96.04
172.005,1791290390.441,2,66215;66319,98348,96.04
173.005,1791290391.448,2,66215;66319,98348,96.04
174.005,1791290392.449,2,66215;66319,98348,96.04
175.005,1791290393.437,2,66215;66319,98348,96.04
176.005,1791290394.439,2,66215;66319,98348,96.04
177.005,1791290395.448,2,66215;66319,98348,96.04
178.005,1791290396.449,2,66215;66319,98348,96.04
179.005,1791290397.445,2,66215;66319,98348,96.04
180.005,1791290398.449,2,66215;66319,98348,96.04
181.005,1791290399.419,2,66215;66319,98348,96.04
182.005,1791290400.421,2,66215;66319,98348,96.04
183.005,1791290401.445,2,66215;66319,98348,96.04
184.005,1791290402.421,2,66215;66319,98348,96.04
185.005,1791290403.445,2,66215;66319,98348,96.04
186.005,1791290404.451,2,66215;66319,98348,96.04
187.005,1791290405.449,2,66215;66319,98348,96.04
188.005,1791290406.438,2,66215;66319,98348,96.04
189.005,1791290407.448,2,66215;66319,98348,96.04
190.005,1791290408.447,2,66215;66319,98348,96.04
191.005,1791290409.445,2,66215;66319,98348,96.04
192.005,1791290410.442,2,66215;66319,98348,96.04
193.005,1791290411.449,2,66215;66319,98348,96.04
194.005,1791290412.448,2,66215;66319,98348,96.04
195.005,1791290413.447,2,66215;66319,98348,96.04
196.005,1791290414.432,2,66215;66319,98348,96.04
197.005,1791290415.448,2,66215;66319,98348,96.04
198.005,1791290416.449,2,66215;66319,98352,96.05
199.005,1791290417.448,2,66215;66319,98352,96.05
200.005,1791290418.444,2,66215;66319,98352,96.05
201.005,1791290419.448,2,66215;66319,98352,96.05
202.005,1791290420.449,2,66215;66319,98360,96.05
203.005,1791290421.448,2,66215;66319,98360,96.05
204.005,1791290422.449,2,66215;66319,98364,96.06
205.005,1791290423.448,2,66215;66319,98364,96.06
206.005,1791290424.449,2,66215;66319,98364,96.06
207.005,1791290425.42,2,66215;66319,98364,96.06
208.005,1791290426.449,2,66215;66319,98364,96.06
209.005,1791290427.45,2,66215;66319,98368,96.06
210.005,1791290428.45,2,66215;66319,98368,96.06
211.005,1791290429.445,2,66215;66319,98368,96.06
212.005,1791290430.448,2,66215;66319,98368,96.06
213.005,1791290431.449,2,66215;66319,98368,96.06
214.005,1791290432.442,2,66215;66319,98368,96.06
215.005,1791290433.444,2,66215;66319,98368,96.06
216.005,1791290434.449,2,66215;66319,98368,96.06
217.005,1791290435.447,2,66215;66319,98368,96.06
218.005,1791290436.421,2,66215;66319,98368,96.06
219.005,1791290437.448,2,66215;66319,98368,96.06
220.005,1791290438.451,2,66215;66319,98372,96.07
221.005,1791290439.45,2,66215;66319,98372,96.07
222.005,1791290440.431,2,66215;66319,98372,96.07
223.005,1791290441.449,2,66215;66319,98372,96.07
224.005,1791290442.439,2,66215;66319,98372,96.07
225.005,1791290443.449,2,66215;66319,98372,96.07
226.005,1791290444.449,2,66215;66319,98372,96.07
227.005,1791290445.448,2,66215;66319,98372,96.07
228.005,1791290446.448,2,66215;66319,98372,96.07
229.005,1791290447.45,2,66215;66319,98388,96.08
230.005,1791290448.45,2,66215;66319,98388,96.08
231.005,1791290449.441,2,66215;66319,98388,96.08
232.005,1791290450.45,2,66215;66319,98388,96.08
233.005,1791290451.448,2,66215;66319,98388,96.08
234.005,1791290452.447,2,66215;66319,98388,96.08
235.005,1791290453.449,2,66215;66319,98552,96.24
236.005,1791290454.449,2,66215;66319,98552,96.24
237.005,1791290455.448,2,66215;66319,98552,96.24
238.005,1791290456.448,2,66215;66319,98552,96.24
239.005,1791290457.451,2,66215;66319,98552,96.24
240.005,1791290458.446,2,66215;66319,98552,96.24
241.005,1791290459.442,2,66215;66319,98552,96.24
242.005,1791290460.426,2,66215;66319,98552,96.24
243.005,1791290461.443,2,66215;66319,98552,96.24
244.005,1791290462.442,2,66215;66319,98552,96.24
245.005,1791290463.447,2,66215;66319,98552,96.24
246.005,1791290464.444,2,66215;66319,98552,96.24
247.005,1791290465.445,2,66215;66319,98552,96.24
248.005,1791290466.442,2,66215;66319,98596,96.29
249.005,1791290467.445,2,66215;66319,98596,96.29
250.005,1791290468.443,2,66215;66319,98596,96.29
251.005,1791290469.44,2,66215;66319,98596,96.29
252.005,1791290470.447,2,66215;66319,98596,96.29
253.005,1791290471.438,2,66215;66319,98596,96.29
254.005,1791290472.444,2,66215;66319,98596,96.29
255.005,1791290473.452,2,66215;66319,98596,96.29
256.005,1791290474.451,2,66215;66319,98596,96.29
257.005,1791290475.441,2,66215;66319,98596,96.29
258.005,1791290476.447,2,66215;66319,98596,96.29
259.005,1791290477.423,2,66215;66319,98600,96.29
260.005,1791290478.427,2,66215;66319,98600,96.29
261.005,1791290479.42,2,66215;66319,98600,96.29
262.005,1791290480.45,2,66215;66319,98600,96.29
263.005,1791290481.45,2,66215;66319,98600,96.29
264.005,1791290482.452,2,66215;66319,98600,96.29
265.005,1791290483.44,2,66215;66319,98600,96.29
266.005,1791290484.448,2,66215;66319,98600,96.29
267.005,1791290485.449,2,66215;66319,98600,96.29
268.005,1791290486.448,2,66215;66319,98600,96.29
269.005,1791290487.442,2,66215;66319,98600,96.29
270.005,1791290488.45,2,66215;66319,98600,96.29
271.005,1791290489.444,2,66215;66319,98600,96.29
272.005,1791290490.45,2,66215;66319,98600,96.29
273.005,1791290491.45,2,66215;66319,98600,96.29
274.005,1791290492.448,2,66215;66319,98600,96.29
275.005,1791290493.449,2,66215;66319,98600,96.29
276.005,1791290494.452,2,66215;66319,98600,96.29
277.005,1791290495.448,2,66215;66319,98600,96.29
278.005,1791290496.45,2,66215;66319,98600,96.29
279.01,1791290497.451,2,66215;66319,98600,96.29
280.01,1791290498.452,2,66215;66319,98600,96.29
281.01,1791290499.453,2,66215;66319,98600,96.29
282.01,1791290500.453,2,66215;66319,98612,96.3
283.01,1791290501.454,2,66215;66319,98612,96.3
284.01,1791290502.45,2,66215;66319,98612,96.3
285.01,1791290503.448,2,66215;66319,98612,96.3
286.01,1791290504.454,2,66215;66319,98612,96.3
287.008,1791290505.435,2,66215;66319,98612,96.3
288.01,1791290506.455,2,66215;66319,98612,96.3
289.01,1791290507.452,2,66215;66319,98612,96.3
290.01,1791290508.447,2,66215;66319,98612,96.3
291.01,1791290509.451,2,66215;66319,98612,96.3
292.002,1791290510.446,2,66215;66319,98612,96.3
293.01,1791290511.454,2,66215;66319,98612,96.3
294.01,1791290512.456,2,66215;66319,98612,96.3
295.01,1791290513.452,2,66215;66319,98612,96.3
296.01,1791290514.45,2,66215;66319,98612,96.3
297.01,1791290515.456,2,66215;66319,98612,96.3
298.01,1791290516.451,2,66215;66319,98612,96.3
299.01,1791290517.455,2,66215;66319,98612,96.3
300.01,1791290518.452,2,66215;66319,98612,96.3
301.01,1791290519.448,2,66215;66319,98612,96.3
302.01,1791290520.456,2,66215;66319,98612,96.3
303.01,1791290521.456,2,66215;66319,98612,96.3
304.01,1791290522.455,2,66215;66319,98612,96.3
305.01,1791290523.455,2,66215;66319,98612,96.3
306.01,1791290524.452,2,66215;66319,98612,96.3
307.01,1791290525.455,2,66215;66319,98612,96.3
308.01,1791290526.455,2,66215;66319,98612,96.3
309.01,1791290527.455,2,66215;66319,98612,96.3
310.01,1791290528.454,2,66215;66319,98612,96.3
311.01,1791290529.427,2,66215;66319,98612,96.3
312.01,1791290530.45,2,66215;66319,98612,96.3
313.01,1791290531.453,2,66215;66319,98612,96.3
314.01,1791290532.454,2,66215;66319,98612,96.3
315.01,1791290533.456,2,66215;66319,98612,96.3
316.01,1791290534.443,2,66215;66319,98612,96.3
317.01,1791290535.454,2,66215;66319,98612,96.3
318.01,1791290536.452,2,66215;66319,98612,96.3
319.01,1791290537.435,2,66215;66319,98632,96.32
