callback_host_ns_since_mach_epoch,ca_now_seconds,target_seconds,target_presentation_seconds,target_minus_callback_ms,presentation_minus_callback_ms
285246385821250,285246.385821250,285246.401675625,285246.418342292,15.854375029,32.521041692
285246400041583,285246.400041667,285246.416666667,285246.433333333,16.624999989,33.291666652
285246416884667,285246.416884750,285246.433487875,285246.466819875,16.603124968,49.935124989
285246433531833,285246.433531917,285246.450153875,285246.483485875,16.621958348,49.953958311
285246450192208,285246.450192250,285246.466819875,285246.500151875,16.627624980,49.959624943
285246466853125,285246.466853125,285246.483485875,285246.516817875,16.632749990,49.964749953
285246483523875,285246.483523917,285246.500151875,285246.533483875,16.627958335,49.959958298
285246500192792,285246.500192917,285246.516817875,285246.550149875,16.624958371,49.956958333
285246516858125,285246.516858167,285246.533483875,285246.566815875,16.625708318,49.957708339
285246533516500,285246.533516500,285246.550149875,285246.583481875,16.633374966,49.965374928
285246550188458,285246.550188500,285246.566815875,285246.600147875,16.627374978,49.959374941
285246566895750,285246.566895875,285246.583481875,285246.616813875,16.585999983,49.917999946
285246583565167,285246.583565375,285246.600147875,285246.633479875,16.582500015,49.914499978
285246600226542,285246.600226708,285246.616813875,285246.650145875,16.587166640,49.919166660
285246616894875,285246.616895167,285246.633479875,285246.666811875,16.584708297,49.916708260
285246633554333,285246.633554458,285246.650145875,285246.683477875,16.591416672,49.923416635
285246650198708,285246.650198750,285246.666811875,285246.700143875,16.613124986,49.945124949
285246666844375,285246.666844417,285246.683477875,285246.716809875,16.633458377,49.965458340
285246683557667,285246.683557917,285246.700143875,285246.733475875,16.585958365,49.917958328
285246700252792,285246.700253250,285246.716809875,285246.750141875,16.556624963,49.888624984
285246716905667,285246.716905875,285246.733475875,285246.766807875,16.569999978,49.901999941
285246733575042,285246.733575375,285246.750141875,285246.783473875,16.566500010,49.898499972
285246750237292,285246.750237583,285246.766807875,285246.800139875,16.570291657,49.902291619
285246766902958,285246.766903250,285246.783473875,285246.816805875,16.570625012,49.902624974
285246783574792,285246.783575042,285246.800139875,285246.833471875,16.564833291,49.896833312
285246800260375,285246.800260792,285246.816805875,285246.850137875,16.545083316,49.877083278
285246816905625,285246.816905625,285246.833471875,285246.866803875,16.566250008,49.898249970
285246833553625,285246.833553917,285246.850137875,285246.883469875,16.583958350,49.915958312
285246850244833,285246.850245042,285246.866803875,285246.900135875,16.558833362,49.890833325
285246866876792,285246.866877083,285246.883469875,285246.916801875,16.592791711,49.924791674
285246883558042,285246.883558333,285246.900135875,285246.933467875,16.577541654,49.909541674
285246900235375,285246.900235583,285246.916801875,285246.950133875,16.566291626,49.898291589
285246916896500,285246.916896750,285246.933467875,285246.966799875,16.571125016,49.903124978
285246933520042,285246.933520333,285246.950133875,285246.983465875,16.613541695,49.945541658
285246950198958,285246.950199083,285246.966799875,285247.000131875,16.600791714,49.932791677
285246966867917,285246.966868042,285246.983465875,285247.016797875,16.597833368,49.929833331
285246983532458,285246.983532625,285247.000131875,285247.033463875,16.599249968,49.931249989
285247000242042,285247.000242292,285247.016797875,285247.050129875,16.555583337,49.887583300
285247016895292,285247.016895542,285247.033463875,285247.066795875,16.568333318,49.900333281
285247033539375,285247.033539583,285247.050129875,285247.083461875,16.590291692,49.922291655
285247050210625,285247.050210708,285247.066795875,285247.100127875,16.585166682,49.917166645
285247066859000,285247.066859208,285247.083461875,285247.116793875,16.602666641,49.934666662
285247083539000,285247.083539167,285247.100127875,285247.133459875,16.588708328,49.920708290
285247100213458,285247.100213625,285247.116793875,285247.150125875,16.580249998,49.912249960
285247116900083,285247.116900292,285247.133459875,285247.166791875,16.559583368,49.891583330
285247133554708,285247.133554792,285247.150125875,285247.183457875,16.571083339,49.903083302
285247150201708,285247.150201833,285247.166791875,285247.200123875,16.590041691,49.922041653
285247166855250,285247.166855292,285247.183457875,285247.216789875,16.602583288,49.934583309
285247183527667,285247.183527708,285247.200123875,285247.233455875,16.596166650,49.928166613
285247200183042,285247.200183167,285247.216789875,285247.250121875,16.606708348,49.938708311
285247216853000,285247.216853083,285247.233455875,285247.266787875,16.602791671,49.934791634
285247233515750,285247.233515792,285247.250121875,285247.283453875,16.606083373,49.938083335
285247250194333,285247.250194458,285247.266787875,285247.300119875,16.593416629,49.925416650
285247266863667,285247.266863750,285247.283453875,285247.316785875,16.590124986,49.922124948
285247283528417,285247.283528708,285247.300119875,285247.333451875,16.591166670,49.923166633
285247300205125,285247.300205333,285247.316785875,285247.350117875,16.580541676,49.912541639
285247316842250,285247.316842292,285247.333451875,285247.366783875,16.609583341,49.941583304
285247333510292,285247.333510375,285247.350117875,285247.383449875,16.607500031,49.939499993
285247350191875,285247.350192000,285247.366783875,285247.400115875,16.591874999,49.923875020
285247366843625,285247.366843750,285247.383449875,285247.416781875,16.606124991,49.938124954
285247383508167,285247.383508167,285247.400115875,285247.433447875,16.607708356,49.939708319
285247400162292,285247.400162333,285247.416781875,285247.450113875,16.619541682,49.951541645
285247416844083,285247.416844208,285247.433447875,285247.466779875,16.603666707,49.935666670
285247433499833,285247.433499875,285247.450113875,285247.483445875,16.613999964,49.945999985
285247450188333,285247.450188708,285247.466779875,285247.500111875,16.591166670,49.923166633
285247466833375,285247.466833417,285247.483445875,285247.516777875,16.612458334,49.944458297
285247483501792,285247.483501875,285247.500111875,285247.533443875,16.609999991,49.941999954
285247500159583,285247.500159708,285247.516777875,285247.550109875,16.618166701,49.950166664
285247516845958,285247.516846167,285247.533443875,285247.566775875,16.597708338,49.929708301
285247533503833,285247.533504125,285247.550109875,285247.583441875,16.605749959,49.937749980
285247550177583,285247.550177667,285247.566775875,285247.600107875,16.598208342,49.930208304
285247566828750,285247.566828833,285247.583441875,285247.616773875,16.613041691,49.945041654
285247583501083,285247.583501167,285247.600107875,285247.633439875,16.606708348,49.938708311
285247600162625,285247.600162667,285247.616773875,285247.650105875,16.611208324,49.943208287
285247616839000,285247.616839208,285247.633439875,285247.666771875,16.600666684,49.932666647
285247633507458,285247.633507500,285247.650105875,285247.683437875,16.598374990,49.930375011
285247650191167,285247.650191208,285247.666771875,285247.700103875,16.580666648,49.912666611
285247666853625,285247.666853667,285247.683437875,285247.716769875,16.584208352,49.916208314
285247683522542,285247.683522625,285247.700103875,285247.733435875,16.581250005,49.913249968
285247700183125,285247.700183458,285247.716769875,285247.750101875,16.586416692,49.918416655
285247716837542,285247.716837750,285247.733435875,285247.766767875,16.598124988,49.930125009
285247733494917,285247.733495042,285247.750101875,285247.783433875,16.606833320,49.938833283
285247750162375,285247.750162458,285247.766767875,285247.800099875,16.605416662,49.937416625
285247766814583,285247.766814625,285247.783433875,285247.816765875,16.619250004,49.951249966
285247783516208,285247.783516292,285247.800099875,285247.833431875,16.583583376,49.915583339
285247800153375,285247.800153458,285247.816765875,285247.850097875,16.612416715,49.944416678
285247816816417,285247.816816500,285247.833431875,285247.866763875,16.615375003,49.947375024
285247833482833,285247.833482875,285247.850097875,285247.883429875,16.614999971,49.946999934
285247850158000,285247.850158042,285247.866763875,285247.900095875,16.605833312,49.937833275
285247866820917,285247.866820958,285247.883429875,285247.916761875,16.608916689,49.940916651
285247883513167,285247.883513292,285247.900095875,285247.933427875,16.582583368,49.914583331
285247900155208,285247.900155333,285247.916761875,285247.950093875,16.606541642,49.938541662
285247916829792,285247.916829958,285247.933427875,285247.966759875,16.597916663,49.929916626
285247933484667,285247.933484708,285247.950093875,285247.983425875,16.609166632,49.941166595
285247950153708,285247.950153958,285247.966759875,285248.000091875,16.605916666,49.937916629
285247966812167,285247.966812208,285247.983425875,285248.016757875,16.613666667,49.945666629
285247983509000,285247.983509208,285248.000091875,285248.033423875,16.582666663,49.914666626
285248000201167,285248.000201458,285248.016757875,285248.050089875,16.556416638,49.888416659
285248016875000,285248.016875333,285248.033423875,285248.066755875,16.548541666,49.880541628
285248033533250,285248.033533542,285248.050089875,285248.083421875,16.556333343,49.888333306
285248050191708,285248.050192000,285248.066755875,285248.100087875,16.563875019,49.895874981
285248066830458,285248.066830542,285248.083421875,285248.116753875,16.591333377,49.923333339
285248083500458,285248.083500583,285248.100087875,285248.133419875,16.587291611,49.919291632
285248100156000,285248.100156083,285248.116753875,285248.150085875,16.597791633,49.929791596
285248116821667,285248.116821958,285248.133419875,285248.166751875,16.597916663,49.929916626
285248133475958,285248.133476000,285248.150085875,285248.183417875,16.609875020,49.941874982
285248150142083,285248.150142167,285248.166751875,285248.200083875,16.609708371,49.941708334
285248166807167,285248.166807250,285248.183417875,285248.216749875,16.610625025,49.942624988
285248183485375,285248.183485458,285248.200083875,285248.233415875,16.598416667,49.930416688
285248200157292,285248.200157375,285248.216749875,285248.250081875,16.592499975,49.924499937
285248216818042,285248.216818333,285248.233415875,285248.266747875,16.597541689,49.929541652
285248233472042,285248.233472208,285248.250081875,285248.283413875,16.609666694,49.941666657
285248250157500,285248.250157625,285248.266747875,285248.300079875,16.590250016,49.922249978
285248266816667,285248.266816750,285248.283413875,285248.316745875,16.597125039,49.929125002
285248283488042,285248.283488167,285248.300079875,285248.333411875,16.591708292,49.923708313
285248300155375,285248.300155458,285248.316745875,285248.350077875,16.590416664,49.922416627
285248316847708,285248.316847792,285248.333411875,285248.366743875,16.564083344,49.896083307
285248333523375,285248.333523625,285248.350077875,285248.383409875,16.554250033,49.886249995
285248350187917,285248.350188208,285248.366743875,285248.400075875,16.555666691,49.887666653
285248366842875,285248.366843083,285248.383409875,285248.416741875,16.566791630,49.898791651
285248383526333,285248.383526500,285248.400075875,285248.433407875,16.549374966,49.881374929
285248400190292,285248.400190583,285248.416741875,285248.450073875,16.551291686,49.883291649
285248416855333,285248.416855625,285248.433407875,285248.466739875,16.552250017,49.884249980
285248433526292,285248.433526583,285248.450073875,285248.483405875,16.547291656,49.879291619
285248450194083,285248.450194417,285248.466739875,285248.500071875,16.545458348,49.877458310
285248466840042,285248.466840333,285248.483405875,285248.516737875,16.565541620,49.897541641
285248483515750,285248.483516042,285248.500071875,285248.533403875,16.555833339,49.887833302
285248500169333,285248.500169667,285248.516737875,285248.550069875,16.568208346,49.900208309
285248516844208,285248.516844500,285248.533403875,285248.566735875,16.559374984,49.891374947
285248533496875,285248.533497000,285248.550069875,285248.583401875,16.572875029,49.904874992
285248550154208,285248.550154500,285248.566735875,285248.600067875,16.581374977,49.913374998
285248566816500,285248.566816667,285248.583401875,285248.616733875,16.585208301,49.917208264
285248583484875,285248.583485292,285248.600067875,285248.633399875,16.582583310,49.914583273
285248600140792,285248.600141000,285248.616733875,285248.650065875,16.592875007,49.924874969
285248616805542,285248.616805750,285248.633399875,285248.666731875,16.594125016,49.926124979
285248633481833,285248.633482125,285248.650065875,285248.683397875,16.583750024,49.915749987
285248650166917,285248.650167250,285248.666731875,285248.700063875,16.564624966,49.896624987
285248666853250,285248.666853625,285248.683397875,285248.716729875,16.544250015,49.876249977
285248683526083,285248.683526208,285248.700063875,285248.733395875,16.537666670,49.869666633
285248700154333,285248.700154667,285248.716729875,285248.750061875,16.575208341,49.907208304
285248716860417,285248.716860875,285248.733395875,285248.766727875,16.535000002,49.866999965
285248733528042,285248.733528208,285248.750061875,285248.783393875,16.533666640,49.865666660
285248750168250,285248.750168333,285248.766727875,285248.800059875,16.559541633,49.891541596
285248766824083,285248.766824125,285248.783393875,285248.816725875,16.569749976,49.901749939
285248783491542,285248.783491583,285248.800059875,285248.833391875,16.568291641,49.900291604
285248800165250,285248.800165292,285248.816725875,285248.850057875,16.560583375,49.892583338
285248816833875,285248.816833917,285248.833391875,285248.866723875,16.557958385,49.889958347
285248833503167,285248.833503292,285248.850057875,285248.883389875,16.554583330,49.886583351
285248850176458,285248.850176500,285248.866723875,285248.900055875,16.547375009,49.879374972
285248866824375,285248.866824500,285248.883389875,285248.916721875,16.565374972,49.897374935
285248883479583,285248.883479625,285248.900055875,285248.933387875,16.576250026,49.908249988
285248900153458,285248.900153583,285248.916721875,285248.950053875,16.568291700,49.900291662
285248916795458,285248.916795667,285248.933387875,285248.966719875,16.592208354,49.924208317
285248933497167,285248.933497208,285248.950053875,285248.983385875,16.556666640,49.888666661
285248950161625,285248.950161667,285248.966719875,285249.000051875,16.558208328,49.890208291
285248966828958,285248.966829042,285248.983385875,285249.016717875,16.556833347,49.888833310
285248983492667,285248.983492708,285249.000051875,285249.033383875,16.559166659,49.891166622
285249000153583,285249.000153625,285249.016717875,285249.050049875,16.564250051,49.896250013
285249016815500,285249.016815542,285249.033383875,285249.066715875,16.568333318,49.900333339
285249033469667,285249.033469750,285249.050049875,285249.083381875,16.580124968,49.912124930
285249050177292,285249.050177458,285249.066715875,285249.100047875,16.538416676,49.870416638
285249066838625,285249.066838708,285249.083381875,285249.116713875,16.543166654,49.875166616
285249083486125,285249.083486292,285249.100047875,285249.133379875,16.561583325,49.893583287
285249100152208,285249.100152292,285249.116713875,285249.150045875,16.561583383,49.893583346
285249116827500,285249.116827583,285249.133379875,285249.166711875,16.552291636,49.884291657
285249133480167,285249.133480208,285249.150045875,285249.183377875,16.565666650,49.897666613
285249150149792,285249.150149875,285249.166711875,285249.200043875,16.561999975,49.893999938
285249166805667,285249.166805750,285249.183377875,285249.216709875,16.572125023,49.904124986
285249183486458,285249.183486542,285249.200043875,285249.233375875,16.557333351,49.889333313
285249200145500,285249.200145542,285249.216709875,285249.250041875,16.564333288,49.896333308
285249216818583,285249.216818625,285249.233375875,285249.266707875,16.557249997,49.889249960
285249233466917,285249.233467000,285249.250041875,285249.283373875,16.574874986,49.906874949
285249250155417,285249.250155500,285249.266707875,285249.300039875,16.552374989,49.884374952
285249266817917,285249.266818042,285249.283373875,285249.316705875,16.555833339,49.887833302
285249283472708,285249.283472750,285249.300039875,285249.333371875,16.567125043,49.899125006
285249300154708,285249.300155000,285249.316705875,285249.350037875,16.550874978,49.882874999
285249316822375,285249.316822708,285249.333371875,285249.366703875,16.549166641,49.881166604
285249333485042,285249.333485375,285249.350037875,285249.383369875,16.552500019,49.884499982
285249350145000,285249.350145375,285249.366703875,285249.400035875,16.558500007,49.890499969
285249366830083,285249.366830458,285249.383369875,285249.416701875,16.539416683,49.871416646
285249383495708,285249.383500417,285249.400035875,285249.433367875,16.535458330,49.867458350
285249400168625,285249.400168875,285249.416701875,285249.450033875,16.532999987,49.864999950
285249416850042,285249.416850375,285249.433367875,285249.466699875,16.517499986,49.849499948
285249433525083,285249.433525333,285249.450033875,285249.483365875,16.508541652,49.840541615
285249450144458,285249.450144708,285249.466699875,285249.500031875,16.555166687,49.887166650
285249466816417,285249.466816833,285249.483365875,285249.516697875,16.549041669,49.881041632
285249483481500,285249.483481875,285249.500031875,285249.533363875,16.550000000,49.882000021
285249500131042,285249.500131375,285249.516697875,285249.550029875,16.566500010,49.898499972
285249516763292,285249.516763333,285249.533363875,285249.566695875,16.600541654,49.932541617
285249533422792,285249.533422792,285249.550029875,285249.583361875,16.607083322,49.939083285
285249550064250,285249.550064375,285249.566695875,285249.600027875,16.631500039,49.963500001
285249566739125,285249.566739250,285249.583361875,285249.616693875,16.622625000,49.954624963
285249583422792,285249.583422958,285249.600027875,285249.633359875,16.604916658,49.936916679
285249600107458,285249.600107625,285249.616693875,285249.650025875,16.586249985,49.918249948
285249616799917,285249.616800375,285249.633359875,285249.666691875,16.559500014,49.891499977
285249633454458,285249.633454750,285249.650025875,285249.683357875,16.571125016,49.903124978
285249650124583,285249.650124917,285249.666691875,285249.700023875,16.566958337,49.898958299
285249666790000,285249.666790292,285249.683357875,285249.716689875,16.567583312,49.899583333
285249683401375,285249.683401417,285249.700023875,285249.733355875,16.622458294,49.954458256
285249700071750,285249.700071792,285249.716689875,285249.750021875,16.618083348,49.950083310
285249716782708,285249.716782917,285249.733355875,285249.766687875,16.572958324,49.904958287
285249733479083,285249.733479500,285249.750021875,285249.783353875,16.542375030,49.874374992
285249750133375,285249.750133750,285249.766687875,285249.800019875,16.554125003,49.886124965
285249766806042,285249.766806375,285249.783353875,285249.816685875,16.547499981,49.879500002
285249783475542,285249.783475917,285249.800019875,285249.833351875,16.543958336,49.875958299
285249800130458,285249.800130583,285249.816685875,285249.850017875,16.555291659,49.887291621
285249816783542,285249.816783667,285249.833351875,285249.866683875,16.568208346,49.900208309
285249833467708,285249.833467792,285249.850017875,285249.883349875,16.550083354,49.882083316
285249850132125,285249.850132167,285249.866683875,285249.900015875,16.551708279,49.883708300
285249866782625,285249.866782750,285249.883349875,285249.916681875,16.567124985,49.899124948
285249883463500,285249.883463542,285249.900015875,285249.933347875,16.552333313,49.884333275
285249900136500,285249.900136625,285249.916681875,285249.950013875,16.545250022,49.877249985
285249916763458,285249.916763667,285249.933347875,285249.966679875,16.584208352,49.916208314
285249933452833,285249.933452958,285249.950013875,285249.983345875,16.560916672,49.892916635
285249950154833,285249.950154917,285249.966679875,285250.000011875,16.524958308,49.856958329
285249966777708,285249.966777833,285249.983345875,285250.016677875,16.568041639,49.900041602
285249983460542,285249.983460667,285250.000011875,285250.033343875,16.551208333,49.883208296
285250000116917,285250.000116958,285250.016677875,285250.050009875,16.560916672,49.892916635
285250016794792,285250.016795000,285250.033343875,285250.066675875,16.548875021,49.880874984
285250033456042,285250.033456125,285250.050009875,285250.083341875,16.553749971,49.885749992
285250050112333,285250.050112458,285250.066675875,285250.100007875,16.563416633,49.895416596
285250066784125,285250.066784292,285250.083341875,285250.116673875,16.557583353,49.889583315
285250083451875,285250.083452000,285250.100007875,285250.133339875,16.555875016,49.887874979
285250100115625,285250.100115750,285250.116673875,285250.150005875,16.558125033,49.890124996
285250116787750,285250.116787917,285250.133339875,285250.166671875,16.551958339,49.883958302
285250133438417,285250.133438500,285250.150005875,285250.183337875,16.567374987,49.899375008
285250150115833,285250.150115917,285250.166671875,285250.200003875,16.555958311,49.887958274
285250166767833,285250.166767917,285250.183337875,285250.216669875,16.569958359,49.901958322
285250183452917,285250.183453083,285250.200003875,285250.233335875,16.550791683,49.882791645
285250200093042,285250.200093125,285250.216669875,285250.250001875,16.576750029,49.908749992
285250216788125,285250.216788333,285250.233335875,285250.266667875,16.547541716,49.879541679
285250233448458,285250.233448542,285250.250001875,285250.283333875,16.553333320,49.885333341
285250250113708,285250.250113875,285250.266667875,285250.299999875,16.553999973,49.885999935
285250266782667,285250.266782792,285250.283333875,285250.316665875,16.551083361,49.883083324
285250283448000,285250.283448125,285250.299999875,285250.333331875,16.551750014,49.883749976
285250300086125,285250.300086333,285250.316665875,285250.349997875,16.579541669,49.911541631
285250316770000,285250.316770208,285250.333331875,285250.366663875,16.561666620,49.893666641
285250333425875,285250.333426042,285250.349997875,285250.383329875,16.571833345,49.903833307
285250350098958,285250.350099083,285250.366663875,285250.399995875,16.564791673,49.896791636
285250366773208,285250.366773458,285250.383329875,285250.416661875,16.556416696,49.888416659
285250383397792,285250.383397875,285250.399995875,285250.433327875,16.598000017,49.929999979
285250400107125,285250.400107375,285250.416661875,285250.449993875,16.554500035,49.886499997
285250416783958,285250.416784167,285250.433327875,285250.466659875,16.543708334,49.875708355
285250433430417,285250.433430542,285250.449993875,285250.483325875,16.563333338,49.895333301
285250450041917,285250.450041958,285250.466659875,285250.499991875,16.617916641,49.949916604
285250466777250,285250.466777333,285250.483325875,285250.516657875,16.548541666,49.880541628
285250483452542,285250.483452708,285250.499991875,285250.533323875,16.539166681,49.871166644
285250500097000,285250.500097292,285250.516657875,285250.549989875,16.560583317,49.892583338
285250516757292,285250.516757417,285250.533323875,285250.566655875,16.566458333,49.898458296
285250533422167,285250.533422208,285250.549989875,285250.583321875,16.567666666,49.899666628
285250550104125,285250.550104292,285250.566655875,285250.599987875,16.551583365,49.883583328
285250566759708,285250.566759875,285250.583321875,285250.616653875,16.562000033,49.893999996
285250583415167,285250.583415375,285250.599987875,285250.633319875,16.572499997,49.904499960
285250600102292,285250.600102333,285250.616653875,285250.649985875,16.551541630,49.883541651
285250616752625,285250.616752667,285250.633319875,285250.666651875,16.567208339,49.899208301
285250633430583,285250.633430667,285250.649985875,285250.683317875,16.555208305,49.887208268
285250650109375,285250.650109458,285250.666651875,285250.699983875,16.542416648,49.874416611
285250666750000,285250.666750167,285250.683317875,285250.716649875,16.567708342,49.899708305
285250683434208,285250.683434333,285250.699983875,285250.733315875,16.549541615,49.881541636
285250700085000,285250.700085333,285250.716649875,285250.749981875,16.564541671,49.896541634
285250716740875,285250.716741083,285250.733315875,285250.766647875,16.574791633,49.906791595
285250733439667,285250.733440042,285250.749981875,285250.783313875,16.541833349,49.873833312
285250750063458,285250.750063667,285250.766647875,285250.799979875,16.584208352,49.916208314
285250766758375,285250.766758583,285250.783313875,285250.816645875,16.555291717,49.887291680
285250783404417,285250.783404500,285250.799979875,285250.833311875,16.575374990,49.907375011
285250800075792,285250.800075875,285250.816645875,285250.849977875,16.569999978,49.901999941
285250816733542,285250.816733583,285250.833311875,285250.866643875,16.578291659,49.910291622
285250833400958,285250.833401000,285250.849977875,285250.883309875,16.576875001,49.908874964
285250850057458,285250.850057625,285250.866643875,285250.899975875,16.586250043,49.918250006
285250866739500,285250.866739583,285250.883309875,285250.916641875,16.570291715,49.902291677
285250883389667,285250.883389750,285250.899975875,285250.933307875,16.586124955,49.918124976
285250900087750,285250.900087875,285250.916641875,285250.949973875,16.553999973,49.885999935
285250916713208,285250.916713417,285250.933307875,285250.966639875,16.594458313,49.926458276
285250933399458,285250.933399625,285250.949973875,285250.983305875,16.574250010,49.906249973
285250950072833,285250.950072958,285250.966639875,285250.999971875,16.566916718,49.898916681
285250966730083,285250.966730125,285250.983305875,285251.016637875,16.575749964,49.907749984
285250983422000,285250.983422083,285250.999971875,285251.033303875,16.549791675,49.881791638
285251000189625,285251.000189750,285251.016769000,285251.050101000,16.579249990,49.911250011
285251016835708,285251.016835750,285251.033435000,285251.066767000,16.599249968,49.931249931
285251033473542,285251.033473583,285251.050101000,285251.083433000,16.627416655,49.959416618
285251050155708,285251.050155708,285251.066767000,285251.100099000,16.611291678,49.943291640
285251066807500,285251.066807625,285251.083433000,285251.116765000,16.625375021,49.957374984
285251083487458,285251.083487458,285251.100099000,285251.133431000,16.611541680,49.943541642
285251100138542,285251.100138750,285251.116765000,285251.150097000,16.626249999,49.958250020
285251116805292,285251.116805292,285251.133431000,285251.166763000,16.625708318,49.957708281
285251133470792,285251.133470833,285251.150097000,285251.183429000,16.626166645,49.958166608
285251150133375,285251.150133375,285251.166763000,285251.200095000,16.629624995,49.961624958
285251166803667,285251.166803667,285251.183429000,285251.216761000,16.625333345,49.957333307
285251183543083,285251.183543208,285251.200095000,285251.233427000,16.551791632,49.883791653
285251200175167,285251.200175250,285251.216761000,285251.250093000,16.585749981,49.917749944
285251216877042,285251.216877167,285251.233427000,285251.266759000,16.549833352,49.881833314
285251233532542,285251.233532667,285251.250093000,285251.283425000,16.560333315,49.892333278
285251250217833,285251.250217917,285251.266759000,285251.300091000,16.541083343,49.873083306
285251266877083,285251.266877125,285251.283425000,285251.316757000,16.547875013,49.879874976
285251283479250,285251.283479250,285251.300091000,285251.333423000,16.611750005,49.943750026
285251300135333,285251.300135542,285251.316757000,285251.350089000,16.621458344,49.953458307
285251316864667,285251.316864833,285251.333423000,285251.366755000,16.558166652,49.890166614
285251333526750,285251.333526833,285251.350089000,285251.383421000,16.562166682,49.894166645
285251350200083,285251.350200167,285251.366755000,285251.400087000,16.554833332,49.886833294
285251366863583,285251.366863625,285251.383421000,285251.416753000,16.557374969,49.889374990
285251383537375,285251.383537458,285251.400087000,285251.433419000,16.549541673,49.881541636
285251400189583,285251.400189625,285251.416753000,285251.450085000,16.563375015,49.895374977
285251416873292,285251.416873375,285251.433419000,285251.466751000,16.545624996,49.877624959
285251433533167,285251.433533417,285251.450085000,285251.483417000,16.551583365,49.883583328
285251450211000,285251.450211167,285251.466751000,285251.500083000,16.539833334,49.871833296
285251466862708,285251.466862792,285251.483417000,285251.516749000,16.554208298,49.886208319
285251483526208,285251.483526333,285251.500083000,285251.533415000,16.556666640,49.888666603
285251500184208,285251.500184292,285251.516749000,285251.550081000,16.564708319,49.896708282
285251516865583,285251.516865667,285251.533415000,285251.566747000,16.549333348,49.881333311
285251533528208,285251.533528417,285251.550081000,285251.583413000,16.552583373,49.884583335
285251550212958,285251.550213083,285251.566747000,285251.600079000,16.533916641,49.865916662
285251566890458,285251.566890583,285251.583413000,285251.616745000,16.522416670,49.854416633
285251583525542,285251.583525708,285251.600079000,285251.633411000,16.553291644,49.885291606
285251600190708,285251.600190833,285251.616745000,285251.650077000,16.554166679,49.886166642
285251616858792,285251.616858958,285251.633411000,285251.666743000,16.552041692,49.884041655
285251633547833,285251.633547875,285251.650077000,285251.683409000,16.529125045,49.861125008
285251650206000,285251.650206167,285251.666743000,285251.700075000,16.536833311,49.868833332
285251666872083,285251.666872250,285251.683409000,285251.716741000,16.536749958,49.868749920
285251683523708,285251.683523792,285251.700075000,285251.733407000,16.551208333,49.883208296
285251700200500,285251.700200750,285251.716741000,285251.750073000,16.540249984,49.872249947
285251716795917,285251.716795958,285251.733407000,285251.766739000,16.611041676,49.943041638
285251733516917,285251.733517125,285251.750073000,285251.783405000,16.555875016,49.887874979
285251750174667,285251.750174833,285251.766739000,285251.800071000,16.564166639,49.896166660
285251766853125,285251.766853458,285251.783405000,285251.816737000,16.551541630,49.883541593
285251783539333,285251.783539625,285251.800071000,285251.833403000,16.531375004,49.863374967
285251800193667,285251.800193750,285251.816737000,285251.850069000,16.543250007,49.875249970
285251816860667,285251.816860792,285251.833403000,285251.866735000,16.542208381,49.874208344
285251833528042,285251.833528125,285251.850069000,285251.883401000,16.540874960,49.872874981
285251850198333,285251.850198417,285251.866735000,285251.900067000,16.536583309,49.868583272
285251866872875,285251.866872958,285251.883401000,285251.916733000,16.528041684,49.860041647
285251883556000,285251.883556125,285251.900067000,285251.933399000,16.510875023,49.842874985
285251900202583,285251.900202708,285251.916733000,285251.950065000,16.530291701,49.862291664
285251916904708,285251.916904958,285251.933399000,285251.966731000,16.494041716,49.826041679
285251933539167,285251.933539375,285251.950065000,285251.983397000,16.525624960,49.857624981
285251950202583,285251.950202792,285251.966731000,285252.000063000,16.528208333,49.860208295
285251966854958,285251.966855042,285251.983397000,285252.016729000,16.541958321,49.873958284
285251983537583,285251.983537750,285252.000063000,285252.033395000,16.525249986,49.857249949
285252000192292,285252.000192417,285252.016729000,285252.050061000,16.536583367,49.868583330
285252016842083,285252.016842125,285252.033395000,285252.066727000,16.552874993,49.884875014
285252033531583,285252.033531708,285252.050061000,285252.083393000,16.529291635,49.861291598
285252050194542,285252.050194667,285252.066727000,285252.100059000,16.532333335,49.864333298
285252066849125,285252.066849167,285252.083393000,285252.116725000,16.543833364,49.875833327
285252083535125,285252.083535208,285252.100059000,285252.133391000,16.523791652,49.855791614
285252100192875,285252.100193042,285252.116725000,285252.150057000,16.531958361,49.863958324
285252116865167,285252.116865417,285252.133391000,285252.166723000,16.525583284,49.857583304
285252133600083,285252.133600667,285252.150057000,285252.183389000,16.456333338,49.788333301
285252150294250,285252.150295000,285252.166723000,285252.200055000,16.428000003,49.759999965
285252166875000,285252.166875083,285252.183389000,285252.216721000,16.513916664,49.845916627
285252183551083,285252.183551208,285252.200055000,285252.233387000,16.503791674,49.835791637
285252200208583,285252.200208833,285252.216721000,285252.250053000,16.512166709,49.844166671
285252216893458,285252.216893708,285252.233387000,285252.266719000,16.493291652,49.825291673
285252233541458,285252.233541500,285252.250053000,285252.283385000,16.511499998,49.843499961
285252250205875,285252.250205958,285252.266719000,285252.300051000,16.513041686,49.845041649
285252266876042,285252.266876208,285252.283385000,285252.316717000,16.508791654,49.840791617
285252283551292,285252.283551375,285252.300051000,285252.333383000,16.499624995,49.831624958
285252300223458,285252.300223750,285252.316717000,285252.350049000,16.493249976,49.825249997
285252316884958,285252.316885458,285252.333383000,285252.366715000,16.497541626,49.829541589
285252333541417,285252.333541542,285252.350049000,285252.383381000,16.507458349,49.839458312
285252350214958,285252.350215208,285252.366715000,285252.400047000,16.499791702,49.831791664
285252366865083,285252.366865167,285252.383381000,285252.416713000,16.515833326,49.847833288
285252383532792,285252.383533042,285252.400047000,285252.433379000,16.513958341,49.845958303
285252400193458,285252.400193667,285252.416713000,285252.450045000,16.519333294,49.851333315
285252416876542,285252.416876667,285252.433379000,285252.466711000,16.502333339,49.834333302
285252433533667,285252.433533792,285252.450045000,285252.483377000,16.511208320,49.843208282
285252450196375,285252.450196458,285252.466711000,285252.500043000,16.514541698,49.846541660
285252466850708,285252.466850917,285252.483377000,285252.516709000,16.526083346,49.858083308
285252483512208,285252.483512375,285252.500043000,285252.533375000,16.530624998,49.862625019
285252500192167,285252.500192250,285252.516709000,285252.550041000,16.516749980,49.848749943
285252516867625,285252.516867875,285252.533375000,285252.566707000,16.507124994,49.839124957
285252533511458,285252.533511625,285252.550041000,285252.583373000,16.529374989,49.861374951
285252550193083,285252.550193167,285252.566707000,285252.600039000,16.513833369,49.845833331
285252566867917,285252.566868000,285252.583373000,285252.616705000,16.505000007,49.836999970
285252583532875,285252.583532917,285252.600039000,285252.633371000,16.506083310,49.838083331
285252600196625,285252.600196875,285252.616705000,285252.650037000,16.508125002,49.840124964
285252616867542,285252.616867625,285252.633371000,285252.666703000,16.503375024,49.835374986
285252633520417,285252.633520583,285252.650037000,285252.683369000,16.516416683,49.848416646
285252650192708,285252.650192917,285252.666703000,285252.700035000,16.510083340,49.842083303
285252666856542,285252.666856583,285252.683369000,285252.716701000,16.512416652,49.844416673
285252683506750,285252.683506958,285252.700035000,285252.733367000,16.528041626,49.860041589
285252700194583,285252.700195000,285252.716701000,285252.750033000,16.506000014,49.837999977
285252716830292,285252.716830792,285252.733367000,285252.766699000,16.536208335,49.868208298
285252733498000,285252.733498208,285252.750033000,285252.783365000,16.534791677,49.866791640
285252750147833,285252.750147958,285252.766699000,285252.800031000,16.551041685,49.883041647
285252766825833,285252.766826083,285252.783365000,285252.816697000,16.538916621,49.870916642
285252783514417,285252.783514458,285252.800031000,285252.833363000,16.516541655,49.848541617
285252800189792,285252.800190042,285252.816697000,285252.850029000,16.506958345,49.838958308
285252816860333,285252.816860375,285252.833363000,285252.866695000,16.502625018,49.834624981
285252833517875,285252.833517958,285252.850029000,285252.883361000,16.511041671,49.843041634
285252850190000,285252.850190042,285252.866695000,285252.900027000,16.504958388,49.836958351
285252866881833,285252.866882333,285252.883361000,285252.916693000,16.478666628,49.810666649
285252883512750,285252.883513000,285252.900027000,285252.933359000,16.514000017,49.845999980
285252900201167,285252.900201292,285252.916693000,285252.950025000,16.491708346,49.823708308
285252916928292,285252.916928750,285252.933359000,285252.966691000,16.430250020,49.762249982
285252933515333,285252.933515458,285252.950025000,285252.983357000,16.509541718,49.841541681
285252950168083,285252.950168208,285252.966691000,285253.000023000,16.522791644,49.854791665
285252966853625,285252.966853875,285252.983357000,285253.016689000,16.503124963,49.835124926
285252983512292,285252.983512583,285253.000023000,285253.033355000,16.510416637,49.842416600
285253000173625,285253.000173875,285253.016689000,285253.050021000,16.515124997,49.847124959
285253016834208,285253.016834333,285253.033355000,285253.066687000,16.520666657,49.852666620
285253033502542,285253.033502792,285253.050021000,285253.083353000,16.518208373,49.850208336
285253050164125,285253.050164292,285253.066687000,285253.100019000,16.522708291,49.854708312
285253066848583,285253.066848625,285253.083353000,285253.116685000,16.504374973,49.836374936
285253083516750,285253.083516792,285253.100019000,285253.133351000,16.502208309,49.834208272
285253100195958,285253.100196125,285253.116685000,285253.150017000,16.488875030,49.820874992
285253116859500,285253.116859958,285253.133351000,285253.166683000,16.491041693,49.823041656
285253133508875,285253.133509042,285253.150017000,285253.183349000,16.507958295,49.839958316
285253150171500,285253.150171542,285253.166683000,285253.200015000,16.511458321,49.843458284
285253166864917,285253.166865167,285253.183349000,285253.216681000,16.483833315,49.815833278
285253183562083,285253.183562542,285253.200015000,285253.233347000,16.452458338,49.784458301
285253200171208,285253.200171375,285253.216681000,285253.250013000,16.509625013,49.841624976
285253216849083,285253.216849208,285253.233347000,285253.266679000,16.497791687,49.829791649
285253233497000,285253.233497250,285253.250013000,285253.283345000,16.515749972,49.847749993
285253250170667,285253.250170833,285253.266679000,285253.300011000,16.508166678,49.840166641
285253266840583,285253.266840667,285253.283345000,285253.316677000,16.504333355,49.836333317
285253283500333,285253.283500458,285253.300011000,285253.333343000,16.510541667,49.842541630
285253300160583,285253.300160667,285253.316677000,285253.350009000,16.516333329,49.848333292
285253316863542,285253.316863833,285253.333343000,285253.366675000,16.479166632,49.811166653
285253333403542,285253.333403625,285253.350009000,285253.383341000,16.605374985,49.937374948
285253350109042,285253.350109125,285253.366675000,285253.400007000,16.565874976,49.897874938
285253366771125,285253.366771417,285253.383341000,285253.416673000,16.569583328,49.901583290
285253383451667,285253.383451667,285253.400007000,285253.433339000,16.555333335,49.887333298
285253400134000,285253.400134167,285253.416673000,285253.450005000,16.538833384,49.870833347
285253416826875,285253.416826917,285253.433339000,285253.466671000,16.512083297,49.844083318
285253433473500,285253.433473833,285253.450005000,285253.483337000,16.531166679,49.863166641
285253450151250,285253.450151458,285253.466671000,285253.500003000,16.519541678,49.851541640
285253466833750,285253.466834042,285253.483337000,285253.516669000,16.502958315,49.834958278
285253483476625,285253.483476917,285253.500003000,285253.533335000,16.526083346,49.858083308
285253500153417,285253.500153792,285253.516669000,285253.550001000,16.515208350,49.847208313
285253516826583,285253.516826792,285253.533335000,285253.566667000,16.508208297,49.840208318
285253533478125,285253.533478417,285253.550001000,285253.583333000,16.522583319,49.854583282
285253550150833,285253.550151083,285253.566667000,285253.599999000,16.515916679,49.847916642
285253566798083,285253.566798500,285253.583333000,285253.616665000,16.534499999,49.866499961
285253583477750,285253.583477833,285253.599999000,285253.633331000,16.521166661,49.853166624
285253600144500,285253.600144583,285253.616665000,285253.649997000,16.520416655,49.852416676
285253616813167,285253.616813458,285253.633331000,285253.666663000,16.517541662,49.849541625
285253633480458,285253.633480750,285253.649997000,285253.683329000,16.516249976,49.848249939
285253650150708,285253.650151000,285253.666663000,285253.699995000,16.512000002,49.843999965
285253666804125,285253.666804208,285253.683329000,285253.716661000,16.524791659,49.856791622
285253683459208,285253.683459708,285253.699995000,285253.733327000,16.535291681,49.867291644
285253700187333,285253.700187750,285253.716661000,285253.749993000,16.473249998,49.805250019
285253716776875,285253.716777292,285253.733327000,285253.766659000,16.549708322,49.881708284
285253733447167,285253.733447542,285253.749993000,285253.783325000,16.545458348,49.877458310
285253750109625,285253.750110125,285253.766659000,285253.799991000,16.548875021,49.880874984
285253766771292,285253.766771542,285253.783325000,285253.816657000,16.553458350,49.885458313
285253783468125,285253.783468458,285253.799991000,285253.833323000,16.522541642,49.854541663
285253800125333,285253.800125500,285253.816657000,285253.849989000,16.531499976,49.863499939
285253816806500,285253.816806625,285253.833323000,285253.866655000,16.516375006,49.848374969
285253833468917,285253.833469000,285253.849989000,285253.883321000,16.520000005,49.851999967
285253850145417,285253.850145542,285253.866655000,285253.899987000,16.509458364,49.841458327
285253866806542,285253.866806625,285253.883321000,285253.916653000,16.514375049,49.846375012
285253883495958,285253.883496042,285253.899987000,285253.933319000,16.490958340,49.822958361
285253900146042,285253.900146125,285253.916653000,285253.949985000,16.506874992,49.838874955
285253916833083,285253.916833500,285253.933319000,285253.966651000,16.485499975,49.817499937
285253933470042,285253.933470375,285253.949985000,285253.983317000,16.514624993,49.846624956
285253950131500,285253.950131583,285253.966651000,285253.999983000,16.519416706,49.851416668
285253966807458,285253.966807625,285253.983317000,285254.016649000,16.509374953,49.841374974
285253983494417,285253.983494542,285253.999983000,285254.033315000,16.488458321,49.820458284
285254000143250,285254.000143500,285254.016649000,285254.049981000,16.505500011,49.837499973
285254016835458,285254.016835583,285254.033315000,285254.066647000,16.479416692,49.811416655
285254033467125,285254.033467292,285254.049981000,285254.083313000,16.513708339,49.845708301
285254050127417,285254.050127500,285254.066647000,285254.099979000,16.519500001,49.851499964
285254066796375,285254.066796458,285254.083313000,285254.116645000,16.516541655,49.848541676
285254083446500,285254.083446583,285254.099979000,285254.133311000,16.532416630,49.864416593
285254100155000,285254.100155083,285254.116645000,285254.149977000,16.489916656,49.821916618
285254116826708,285254.116827083,285254.133311000,285254.166643000,16.483916668,49.815916631
285254133472000,285254.133472167,285254.149977000,285254.183309000,16.504833358,49.836833321
285254150125917,285254.150126125,285254.166643000,285254.199975000,16.516875010,49.848874973
285254166770958,285254.166771208,285254.183309000,285254.216641000,16.537791642,49.869791663
285254183534417,285254.183534958,285254.199975000,285254.233307000,16.440041654,49.772041617
285254200148125,285254.200148583,285254.216641000,285254.249973000,16.492416675,49.824416637
285254216895542,285254.216895833,285254.233307000,285254.266639000,16.411166696,49.743166659
285254233464792,285254.233464875,285254.249973000,285254.283305000,16.508125002,49.840124964
285254250151917,285254.250152042,285254.266639000,285254.299971000,16.486958310,49.818958330
285254266813125,285254.266813375,285254.283305000,285254.316637000,16.491624992,49.823624955
285254283474125,285254.283474417,285254.299971000,285254.333303000,16.496583354,49.828583316
285254300152042,285254.300152292,285254.316637000,285254.349969000,16.484708351,49.816708313
285254316844208,285254.316844583,285254.333303000,285254.366635000,16.458416707,49.790416670
285254333457833,285254.333458292,285254.349969000,285254.383301000,16.510708374,49.842708337
285254350101708,285254.350101917,285254.366635000,285254.399967000,16.533083341,49.865083362
285254366779167,285254.366779500,285254.383301000,285254.416633000,16.521500016,49.853499979
285254383431542,285254.383431792,285254.399967000,285254.433299000,16.535208328,49.867208290
285254400103625,285254.400103708,285254.416633000,285254.449965000,16.529291694,49.861291656
285254416774875,285254.416774958,285254.433299000,285254.466631000,16.524041712,49.856041675
285254433442667,285254.433442708,285254.449965000,285254.483297000,16.522291640,49.854291661
285254450102458,285254.450102542,285254.466631000,285254.499963000,16.528458335,49.860458297
285254466764083,285254.466764167,285254.483297000,285254.516629000,16.532833339,49.864833301
285254483444917,285254.483444958,285254.499963000,285254.533295000,16.518041666,49.850041629
285254500096667,285254.500096750,285254.516629000,285254.549961000,16.532250040,49.864250002
285254516792375,285254.516792417,285254.533295000,285254.566627000,16.502583341,49.834583304
285254533464458,285254.533464500,285254.549961000,285254.583293000,16.496500000,49.828500021
285254550102833,285254.550102875,285254.566627000,285254.599959000,16.524125007,49.856124970
285254566768292,285254.566768417,285254.583293000,285254.616625000,16.524583334,49.856583297
285254583445750,285254.583445917,285254.599959000,285254.633291000,16.513083363,49.845083326
285254600087500,285254.600087542,285254.616625000,285254.649957000,16.537458345,49.869458308
285254616765708,285254.616765750,285254.633291000,285254.666623000,16.525249986,49.857250007
285254633435125,285254.633435333,285254.649957000,285254.683289000,16.521666665,49.853666627
285254650100417,285254.650100458,285254.666623000,285254.699955000,16.522541642,49.854541605
285254666772125,285254.666772417,285254.683289000,285254.716621000,16.516583331,49.848583294
285254683430083,285254.683430250,285254.699955000,285254.733287000,16.524750041,49.856750004
285254700113083,285254.700113333,285254.716621000,285254.749953000,16.507666674,49.839666637
285254716726958,285254.716727042,285254.733287000,285254.766619000,16.559958283,49.891958304
285254733427792,285254.733428250,285254.749953000,285254.783285000,16.524749983,49.856749945
285254750069625,285254.750069750,285254.766619000,285254.799951000,16.549249995,49.881249957
285254766725542,285254.766725667,285254.783285000,285254.816617000,16.559333366,49.891333329
285254783435167,285254.783435250,285254.799951000,285254.833283000,16.515750031,49.847749993
285254800122833,285254.800123042,285254.816617000,285254.849949000,16.493958363,49.825958326
285254816784875,285254.816785000,285254.833283000,285254.866615000,16.497999954,49.829999974
285254833448583,285254.833448667,285254.849949000,285254.883281000,16.500333324,49.832333287
285254850093417,285254.850093500,285254.866615000,285254.899947000,16.521500016,49.853499979
285254866793667,285254.866793792,285254.883281000,285254.916613000,16.487208370,49.819208332
285254883457958,285254.883458125,285254.899947000,285254.933279000,16.488875030,49.820874992
285254900120125,285254.900120333,285254.916613000,285254.949945000,16.492666618,49.824666639
285254916789792,285254.916789958,285254.933279000,285254.966611000,16.489041678,49.821041641
285254933425208,285254.933425333,285254.949945000,285254.983277000,16.519666649,49.851666612
285254950086042,285254.950086083,285254.966611000,285254.999943000,16.524916689,49.856916652
285254966765167,285254.966765292,285254.983277000,285255.016609000,16.511708323,49.843708286
285254983419833,285254.983419875,285254.999943000,285255.033275000,16.523124999,49.855124962
285255000095750,285255.000095917,285255.016609000,285255.049941000,16.513083305,49.845083326
285255016783542,285255.016783917,285255.033275000,285255.066607000,16.491083312,49.823083275
285255033436792,285255.033436875,285255.049941000,285255.083273000,16.504125029,49.836124992
285255050099917,285255.050100000,285255.066607000,285255.099939000,16.507000022,49.838999985
285255066781250,285255.066781375,285255.083273000,285255.116605000,16.491624992,49.823624955
285255083421542,285255.083421750,285255.099939000,285255.133271000,16.517249984,49.849250005
285255100090208,285255.100090292,285255.116605000,285255.149937000,16.514708346,49.846708309
285255116746750,285255.116746792,285255.133271000,285255.166603000,16.524208302,49.856208265
285255133401542,285255.133401750,285255.149937000,285255.183269000,16.535250004,49.867249967
285255150077083,285255.150077167,285255.166603000,285255.199935000,16.525833344,49.857833306
285255166756500,285255.166756583,285255.183269000,285255.216601000,16.512416711,49.844416673
285255183420792,285255.183420833,285255.199935000,285255.233267000,16.514166666,49.846166687
285255200099750,285255.200100000,285255.216601000,285255.249933000,16.500999976,49.832999939
285255216727542,285255.216728000,285255.233267000,285255.266599000,16.538999975,49.870999937
285255233395125,285255.233395500,285255.249933000,285255.283265000,16.537500022,49.869499984
285255250052875,285255.250053042,285255.266599000,285255.299931000,16.545958351,49.877958314
285255266701625,285255.266701708,285255.283265000,285255.316597000,16.563291661,49.895291682
285255283359625,285255.283359708,285255.299931000,285255.333263000,16.571291664,49.903291627
285255300029583,285255.300029667,285255.316597000,285255.349929000,16.567333310,49.899333273
285255316683708,285255.316683792,285255.333263000,285255.366595000,16.579208313,49.911208276
285255333377500,285255.333377625,285255.349929000,285255.383261000,16.551375040,49.883375003
285255350035625,285255.350035792,285255.366595000,285255.399927000,16.559208336,49.891208299
285255366693583,285255.366693667,285255.383261000,285255.416593000,16.567333310,49.899333331
285255383375083,285255.383375208,285255.399927000,285255.433259000,16.551791632,49.883791595
285255400037083,285255.400037167,285255.416593000,285255.449925000,16.555833339,49.887833302
285255416693292,285255.416693333,285255.433259000,285255.466591000,16.565666650,49.897666613
285255433369042,285255.433369208,285255.449925000,285255.483257000,16.555791663,49.887791625
285255450035417,285255.450035542,285255.466591000,285255.499923000,16.555458365,49.887458328
285255466685208,285255.466685375,285255.483257000,285255.516589000,16.571624961,49.903624982
285255483368375,285255.483368625,285255.499923000,285255.533255000,16.554375004,49.886374967
285255500048500,285255.500048625,285255.516589000,285255.549921000,16.540375014,49.872374977
285255516729083,285255.516729333,285255.533255000,285255.566587000,16.525666695,49.857666658
285255533471500,285255.533471833,285255.550051167,285255.583383167,16.579333344,49.911333306
285255550180083,285255.550180292,285255.566717167,285255.600049167,16.536874988,49.868874950
285255566817750,285255.566817875,285255.583383167,285255.616715167,16.565291677,49.897291639
285255583513958,285255.583514083,285255.600049167,285255.633381167,16.535083298,49.867083319
285255600169292,285255.600169375,285255.616715167,285255.650047167,16.545791645,49.877791607
285255616838917,285255.616839125,285255.633381167,285255.666713167,16.542041674,49.874041637
285255633487417,285255.633487500,285255.650047167,285255.683379167,16.559666663,49.891666626
285255650172458,285255.650172542,285255.666713167,285255.700045167,16.540625016,49.872624979
285255666850417,285255.666850542,285255.683379167,285255.716711167,16.528624983,49.860625004
285255683495667,285255.683495750,285255.700045167,285255.733377167,16.549416643,49.881416606
285255700183667,285255.700184000,285255.716711167,285255.750043167,16.527166648,49.859166611
285255716842417,285255.716842750,285255.733377167,285255.766709167,16.534416645,49.866416608
285255733513458,285255.733513833,285255.750043167,285255.783375167,16.529333370,49.861333333
285255750168417,285255.750168667,285255.766709167,285255.800041167,16.540500044,49.872500007
285255766819542,285255.766819708,285255.783375167,285255.816707167,16.555458307,49.887458328
285255783506792,285255.783506875,285255.800041167,285255.833373167,16.534291673,49.866291636
285255800163042,285255.800163125,285255.816707167,285255.850039167,16.544041689,49.876041652
285255816845875,285255.816846042,285255.833373167,285255.866705167,16.527125030,49.859124993
285255833497500,285255.833497625,285255.850039167,285255.883371167,16.541541670,49.873541633
285255850171167,285255.850171333,285255.866705167,285255.900037167,16.533833346,49.865833309
285255866838958,285255.866839042,285255.883371167,285255.916703167,16.532125010,49.864125031
285255883489583,285255.883489667,285255.900037167,285255.933369167,16.547499981,49.879499944
285255900221417,285255.900221542,285255.916703167,285255.950035167,16.481624974,49.813624937
285255916862833,285255.916862917,285255.933369167,285255.966701167,16.506250016,49.838249979
285255933509000,285255.933509167,285255.950035167,285255.983367167,16.526000050,49.858000013
285255950165125,285255.950165208,285255.966701167,285256.000033167,16.535958333,49.867958354
285255966835500,285255.966835583,285255.983367167,285256.016699167,16.531583329,49.863583292
285255983497667,285255.983497750,285256.000033167,285256.033365167,16.535416653,49.867416616
285256000164125,285256.000164250,285256.016699167,285256.050031167,16.534916649,49.866916612
285256016823125,285256.016823250,285256.033365167,285256.066697167,16.541916702,49.873916665
285256033503458,285256.033503542,285256.050031167,285256.083363167,16.527625034,49.859624996
285256050174958,285256.050175125,285256.066697167,285256.100029167,16.522041638,49.854041659
285256066834083,285256.066834167,285256.083363167,285256.116695167,16.529000015,49.860999978
285256083514375,285256.083514542,285256.100029167,285256.133361167,16.514624993,49.846624956
285256100162208,285256.100162333,285256.116695167,285256.150027167,16.532833339,49.864833301
285256116833833,285256.116834125,285256.133361167,285256.166693167,16.527041676,49.859041639
285256133486667,285256.133486750,285256.150027167,285256.183359167,16.540416633,49.872416654
285256150145208,285256.150145333,285256.166693167,285256.200025167,16.547833337,49.879833299
285256166822292,285256.166822333,285256.183359167,285256.216691167,16.536833311,49.868833274
285256183530833,285256.183530917,285256.200025167,285256.233357167,16.494249983,49.826249946
285256200179542,285256.200179625,285256.216691167,285256.250023167,16.511541675,49.843541638
285256216852250,285256.216852417,285256.233357167,285256.266689167,16.504750005,49.836749968
285256233506958,285256.233507125,285256.250023167,285256.283355167,16.516041651,49.848041672
285256250205292,285256.250205583,285256.266689167,285256.300021167,16.483583313,49.815583276
285256266817708,285256.266817875,285256.283355167,285256.316687167,16.537291638,49.869291601
285256283475500,285256.283475667,285256.300021167,285256.333353167,16.545500024,49.877499987
285256300156625,285256.300156958,285256.316687167,285256.350019167,16.530208348,49.862208311
285256316872625,285256.316872708,285256.333353167,285256.366685167,16.480458318,49.812458339
285256333516667,285256.333516750,285256.350019167,285256.383351167,16.502416634,49.834416597
285256350177333,285256.350177417,285256.366685167,285256.400017167,16.507749970,49.839749932
285256366841208,285256.366841292,285256.383351167,285256.416683167,16.509875015,49.841874978
285256383516833,285256.383517042,285256.400017167,285256.433349167,16.500124999,49.832124962
285256400165750,285256.400165917,285256.416683167,285256.450015167,16.517250042,49.849250005
285256416948167,285256.416948375,285256.433349167,285256.466681167,16.400791646,49.732791667
285256433500250,285256.433500333,285256.450015167,285256.483347167,16.514833318,49.846833281
285256450177833,285256.450177917,285256.466681167,285256.500013167,16.503249994,49.835249956
285256466820875,285256.466821083,285256.483347167,285256.516679167,16.526083346,49.858083308
285256483500583,285256.483500750,285256.500013167,285256.533345167,16.512416711,49.844416673
285256500170833,285256.500171042,285256.516679167,285256.550011167,16.508125002,49.840124964
285256516834375,285256.516834458,285256.533345167,285256.566677167,16.510708316,49.842708337
285256533496583,285256.533496750,285256.550011167,285256.583343167,16.514416668,49.846416630
285256550175292,285256.550175375,285256.566677167,285256.600009167,16.501791659,49.833791621
285256566843292,285256.566843458,285256.583343167,285256.616675167,16.499708348,49.831708311
285256583514292,285256.583514375,285256.600009167,285256.633341167,16.494791664,49.826791626
285256600173917,285256.600174000,285256.616675167,285256.650007167,16.501166625,49.833166646
285256616848625,285256.616849000,285256.633341167,285256.666673167,16.492166673,49.824166636
285256633491333,285256.633491417,285256.650007167,285256.683339167,16.515749972,49.847749935
285256650157208,285256.650157250,285256.666673167,285256.700005167,16.515916679,49.847916642
285256666823542,285256.666823625,285256.683339167,285256.716671167,16.515541705,49.847541668
285256683508292,285256.683508333,285256.700005167,285256.733337167,16.496833356,49.828833318
285256700172375,285256.700172833,285256.716671167,285256.750003167,16.498333309,49.830333330
285256716798458,285256.716798917,285256.733337167,285256.766669167,16.538249969,49.870249932
285256733464375,285256.733464583,285256.750003167,285256.783335167,16.538583324,49.870583287
285256750108167,285256.750108292,285256.766669167,285256.800001167,16.560874996,49.892874958
285256766790750,285256.766790833,285256.783335167,285256.816667167,16.544333368,49.876333331
285256783495083,285256.783495167,285256.800001167,285256.833333167,16.505999956,49.837999977
285256800104125,285256.800104167,285256.816667167,285256.849999167,16.562999983,49.894999946
285256816808417,285256.816808583,285256.833333167,285256.866665167,16.524583334,49.856583297
285256833479500,285256.833479708,285256.849999167,285256.883331167,16.519458324,49.851458287
285256850133583,285256.850133667,285256.866665167,285256.899997167,16.531500034,49.863499997
285256866805333,285256.866805458,285256.883331167,285256.916663167,16.525708372,49.857708334
285256883478750,285256.883478917,285256.899997167,285256.933329167,16.518249991,49.850250012
285256900148458,285256.900148625,285256.916663167,285256.949995167,16.514541639,49.846541602
285256916847917,285256.916848750,285256.933329167,285256.966661167,16.480416642,49.812416604
285256933515000,285256.933515333,285256.949995167,285256.983327167,16.479833343,49.811833305
285256950210833,285256.950211333,285256.966661167,285256.999993167,16.449833347,49.781833310
285256966851292,285256.966851833,285256.983327167,285257.016659167,16.475333308,49.807333329
285256983510292,285256.983510583,285256.999993167,285257.033325167,16.482583305,49.814583268
285257000135167,285257.000135208,285257.016659167,285257.049991167,16.523958300,49.855958263
285257016815833,285257.016815958,285257.033325167,285257.066657167,16.509208363,49.841208325
285257033484708,285257.033484875,285257.049991167,285257.083323167,16.506291693,49.838291656
285257050137625,285257.050137667,285257.066657167,285257.099989167,16.519500001,49.851499964
285257066813667,285257.066813750,285257.083323167,285257.116655167,16.509416630,49.841416650
285257083483917,285257.083484000,285257.099989167,285257.133321167,16.505166655,49.837166618
285257100137333,285257.100137458,285257.116655167,285257.149987167,16.517708311,49.849708274
285257116820458,285257.116820708,285257.133321167,285257.166653167,16.500458354,49.832458317
285257133479375,285257.133479458,285257.149987167,285257.183319167,16.507708351,49.839708314
285257150131042,285257.150131417,285257.166653167,285257.199985167,16.521750018,49.853749981
285257166809208,285257.166809458,285257.183319167,285257.216651167,16.509708308,49.841708329
285257183457333,285257.183457417,285257.199985167,285257.233317167,16.527750005,49.859749968
285257200138500,285257.200138542,285257.216651167,285257.249983167,16.512624978,49.844624940
285257216803083,285257.216803083,285257.233317167,285257.266649167,16.514083371,49.846083333
285257233464500,285257.233464542,285257.249983167,285257.283315167,16.518625023,49.850624986
285257250146917,285257.250147042,285257.266649167,285257.299981167,16.502124956,49.834124977
285257266836208,285257.266836500,285257.283315167,285257.316647167,16.478666628,49.810666591
285257283475000,285257.283475250,285257.299981167,285257.333313167,16.505916661,49.837916624
285257300135125,285257.300135208,285257.316647167,285257.349979167,16.511958325,49.843958288
285257316817417,285257.316818000,285257.333313167,285257.366645167,16.495166696,49.827166658
285257333377292,285257.333377458,285257.349979167,285257.383311167,16.601708368,49.933708331
285257350091250,285257.350091417,285257.366645167,285257.399977167,16.553749971,49.885749992
285257366776083,285257.366776542,285257.383311167,285257.416643167,16.534624971,49.866624933
285257383451792,285257.383451833,285257.399977167,285257.433309167,16.525333340,49.857333302
285257400124583,285257.400124833,285257.416643167,285257.449975167,16.518333345,49.850333307
285257416816625,285257.416817375,285257.433309167,285257.466641167,16.491791699,49.823791662
285257433474083,285257.433474625,285257.449975167,285257.483307167,16.500541649,49.832541670
285257450150625,285257.450151333,285257.466641167,285257.499973167,16.489833302,49.821833265
285257466804500,285257.466804750,285257.483307167,285257.516639167,16.502416634,49.834416597
285257483469542,285257.483469833,285257.499973167,285257.533305167,16.503333347,49.835333310
285257500130417,285257.500130667,285257.516639167,285257.549971167,16.508500034,49.840499996
285257516794750,285257.516795417,285257.533305167,285257.566637167,16.509750043,49.841750006
285257533458667,285257.533458917,285257.549971167,285257.583303167,16.512250004,49.844250025
285257550120792,285257.550121000,285257.566637167,285257.599969167,16.516166681,49.848166644
285257566806000,285257.566806333,285257.583303167,285257.616635167,16.496833356,49.828833318
285257583464917,285257.583465458,285257.599969167,285257.633301167,16.503708321,49.835708283
285257600113625,285257.600113875,285257.616635167,285257.649967167,16.521291691,49.853291654
285257616804917,285257.616805167,285257.633301167,285257.666633167,16.495999997,49.828000017
285257633452917,285257.633453167,285257.649967167,285257.683299167,16.513999959,49.845999922
285257650154083,285257.650154458,285257.666633167,285257.699965167,16.478708305,49.810708268
285257666797333,285257.666797542,285257.683299167,285257.716631167,16.501625010,49.833624973
285257683451917,285257.683452167,285257.699965167,285257.733297167,16.513000010,49.844999972
285257700134167,285257.700134792,285257.716631167,285257.749963167,16.496375029,49.828374991
285257716694042,285257.716694250,285257.733297167,285257.766629167,16.602916643,49.934916664
285257733394958,285257.733394958,285257.749963167,285257.783295167,16.568208346,49.900208309
285257750091917,285257.750092000,285257.766629167,285257.799961167,16.537166666,49.869166629
285257766766250,285257.766766500,285257.783295167,285257.816627167,16.528666660,49.860666622
285257783476125,285257.783476250,285257.799961167,285257.833293167,16.484916676,49.816916639
285257800117625,285257.800117708,285257.816627167,285257.849959167,16.509458364,49.841458327
285257816784583,285257.816784667,285257.833293167,285257.866625167,16.508499975,49.840499996
285257833430917,285257.833431125,285257.849959167,285257.883291167,16.528041684,49.860041647
285257850122167,285257.850122333,285257.866625167,285257.899957167,16.502833343,49.834833306
285257866788333,285257.866788542,285257.883291167,285257.916623167,16.502625018,49.834624981
285257883462083,285257.883462167,285257.899957167,285257.933289167,16.495000047,49.827000010
285257900158292,285257.900158542,285257.916623167,285257.949955167,16.464624961,49.796624982
285257916793083,285257.916793583,285257.933289167,285257.966621167,16.495583346,49.827583309
285257933447792,285257.933448167,285257.949955167,285257.983287167,16.507000022,49.838999985
285257950099958,285257.950100292,285257.966621167,285257.999953167,16.520874982,49.852874945
285257966803125,285257.966803250,285257.983287167,285258.016619167,16.483916668,49.815916631
285257983444667,285257.983444833,285257.999953167,285258.033285167,16.508333385,49.840333348
285258000109417,285258.000109625,285258.016619167,285258.049951167,16.509541660,49.841541681
285258016777292,285258.016777458,285258.033285167,285258.066617167,16.507708351,49.839708314
285258033451167,285258.033451333,285258.049951167,285258.083283167,16.499833320,49.831833283
285258050125625,285258.050125667,285258.066617167,285258.099949167,16.491500020,49.823499983
285258066770708,285258.066770833,285258.083283167,285258.116615167,16.512333357,49.844333320
285258083442167,285258.083442292,285258.099949167,285258.133281167,16.506874992,49.838875013
285258100101708,285258.100101792,285258.116615167,285258.149947167,16.513374983,49.845374946
285258116777000,285258.116777417,285258.133281167,285258.166613167,16.503749997,49.835749960
285258133461542,285258.133461625,285258.149947167,285258.183279167,16.485541651,49.817541614
285258150096792,285258.150097042,285258.166613167,285258.199945167,16.516125004,49.848124967
285258166765167,285258.166765625,285258.183279167,285258.216611167,16.513541690,49.845541653
285258183437583,285258.183437708,285258.199945167,285258.233277167,16.507458291,49.839458312
285258200097750,285258.200098000,285258.216611167,285258.249943167,16.513166658,49.845166621
285258216781958,285258.216782292,285258.233277167,285258.266609167,16.494875017,49.826874980
285258233429750,285258.233429875,285258.249943167,285258.283275167,16.513291688,49.845291651
285258250109917,285258.250110083,285258.266609167,285258.299941167,16.499083373,49.831083335
285258266828625,285258.266828875,285258.283275167,285258.316607167,16.446291644,49.778291665
285258283466167,285258.283466625,285258.299941167,285258.333273167,16.474541626,49.806541589
285258300085250,285258.300085333,285258.316607167,285258.349939167,16.521833313,49.853833276
285258316788958,285258.316789375,285258.333273167,285258.366605167,16.483791696,49.815791659
285258333428125,285258.333428833,285258.349939167,285258.383271167,16.510333342,49.842333305
285258350097000,285258.350097250,285258.366605167,285258.399937167,16.507916676,49.839916639
285258366760375,285258.366760667,285258.383271167,285258.416603167,16.510499991,49.842500011
285258383418125,285258.383418375,285258.399937167,285258.433269167,16.518791672,49.850791635
285258400083917,285258.400084000,285258.416603167,285258.449935167,16.519166646,49.851166608
285258416746083,285258.416746125,285258.433269167,285258.466601167,16.523041646,49.855041609
285258433420042,285258.433420292,285258.449935167,285258.483267167,16.514874995,49.846874957
285258450084750,285258.450084875,285258.466601167,285258.499933167,16.516291711,49.848291674
285258466733375,285258.466733417,285258.483267167,285258.516599167,16.533749993,49.865750014
285258483490708,285258.483490875,285258.499933167,285258.533265167,16.442291671,49.774291634
285258500091375,285258.500091542,285258.516599167,285258.549931167,16.507624998,49.839624960
285258516736708,285258.516736708,285258.533265167,285258.566597167,16.528458335,49.860458297
285258533417667,285258.533417833,285258.549931167,285258.583263167,16.513333365,49.845333328
285258550079542,285258.550079625,285258.566597167,285258.599929167,16.517541662,49.849541683
285258566749500,285258.566749583,285258.583263167,285258.616595167,16.513583309,49.845583271
285258583410208,285258.583410375,285258.599929167,285258.633261167,16.518791672,49.850791635
285258600067833,285258.600067875,285258.616595167,285258.649927167,16.527291678,49.859291641
285258616730417,285258.616730500,285258.633261167,285258.666593167,16.530666675,49.862666638
285258633415083,285258.633415167,285258.649927167,285258.683259167,16.512000002,49.843999965
285258650077083,285258.650077125,285258.666593167,285258.699925167,16.516041651,49.848041672
285258666750125,285258.666750167,285258.683259167,285258.716591167,16.508999979,49.840999942
285258683417708,285258.683417875,285258.699925167,285258.733257167,16.507291642,49.839291605
285258700089000,285258.700089333,285258.716591167,285258.749923167,16.501833335,49.833833298
285258716706500,285258.716706667,285258.733257167,285258.766589167,16.550500004,49.882499967
285258733356292,285258.733356542,285258.749923167,285258.783255167,16.566624981,49.898625002
285258750011500,285258.750011625,285258.766589167,285258.799921167,16.577541654,49.909541616
285258766670292,285258.766670417,285258.783255167,285258.816587167,16.584749974,49.916749937
285258783358833,285258.783358917,285258.799921167,285258.833253167,16.562249977,49.894249940
285258800011083,285258.800011125,285258.816587167,285258.849919167,16.576041700,49.908041663
285258816734458,285258.816734500,285258.833253167,285258.866585167,16.518666700,49.850666663
285258833389042,285258.833389125,285258.849919167,285258.883251167,16.530041641,49.862041662
285258850065417,285258.850065583,285258.866585167,285258.899917167,16.519583296,49.851583259
285258866714375,285258.866714417,285258.883251167,285258.916583167,16.536750016,49.868749978
285258883424958,285258.883425083,285258.899917167,285258.933249167,16.492083319,49.824083282
285258900067042,285258.900067333,285258.916583167,285258.949915167,16.515833326,49.847833288
285258916757333,285258.916757792,285258.933249167,285258.966581167,16.491374990,49.823375011
285258933396333,285258.933396375,285258.949915167,285258.983247167,16.518791672,49.850791635
285258950057542,285258.950057625,285258.966581167,285258.999913167,16.523541650,49.855541612
285258966713542,285258.966713542,285258.983247167,285259.016579167,16.533625021,49.865624984
285258983385500,285258.983385833,285258.999913167,285259.033245167,16.527333355,49.859333318
285259000063833,285259.000063875,285259.016579167,285259.049911167,16.515291703,49.847291666
285259016715125,285259.016715208,285259.033245167,285259.066577167,16.529958288,49.861958309
285259033397875,285259.033398042,285259.049911167,285259.083243167,16.513124981,49.845124944
285259050049875,285259.050050042,285259.066577167,285259.099909167,16.527124972,49.859124934
285259066765042,285259.066765542,285259.083243167,285259.116575167,16.477625002,49.809624965
285259083321458,285259.083321583,285259.099909167,285259.133241167,16.587583348,49.919583311
285259099967875,285259.099968000,285259.116575167,285259.149907167,16.607166675,49.939166638
285259116617333,285259.116617417,285259.133241167,285259.166573167,16.623749980,49.955750001
285259133283583,285259.133283583,285259.149907167,285259.183239167,16.623583331,49.955583294
285259149940458,285259.149940500,285259.166573167,285259.199905167,16.632666695,49.964666658
285259166676958,285259.166677083,285259.183239167,285259.216571167,16.562083329,49.894083291
285259183341042,285259.183341167,285259.199905167,285259.233237167,16.564000049,49.896000011
285259200012667,285259.200012708,285259.216571167,285259.249903167,16.558458330,49.890458351
285259216681625,285259.216681750,285259.233237167,285259.266569167,16.555416631,49.887416593
285259233339583,285259.233339667,285259.249903167,285259.283235167,16.563499987,49.895499949
285259250003042,285259.250003250,285259.266569167,285259.299901167,16.565916652,49.897916615
285259266683167,285259.266683292,285259.283235167,285259.316567167,16.551875044,49.883875006
285259283359583,285259.283359667,285259.299901167,285259.333233167,16.541500052,49.873500015
285259300015417,285259.300015500,285259.316567167,285259.349899167,16.551666660,49.883666681
285259316674667,285259.316674708,285259.333233167,285259.366565167,16.558458330,49.890458293
285259333338917,285259.333339083,285259.349899167,285259.383231167,16.560083313,49.892083276
285259350017958,285259.350018125,285259.366565167,285259.399897167,16.547041654,49.879041617
285259366670083,285259.366670125,285259.383231167,285259.416563167,16.561041703,49.893041665
285259383342458,285259.383342583,285259.399897167,285259.433229167,16.554583330,49.886583351
285259400013125,285259.400013292,285259.416563167,285259.449895167,16.549874970,49.881874933
285259416673792,285259.416673917,285259.433229167,285259.466561167,16.555249982,49.887249945
285259433341458,285259.433341542,285259.449895167,285259.483227167,16.553624999,49.885624961
285259450004500,285259.450004542,285259.466561167,285259.499893167,16.556625022,49.888624984
285259466690833,285259.466690958,285259.483227167,285259.516559167,16.536208335,49.868208298
285259483357333,285259.483357375,285259.499893167,285259.533225167,16.535791627,49.867791648
285259500037417,285259.500037500,285259.516559167,285259.549891167,16.521666665,49.853666627
285259516828333,285259.516828500,285259.533225167,285259.566557167,16.396666644,49.728666607
285259533380833,285259.533381042,285259.549891167,285259.583223167,16.510125017,49.842124979
285259550043542,285259.550043708,285259.566557167,285259.599889167,16.513458337,49.845458299
285259566707000,285259.566707250,285259.583223167,285259.616555167,16.515916621,49.847916642
285259583402375,285259.583402458,285259.599889167,285259.633221167,16.486708308,49.818708270
285259600036000,285259.600036250,285259.616555167,285259.649887167,16.518916644,49.850916606
285259616722833,285259.616723083,285259.633221167,285259.666553167,16.498083365,49.830083328
285259633355042,285259.633355292,285259.649887167,285259.683219167,16.531875008,49.863874970
285259650042417,285259.650042583,285259.666553167,285259.699885167,16.510583344,49.842583307
285259666694625,285259.666694792,285259.683219167,285259.716551167,16.524374951,49.856374972
285259683374333,285259.683374583,285259.699885167,285259.733217167,16.510583344,49.842583307
285259700090875,285259.700091375,285259.716551167,285259.749883167,16.459791688,49.791791651
285259716767958,285259.716768583,285259.733217167,285259.766549167,16.448583337,49.780583300
285259733375833,285259.733376208,285259.749883167,285259.783215167,16.506958345,49.838958308
285259750042875,285259.750043375,285259.766549167,285259.799881167,16.505791689,49.837791652
285259766687917,285259.766688167,285259.783215167,285259.816547167,16.527000000,49.859000021
285259783371667,285259.783371792,285259.799881167,285259.833213167,16.509375011,49.841374974
285259800017250,285259.800017333,285259.816547167,285259.849879167,16.529833316,49.861833279
285259816700792,285259.816700875,285259.833213167,285259.866545167,16.512291681,49.844291643
285259833377125,285259.833377208,285259.849879167,285259.883211167,16.501958366,49.833958328
285259850049375,285259.850049458,285259.866545167,285259.899877167,16.495708318,49.827708339
285259866700167,285259.866700333,285259.883211167,285259.916543167,16.510833346,49.842833309
285259883430042,285259.883430250,285259.899877167,285259.933209167,16.446916678,49.778916640
285259900057000,285259.900057167,285259.916543167,285259.949875167,16.485999979,49.817999941
285259916747917,285259.916748167,285259.933209167,285259.966541167,16.461000021,49.792999984
285259933375042,285259.933375167,285259.949875167,285259.983207167,16.500000027,49.831999990
285259950017500,285259.950017583,285259.966541167,285259.999873167,16.523583326,49.855583347
285259966689208,285259.966689292,285259.983207167,285260.016539167,16.517875018,49.849874980
285259983366792,285259.983366875,285259.999873167,285260.033205167,16.506291693,49.838291656
285260000039375,285260.000039458,285260.016539167,285260.049871167,16.499708348,49.831708311
285260016685042,285260.016685125,285260.033205167,285260.066537167,16.520041681,49.852041644
285260033447458,285260.033447542,285260.049871167,285260.083203167,16.423624998,49.755625019
285260050051500,285260.050051542,285260.066537167,285260.099869167,16.485625005,49.817624968
285260066808250,285260.066808375,285260.083333375,285260.116665375,16.524999985,49.856999947
285260083483875,285260.083483958,285260.099999375,285260.133331375,16.515416675,49.847416638
285260100150625,285260.100150917,285260.116665375,285260.149997375,16.514458344,49.846458307
285260116857042,285260.116857167,285260.133331375,285260.166663375,16.474208329,49.806208292
285260133499667,285260.133499750,285260.149997375,285260.183329375,16.497625038,49.829625001
285260150138542,285260.150138708,285260.166663375,285260.199995375,16.524666629,49.856666650
285260166890625,285260.166890667,285260.183329375,285260.216661375,16.438708350,49.770708312
285260183475417,285260.183475458,285260.199995375,285260.233327375,16.519916651,49.851916614
285260200148208,285260.200148333,285260.216661375,285260.249993375,16.513041686,49.845041649
285260216817167,285260.216817333,285260.233327375,285260.266659375,16.510041663,49.842041626
285260233471292,285260.233471625,285260.249993375,285260.283325375,16.521749960,49.853749981
285260250145375,285260.250145542,285260.266659375,285260.299991375,16.513833310,49.845833273
285260266790875,285260.266790958,285260.283325375,285260.316657375,16.534416645,49.866416608
285260283472750,285260.283472875,285260.299991375,285260.333323375,16.518499993,49.850499956
285260300220500,285260.300220708,285260.316657375,285260.349989375,16.436666658,49.768666620
285260316849667,285260.316849875,285260.333323375,285260.366655375,16.473500000,49.805499963
285260333481375,285260.333481500,285260.349989375,285260.383321375,16.507875000,49.839875021
285260350147208,285260.350147375,285260.366655375,285260.399987375,16.507999972,49.839999934
285260366813250,285260.366813417,285260.383321375,285260.416653375,16.507958353,49.839958316
285260383473542,285260.383473625,285260.399987375,285260.433319375,16.513750015,49.845749978
285260400125667,285260.400125708,285260.416653375,285260.449985375,16.527666710,49.859666673
285260416802208,285260.416802292,285260.433319375,285260.466651375,16.517083277,49.849083298
285260433465542,285260.433465708,285260.449985375,285260.483317375,16.519666649,49.851666612
285260450145083,285260.450166125,285260.466651375,285260.499983375,16.485249973,49.817249936
285260466830375,285260.466830667,285260.483317375,285260.516649375,16.486708366,49.818708329
285260483481583,285260.483481958,285260.499983375,285260.533315375,16.501416685,49.833416648
285260500141458,285260.500141708,285260.516649375,285260.549981375,16.507666674,49.839666637
285260516800958,285260.516801000,285260.533315375,285260.566647375,16.514374991,49.846375012
285260533467417,285260.533467708,285260.549981375,285260.583313375,16.513666662,49.845666625
285260550131000,285260.550131208,285260.566647375,285260.599979375,16.516166681,49.848166644
285260566809583,285260.566809667,285260.583313375,285260.616645375,16.503708321,49.835708283
285260583463917,285260.583464083,285260.599979375,285260.633311375,16.515291703,49.847291666
285260600139750,285260.600139875,285260.616645375,285260.649977375,16.505499952,49.837499973
285260616812208,285260.616812542,285260.633311375,285260.666643375,16.498833313,49.830833275
285260633456417,285260.633456542,285260.649977375,285260.683309375,16.520833306,49.852833268
285260650193667,285260.650193750,285260.666643375,285260.699975375,16.449625022,49.781624984
285260666792750,285260.666793000,285260.683309375,285260.716641375,16.516375006,49.848374969
285260683530625,285260.683530708,285260.699975375,285260.733307375,16.444666719,49.776666681
285260700133958,285260.700134375,285260.716641375,285260.749973375,16.506999964,49.838999985
285260716795417,285260.716795708,285260.733307375,285260.766639375,16.511666647,49.843666609
285260733468333,285260.733468625,285260.749973375,285260.783305375,16.504750005,49.836749968
285260750135500,285260.750136083,285260.766639375,285260.799971375,16.503291670,49.835291633
285260766789833,285260.766790083,285260.783305375,285260.816637375,16.515291703,49.847291666
285260783445000,285260.783445167,285260.799971375,285260.833303375,16.526208376,49.858208338
285260800114667,285260.800114750,285260.816637375,285260.849969375,16.522624996,49.854625016
285260816791250,285260.816791333,285260.833303375,285260.866635375,16.512041679,49.844041641
285260833538833,285260.833539042,285260.849969375,285260.883301375,16.430333315,49.762333278
285260850115875,285260.850116292,285260.866635375,285260.899967375,16.519083350,49.851083313
285260866745083,285260.866745208,285260.883301375,285260.916633375,16.556166694,49.888166657
285260883443833,285260.883445375,285260.899967375,285260.933299375,16.521999962,49.853999983
285260900042083,285260.900042208,285260.916633375,285260.949965375,16.591166670,49.923166633
285260916724875,285260.916725083,285260.933299375,285260.966631375,16.574291687,49.906291650
285260933367875,285260.933368000,285260.949965375,285260.983297375,16.597374983,49.929374945
285260950034333,285260.950034417,285260.966631375,285260.999963375,16.596958332,49.928958295
285260966703625,285260.966703750,285260.983297375,285261.016629375,16.593625012,49.925624975
285260983393542,285260.983393542,285260.999963375,285261.033295375,16.569833329,49.901833350
285261000044917,285261.000044917,285261.016629375,285261.049961375,16.584458295,49.916458258
285261016696958,285261.016697000,285261.033295375,285261.066627375,16.598374990,49.930374953
285261033364708,285261.033364917,285261.049961375,285261.083293375,16.596458328,49.928458291
285261050037375,285261.050037417,285261.066627375,285261.099959375,16.589958337,49.921958300
285261066669000,285261.066669042,285261.083293375,285261.116625375,16.624333279,49.956333300
285261083334250,285261.083334250,285261.099959375,285261.133291375,16.625124961,49.957124924
285261100032375,285261.100032417,285261.116625375,285261.149957375,16.592958302,49.924958264
285261116693833,285261.116693875,285261.133291375,285261.166623375,16.597500013,49.929499975
285261133369958,285261.133370000,285261.149957375,285261.183289375,16.587375023,49.919374986
285261150098000,285261.150098250,285261.166623375,285261.199955375,16.525125015,49.857124977
285261166790500,285261.166790542,285261.183289375,285261.216621375,16.498833313,49.830833334
285261183427958,285261.183428250,285261.199955375,285261.233287375,16.527124972,49.859124934
285261200229167,285261.200229458,285261.216621375,285261.249953375,16.391916666,49.723916629
285261216794000,285261.216794375,285261.233287375,285261.266619375,16.493000032,49.824999995
285261233461417,285261.233461542,285261.249953375,285261.283285375,16.491833376,49.823833338
285261250116625,285261.250116875,285261.266619375,285261.299951375,16.502499988,49.834500009
285261266788500,285261.266788625,285261.283285375,285261.316617375,16.496750002,49.828749965
285261283442917,285261.283443000,285261.299951375,285261.333283375,16.508375003,49.840374966
285261300175000,285261.300175125,285261.316617375,285261.349949375,16.442249995,49.774249957
285261316802000,285261.316802250,285261.333283375,285261.366615375,16.481125029,49.813124991
285261333378000,285261.333378042,285261.349949375,285261.383281375,16.571333341,49.903333304
285261350039917,285261.350040042,285261.366615375,285261.399947375,16.575333313,49.907333334
