event,epoch,tick_id,drawable_id,presentation_attempt_id,source_id,pair_a_id,pair_b_id,output_kind,mono_ns,a_escrow_complete_ns,b_escrow_complete_ns,g_requested_ns,g_submitted_ns,g_ready_ns,g_selected_ns,g_target_presentation_ns,display_target_presentation_ns
SOURCE_ESCROW_COMPLETE,1,0,0,0,1,0,0,1,305740772162458,0,0,0,0,0,0,0,0
SOURCE_ESCROW_COMPLETE,1,0,0,0,2,0,0,1,305740773588375,0,0,0,0,0,0,0,0
SOURCE_ESCROW_COMPLETE,1,0,0,0,3,0,0,1,305740800838416,0,0,0,0,0,0,0,0
SOURCE_ESCROW_COMPLETE,1,0,0,0,4,0,0,1,305740834020500,0,0,0,0,0,0,0,0
SOURCE_ESCROW_COMPLETE,1,0,0,0,5,0,0,1,305740868757458,0,0,0,0,0,0,0,0
SOURCE_ESCROW_COMPLETE,1,0,0,0,6,0,0,1,305740900784250,0,0,0,0,0,0,0,0
SOURCE_ESCROW_COMPLETE,1,0,0,0,7,0,0,1,305740934543083,0,0,0,0,0,0,0,0
SOURCE_ESCROW_COMPLETE,1,0,0,0,8,0,0,1,305740966656000,0,0,0,0,0,0,0,0
SOURCE_ESCROW_COMPLETE,1,0,0,0,9,0,0,1,305741000091041,0,0,0,0,0,0,0,0
SOURCE_ESCROW_COMPLETE,1,0,0,0,10,0,0,1,305741033491833,0,0,0,0,0,0,0,0
SOURCE_ESCROW_COMPLETE,1,0,0,0,11,0,0,1,305741066607333,0,0,0,0,0,0,0,0
SOURCE_ESCROW_COMPLETE,1,0,0,0,12,0,0,1,305741100884541,0,0,0,0,0,0,0,0
SOURCE_ESCROW_COMPLETE,1,0,0,0,13,0,0,1,305741133758375,0,0,0,0,0,0,0,0
SOURCE_ESCROW_COMPLETE,1,0,0,0,14,0,0,1,305741167512583,0,0,0,0,0,0,0,0
SOURCE_ESCROW_COMPLETE,1,0,0,0,15,0,0,1,305741201558166,0,0,0,0,0,0,0,0
SOURCE_ESCROW_COMPLETE,1,0,0,0,16,0,0,1,305741235664541,0,0,0,0,0,0,0,0
SOURCE_ESCROW_COMPLETE,1,0,0,0,17,0,0,1,305741269107458,0,0,0,0,0,0,0,0
SOURCE_ESCROW_COMPLETE,1,0,0,0,18,0,0,1,305741302043041,0,0,0,0,0,0,0,0
SOURCE_ESCROW_COMPLETE,1,0,0,0,19,0,0,1,305741335529500,0,0,0,0,0,0,0,0
SOURCE_ESCROW_COMPLETE,1,0,0,0,20,0,0,1,305741368829500,0,0,0,0,0,0,0,0
SOURCE_ESCROW_COMPLETE,1,0,0,0,21,0,0,1,305741401851041,0,0,0,0,0,0,0,0
SOURCE_ESCROW_COMPLETE,1,0,0,0,22,0,0,1,305741435450375,0,0,0,0,0,0,0,0
SOURCE_ESCROW_COMPLETE,1,0,0,0,23,0,0,1,305741468733708,0,0,0,0,0,0,0,0
SOURCE_ESCROW_COMPLETE,1,0,0,0,24,0,0,1,305741502544500,0,0,0,0,0,0,0,0
SOURCE_ESCROW_COMPLETE,1,0,0,0,25,0,0,1,305741535143833,0,0,0,0,0,0,0,0
SOURCE_ESCROW_COMPLETE,1,0,0,0,26,0,0,1,305741569502416,0,0,0,0,0,0,0,0
SOURCE_ESCROW_COMPLETE,1,0,0,0,27,0,0,1,305741602213916,0,0,0,0,0,0,0,0
SOURCE_ESCROW_COMPLETE,1,0,0,0,28,0,0,1,305741634966875,0,0,0,0,0,0,0,0
SOURCE_ESCROW_COMPLETE,1,0,0,0,29,0,0,1,305741669322375,0,0,0,0,0,0,0,0
SOURCE_ESCROW_COMPLETE,1,0,0,0,30,0,0,1,305741705365458,0,0,0,0,0,0,0,0
SOURCE_ESCROW_COMPLETE,1,0,0,0,31,0,0,1,305741733889625,0,0,0,0,0,0,0,0
SOURCE_ESCROW_COMPLETE,1,0,0,0,32,0,0,1,305741767743166,0,0,0,0,0,0,0,0
SOURCE_ESCROW_COMPLETE,1,0,0,0,33,0,0,1,305741807407250,0,0,0,0,0,0,0,0
SOURCE_ESCROW_COMPLETE,1,0,0,0,34,0,0,1,305741834305666,0,0,0,0,0,0,0,0
SOURCE_ESCROW_COMPLETE,1,0,0,0,35,0,0,1,305741871281916,0,0,0,0,0,0,0,0
SOURCE_ESCROW_COMPLETE,1,0,0,0,36,0,0,1,305741900783625,0,0,0,0,0,0,0,0
SOURCE_ESCROW_COMPLETE,1,0,0,0,37,0,0,1,305741934016625,0,0,0,0,0,0,0,0
SOURCE_ESCROW_COMPLETE,1,0,0,0,38,0,0,1,305741967220291,0,0,0,0,0,0,0,0
SOURCE_ESCROW_COMPLETE,1,0,0,0,39,0,0,1,305742001304916,0,0,0,0,0,0,0,0
SOURCE_ESCROW_COMPLETE,1,0,0,0,40,0,0,1,305742033835416,0,0,0,0,0,0,0,0
SOURCE_ESCROW_COMPLETE,1,0,0,0,41,0,0,1,305742068084750,0,0,0,0,0,0,0,0
SOURCE_ESCROW_COMPLETE,1,0,0,0,42,0,0,1,305742101619791,0,0,0,0,0,0,0,0
SOURCE_ESCROW_COMPLETE,1,0,0,0,43,0,0,1,305742134443833,0,0,0,0,0,0,0,0
SOURCE_ESCROW_COMPLETE,1,0,0,0,44,0,0,1,305742168803833,0,0,0,0,0,0,0,0
SOURCE_ESCROW_COMPLETE,1,0,0,0,45,0,0,1,305742201407708,0,0,0,0,0,0,0,0
SOURCE_ESCROW_COMPLETE,1,0,0,0,46,0,0,1,305742234545625,0,0,0,0,0,0,0,0
SOURCE_ESCROW_COMPLETE,1,0,0,0,47,0,0,1,305742268987333,0,0,0,0,0,0,0,0
SOURCE_ESCROW_COMPLETE,1,0,0,0,48,0,0,1,305742301370916,0,0,0,0,0,0,0,0
SOURCE_ESCROW_COMPLETE,1,0,0,0,49,0,0,1,305742334554333,0,0,0,0,0,0,0,0
SOURCE_ESCROW_COMPLETE,1,0,0,0,50,0,0,1,305742368025583,0,0,0,0,0,0,0,0
SOURCE_ESCROW_COMPLETE,1,0,0,0,51,0,0,1,305742402339333,0,0,0,0,0,0,0,0
SOURCE_ESCROW_COMPLETE,1,0,0,0,52,0,0,1,305742434571500,0,0,0,0,0,0,0,0
SOURCE_ESCROW_COMPLETE,1,0,0,0,53,0,0,1,305742468865583,0,0,0,0,0,0,0,0
SOURCE_ESCROW_COMPLETE,1,0,0,0,54,0,0,1,305742501415875,0,0,0,0,0,0,0,0
SOURCE_ESCROW_COMPLETE,1,0,0,0,55,0,0,1,305742534864708,0,0,0,0,0,0,0,0
SOURCE_ESCROW_COMPLETE,1,0,0,0,56,0,0,1,305742568262666,0,0,0,0,0,0,0,0
SOURCE_ESCROW_COMPLETE,1,0,0,0,57,0,0,1,305742602279458,0,0,0,0,0,0,0,0
SOURCE_ESCROW_COMPLETE,1,0,0,0,58,0,0,1,305742636387458,0,0,0,0,0,0,0,0
SOURCE_ESCROW_COMPLETE,1,0,0,0,59,0,0,1,305742668164541,0,0,0,0,0,0,0,0
SOURCE_ESCROW_COMPLETE,1,0,0,0,60,0,0,1,305742709512500,0,0,0,0,0,0,0,0
SOURCE_ESCROW_COMPLETE,1,0,0,0,61,0,0,1,305742734160291,0,0,0,0,0,0,0,0
SOURCE_ESCROW_COMPLETE,1,0,0,0,62,0,0,1,305742768261041,0,0,0,0,0,0,0,0
SOURCE_ESCROW_COMPLETE,1,0,0,0,63,0,0,1,305742802717458,0,0,0,0,0,0,0,0
SOURCE_ESCROW_COMPLETE,1,0,0,0,64,0,0,1,305742834293541,0,0,0,0,0,0,0,0
SOURCE_ESCROW_COMPLETE,1,0,0,0,65,0,0,1,305742868932416,0,0,0,0,0,0,0,0
SOURCE_ESCROW_COMPLETE,1,0,0,0,66,0,0,1,305742901016625,0,0,0,0,0,0,0,0
SOURCE_ESCROW_COMPLETE,1,0,0,0,67,0,0,1,305742934159791,0,0,0,0,0,0,0,0
SOURCE_ESCROW_COMPLETE,1,0,0,0,68,0,0,1,305742967429041,0,0,0,0,0,0,0,0
SOURCE_ESCROW_COMPLETE,1,0,0,0,69,0,0,1,305743001717958,0,0,0,0,0,0,0,0
SOURCE_ESCROW_COMPLETE,1,0,0,0,70,0,0,1,305743035643916,0,0,0,0,0,0,0,0
SOURCE_ESCROW_COMPLETE,1,0,0,0,71,0,0,1,305743068269916,0,0,0,0,0,0,0,0
SOURCE_ESCROW_COMPLETE,1,0,0,0,72,0,0,1,305743102018625,0,0,0,0,0,0,0,0
SOURCE_ESCROW_COMPLETE,1,0,0,0,73,0,0,1,305743135112458,0,0,0,0,0,0,0,0
SOURCE_ESCROW_COMPLETE,1,0,0,0,74,0,0,1,305743168650833,0,0,0,0,0,0,0,0
SOURCE_ESCROW_COMPLETE,1,0,0,0,75,0,0,1,305743202395541,0,0,0,0,0,0,0,0
SOURCE_ESCROW_COMPLETE,1,0,0,0,76,0,0,1,305743233762041,0,0,0,0,0,0,0,0
SOURCE_ESCROW_COMPLETE,1,0,0,0,77,0,0,1,305743267546583,0,0,0,0,0,0,0,0
SOURCE_ESCROW_COMPLETE,1,0,0,0,78,0,0,1,305743301128708,0,0,0,0,0,0,0,0
SOURCE_ESCROW_COMPLETE,1,0,0,0,79,0,0,1,305743334983708,0,0,0,0,0,0,0,0
SOURCE_ESCROW_COMPLETE,1,0,0,0,80,0,0,1,305743368807666,0,0,0,0,0,0,0,0
SOURCE_ESCROW_COMPLETE,1,0,0,0,81,0,0,1,305743401954458,0,0,0,0,0,0,0,0
SOURCE_ESCROW_COMPLETE,1,0,0,0,82,0,0,1,305743435713250,0,0,0,0,0,0,0,0
SOURCE_ESCROW_COMPLETE,1,0,0,0,83,0,0,1,305743468493708,0,0,0,0,0,0,0,0
SOURCE_ESCROW_COMPLETE,1,0,0,0,84,0,0,1,305743501764041,0,0,0,0,0,0,0,0
SOURCE_ESCROW_COMPLETE,1,0,0,0,85,0,0,1,305743535186750,0,0,0,0,0,0,0,0
SOURCE_ESCROW_COMPLETE,1,0,0,0,86,0,0,1,305743568609833,0,0,0,0,0,0,0,0
SOURCE_ESCROW_COMPLETE,1,0,0,0,87,0,0,1,305743602840750,0,0,0,0,0,0,0,0
SOURCE_ESCROW_COMPLETE,1,0,0,0,88,0,0,1,305743633836041,0,0,0,0,0,0,0,0
SOURCE_ESCROW_COMPLETE,1,0,0,0,89,0,0,1,305743668269583,0,0,0,0,0,0,0,0
SOURCE_ESCROW_COMPLETE,1,0,0,0,90,0,0,1,305743705830500,0,0,0,0,0,0,0,0
SOURCE_ESCROW_COMPLETE,1,0,0,0,91,0,0,1,305743734121375,0,0,0,0,0,0,0,0
SOURCE_ESCROW_COMPLETE,1,0,0,0,92,0,0,1,305743768161791,0,0,0,0,0,0,0,0
SOURCE_ESCROW_COMPLETE,1,0,0,0,93,0,0,1,305743801665750,0,0,0,0,0,0,0,0
SOURCE_ESCROW_COMPLETE,1,0,0,0,94,0,0,1,305743835723833,0,0,0,0,0,0,0,0
SOURCE_ESCROW_COMPLETE,1,0,0,0,95,0,0,1,305743868582041,0,0,0,0,0,0,0,0
SOURCE_ESCROW_COMPLETE,1,0,0,0,96,0,0,1,305743901690750,0,0,0,0,0,0,0,0
SOURCE_ESCROW_COMPLETE,1,0,0,0,97,0,0,1,305743934852166,0,0,0,0,0,0,0,0
SOURCE_ESCROW_COMPLETE,1,0,0,0,98,0,0,1,305743967746333,0,0,0,0,0,0,0,0
SOURCE_ESCROW_COMPLETE,1,0,0,0,99,0,0,1,305744001127083,0,0,0,0,0,0,0,0
SOURCE_ESCROW_COMPLETE,1,0,0,0,100,0,0,1,305744034585333,0,0,0,0,0,0,0,0
SOURCE_ESCROW_COMPLETE,1,0,0,0,101,0,0,1,305744069068500,0,0,0,0,0,0,0,0
SOURCE_ESCROW_COMPLETE,1,0,0,0,102,0,0,1,305744101349375,0,0,0,0,0,0,0,0
SOURCE_ESCROW_COMPLETE,1,0,0,0,103,0,0,1,305744135022875,0,0,0,0,0,0,0,0
SOURCE_ESCROW_COMPLETE,1,0,0,0,104,0,0,1,305744169312708,0,0,0,0,0,0,0,0
SOURCE_ESCROW_COMPLETE,1,0,0,0,105,0,0,1,305744201534708,0,0,0,0,0,0,0,0
SOURCE_ESCROW_COMPLETE,1,0,0,0,106,0,0,1,305744234974666,0,0,0,0,0,0,0,0
SOURCE_ESCROW_COMPLETE,1,0,0,0,107,0,0,1,305744268472541,0,0,0,0,0,0,0,0
SOURCE_ESCROW_COMPLETE,1,0,0,0,108,0,0,1,305744301918458,0,0,0,0,0,0,0,0
SOURCE_ESCROW_COMPLETE,1,0,0,0,109,0,0,1,305744334805791,0,0,0,0,0,0,0,0
SOURCE_ESCROW_COMPLETE,1,0,0,0,110,0,0,1,305744368977208,0,0,0,0,0,0,0,0
SOURCE_ESCROW_COMPLETE,1,0,0,0,111,0,0,1,305744402091625,0,0,0,0,0,0,0,0
SOURCE_ESCROW_COMPLETE,1,0,0,0,112,0,0,1,305744434458833,0,0,0,0,0,0,0,0
SOURCE_ESCROW_COMPLETE,1,0,0,0,113,0,0,1,305744467636250,0,0,0,0,0,0,0,0
SOURCE_ESCROW_COMPLETE,1,0,0,0,114,0,0,1,305744501886583,0,0,0,0,0,0,0,0
SOURCE_ESCROW_COMPLETE,1,0,0,0,115,0,0,1,305744534653500,0,0,0,0,0,0,0,0
SOURCE_ESCROW_COMPLETE,1,0,0,0,116,0,0,1,305744568771083,0,0,0,0,0,0,0,0
SOURCE_ESCROW_COMPLETE,1,0,0,0,117,0,0,1,305744602030541,0,0,0,0,0,0,0,0
SOURCE_ESCROW_COMPLETE,1,0,0,0,118,0,0,1,305744635604541,0,0,0,0,0,0,0,0
SOURCE_ESCROW_COMPLETE,1,0,0,0,119,0,0,1,305744669554375,0,0,0,0,0,0,0,0
SOURCE_ESCROW_COMPLETE,1,0,0,0,120,0,0,1,305744700296250,0,0,0,0,0,0,0,0
SOURCE_ESCROW_COMPLETE,1,0,0,0,121,0,0,1,305744735952750,0,0,0,0,0,0,0,0
SOURCE_ESCROW_COMPLETE,1,0,0,0,122,0,0,1,305744767949541,0,0,0,0,0,0,0,0
SOURCE_ESCROW_COMPLETE,1,0,0,0,123,0,0,1,305744802111958,0,0,0,0,0,0,0,0
SOURCE_ESCROW_COMPLETE,1,0,0,0,124,0,0,1,305744834626500,0,0,0,0,0,0,0,0
SOURCE_ESCROW_COMPLETE,1,0,0,0,125,0,0,1,305744869103000,0,0,0,0,0,0,0,0
SOURCE_ESCROW_COMPLETE,1,0,0,0,126,0,0,1,305744901846500,0,0,0,0,0,0,0,0
SOURCE_ESCROW_COMPLETE,1,0,0,0,127,0,0,1,305744934609750,0,0,0,0,0,0,0,0
SOURCE_ESCROW_COMPLETE,1,0,0,0,128,0,0,1,305744968979666,0,0,0,0,0,0,0,0
SOURCE_ESCROW_COMPLETE,1,0,0,0,129,0,0,1,305745000807541,0,0,0,0,0,0,0,0
SOURCE_ESCROW_COMPLETE,1,0,0,0,130,0,0,1,305745034787083,0,0,0,0,0,0,0,0
SOURCE_ESCROW_COMPLETE,1,0,0,0,131,0,0,1,305745069977458,0,0,0,0,0,0,0,0
SOURCE_ESCROW_COMPLETE,1,0,0,0,132,0,0,1,305745101911458,0,0,0,0,0,0,0,0
SOURCE_ESCROW_COMPLETE,1,0,0,0,133,0,0,1,305745135607291,0,0,0,0,0,0,0,0
SOURCE_ESCROW_COMPLETE,1,0,0,0,134,0,0,1,305745169273000,0,0,0,0,0,0,0,0
SOURCE_ESCROW_COMPLETE,1,0,0,0,135,0,0,1,305745202711333,0,0,0,0,0,0,0,0
SOURCE_ESCROW_COMPLETE,1,0,0,0,136,0,0,1,305745235776500,0,0,0,0,0,0,0,0
SOURCE_ESCROW_COMPLETE,1,0,0,0,137,0,0,1,305745268633500,0,0,0,0,0,0,0,0
SOURCE_ESCROW_COMPLETE,1,0,0,0,138,0,0,1,305745302382791,0,0,0,0,0,0,0,0
SOURCE_ESCROW_COMPLETE,1,0,0,0,139,0,0,1,305745334921250,0,0,0,0,0,0,0,0
SOURCE_ESCROW_COMPLETE,1,0,0,0,140,0,0,1,305745369320791,0,0,0,0,0,0,0,0
SOURCE_ESCROW_COMPLETE,1,0,0,0,141,0,0,1,305745402449541,0,0,0,0,0,0,0,0
SOURCE_ESCROW_COMPLETE,1,0,0,0,142,0,0,1,305745434719791,0,0,0,0,0,0,0,0
SOURCE_ESCROW_COMPLETE,1,0,0,0,143,0,0,1,305745468740333,0,0,0,0,0,0,0,0
SOURCE_ESCROW_COMPLETE,1,0,0,0,144,0,0,1,305745501562750,0,0,0,0,0,0,0,0
SOURCE_ESCROW_COMPLETE,1,0,0,0,145,0,0,1,305745534505875,0,0,0,0,0,0,0,0
SOURCE_ESCROW_COMPLETE,1,0,0,0,146,0,0,1,305745568349666,0,0,0,0,0,0,0,0
SOURCE_ESCROW_COMPLETE,1,0,0,0,147,0,0,1,305745602602916,0,0,0,0,0,0,0,0
SOURCE_ESCROW_COMPLETE,1,0,0,0,148,0,0,1,305745637177041,0,0,0,0,0,0,0,0
SOURCE_ESCROW_COMPLETE,1,0,0,0,149,0,0,1,305745669667750,0,0,0,0,0,0,0,0
SOURCE_ESCROW_COMPLETE,1,0,0,0,150,0,0,1,305745704142083,0,0,0,0,0,0,0,0
SOURCE_ESCROW_COMPLETE,1,0,0,0,151,0,0,1,305745734697333,0,0,0,0,0,0,0,0
SOURCE_ESCROW_COMPLETE,1,0,0,0,152,0,0,1,305745768136625,0,0,0,0,0,0,0,0
SOURCE_ESCROW_COMPLETE,1,0,0,0,153,0,0,1,305745802087375,0,0,0,0,0,0,0,0
SOURCE_ESCROW_COMPLETE,1,0,0,0,154,0,0,1,305745835550625,0,0,0,0,0,0,0,0
SOURCE_ESCROW_COMPLETE,1,0,0,0,155,0,0,1,305745871036958,0,0,0,0,0,0,0,0
SOURCE_ESCROW_COMPLETE,1,0,0,0,156,0,0,1,305745900516625,0,0,0,0,0,0,0,0
SOURCE_ESCROW_COMPLETE,1,0,0,0,157,0,0,1,305745933832750,0,0,0,0,0,0,0,0
SOURCE_ESCROW_COMPLETE,1,0,0,0,158,0,0,1,305745967922750,0,0,0,0,0,0,0,0
SOURCE_ESCROW_COMPLETE,1,0,0,0,159,0,0,1,305746000511500,0,0,0,0,0,0,0,0
SOURCE_ESCROW_COMPLETE,1,0,0,0,160,0,0,1,305746033820000,0,0,0,0,0,0,0,0
SOURCE_ESCROW_COMPLETE,1,0,0,0,161,0,0,1,305746067141000,0,0,0,0,0,0,0,0
SOURCE_ESCROW_COMPLETE,1,0,0,0,162,0,0,1,305746101077416,0,0,0,0,0,0,0,0
SOURCE_ESCROW_COMPLETE,1,0,0,0,163,0,0,1,305746134749791,0,0,0,0,0,0,0,0
SOURCE_ESCROW_COMPLETE,1,0,0,0,164,0,0,1,305746168090291,0,0,0,0,0,0,0,0
SOURCE_ESCROW_COMPLETE,1,0,0,0,165,0,0,1,305746200966166,0,0,0,0,0,0,0,0
SOURCE_ESCROW_COMPLETE,1,0,0,0,166,0,0,1,305746234656625,0,0,0,0,0,0,0,0
SOURCE_ESCROW_COMPLETE,1,0,0,0,167,0,0,1,305746267814500,0,0,0,0,0,0,0,0
SOURCE_ESCROW_COMPLETE,1,0,0,0,168,0,0,1,305746302290125,0,0,0,0,0,0,0,0
SOURCE_ESCROW_COMPLETE,1,0,0,0,169,0,0,1,305746333914291,0,0,0,0,0,0,0,0
SOURCE_ESCROW_COMPLETE,1,0,0,0,170,0,0,1,305746367960416,0,0,0,0,0,0,0,0
SOURCE_ESCROW_COMPLETE,1,0,0,0,171,0,0,1,305746402010583,0,0,0,0,0,0,0,0
SOURCE_ESCROW_COMPLETE,1,0,0,0,172,0,0,1,305746433703166,0,0,0,0,0,0,0,0
SOURCE_ESCROW_COMPLETE,1,0,0,0,173,0,0,1,305746468373416,0,0,0,0,0,0,0,0
SOURCE_ESCROW_COMPLETE,1,0,0,0,174,0,0,1,305746502113166,0,0,0,0,0,0,0,0
SOURCE_ESCROW_COMPLETE,1,0,0,0,175,0,0,1,305746534843708,0,0,0,0,0,0,0,0
SOURCE_ESCROW_COMPLETE,1,0,0,0,176,0,0,1,305746568710833,0,0,0,0,0,0,0,0
SOURCE_ESCROW_COMPLETE,1,0,0,0,177,0,0,1,305746601957000,0,0,0,0,0,0,0,0
SOURCE_ESCROW_COMPLETE,1,0,0,0,178,0,0,1,305746637190958,0,0,0,0,0,0,0,0
SOURCE_ESCROW_COMPLETE,1,0,0,0,179,0,0,1,305746669962166,0,0,0,0,0,0,0,0
SOURCE_ESCROW_COMPLETE,1,0,0,0,180,0,0,1,305746710364500,0,0,0,0,0,0,0,0
SOURCE_ESCROW_COMPLETE,1,0,0,0,181,0,0,1,305746733427291,0,0,0,0,0,0,0,0
SOURCE_ESCROW_COMPLETE,1,0,0,0,182,0,0,1,305746767726958,0,0,0,0,0,0,0,0
SOURCE_ESCROW_COMPLETE,1,0,0,0,183,0,0,1,305746801960250,0,0,0,0,0,0,0,0
SOURCE_ESCROW_COMPLETE,1,0,0,0,184,0,0,1,305746835659333,0,0,0,0,0,0,0,0
SOURCE_ESCROW_COMPLETE,1,0,0,0,185,0,0,1,305746867333125,0,0,0,0,0,0,0,0
SOURCE_ESCROW_COMPLETE,1,0,0,0,186,0,0,1,305746901411833,0,0,0,0,0,0,0,0
SOURCE_ESCROW_COMPLETE,1,0,0,0,187,0,0,1,305746934436583,0,0,0,0,0,0,0,0
SOURCE_ESCROW_COMPLETE,1,0,0,0,188,0,0,1,305746968879416,0,0,0,0,0,0,0,0
SOURCE_ESCROW_COMPLETE,1,0,0,0,189,0,0,1,305747003362125,0,0,0,0,0,0,0,0
SOURCE_ESCROW_COMPLETE,1,0,0,0,190,0,0,1,305747034959166,0,0,0,0,0,0,0,0
SOURCE_ESCROW_COMPLETE,1,0,0,0,191,0,0,1,305747067900250,0,0,0,0,0,0,0,0
SOURCE_ESCROW_COMPLETE,1,0,0,0,192,0,0,1,305747102192000,0,0,0,0,0,0,0,0
SOURCE_ESCROW_COMPLETE,1,0,0,0,193,0,0,1,305747135131166,0,0,0,0,0,0,0,0
SOURCE_ESCROW_COMPLETE,1,0,0,0,194,0,0,1,305747168113291,0,0,0,0,0,0,0,0
SOURCE_ESCROW_COMPLETE,1,0,0,0,195,0,0,1,305747202809250,0,0,0,0,0,0,0,0
SOURCE_ESCROW_COMPLETE,1,0,0,0,196,0,0,1,305747235838083,0,0,0,0,0,0,0,0
SOURCE_ESCROW_COMPLETE,1,0,0,0,197,0,0,1,305747269179416,0,0,0,0,0,0,0,0
SOURCE_ESCROW_COMPLETE,1,0,0,0,198,0,0,1,305747304233708,0,0,0,0,0,0,0,0
SOURCE_ESCROW_COMPLETE,1,0,0,0,199,0,0,1,305747334545000,0,0,0,0,0,0,0,0
SOURCE_ESCROW_COMPLETE,1,0,0,0,200,0,0,1,305747368605541,0,0,0,0,0,0,0,0
SOURCE_ESCROW_COMPLETE,1,0,0,0,201,0,0,1,305747401531625,0,0,0,0,0,0,0,0
SOURCE_ESCROW_COMPLETE,1,0,0,0,202,0,0,1,305747435543416,0,0,0,0,0,0,0,0
SOURCE_ESCROW_COMPLETE,1,0,0,0,203,0,0,1,305747468349000,0,0,0,0,0,0,0,0
SOURCE_ESCROW_COMPLETE,1,0,0,0,204,0,0,1,305747503175916,0,0,0,0,0,0,0,0
SOURCE_ESCROW_COMPLETE,1,0,0,0,205,0,0,1,305747534849000,0,0,0,0,0,0,0,0
SOURCE_ESCROW_COMPLETE,1,0,0,0,206,0,0,1,305747568539125,0,0,0,0,0,0,0,0
SOURCE_ESCROW_COMPLETE,1,0,0,0,207,0,0,1,305747602798375,0,0,0,0,0,0,0,0
SOURCE_ESCROW_COMPLETE,1,0,0,0,208,0,0,1,305747636076041,0,0,0,0,0,0,0,0
SOURCE_ESCROW_COMPLETE,1,0,0,0,209,0,0,1,305747668271458,0,0,0,0,0,0,0,0
SOURCE_ESCROW_COMPLETE,1,0,0,0,210,0,0,1,305747718897166,0,0,0,0,0,0,0,0
SOURCE_ESCROW_COMPLETE,1,0,0,0,211,0,0,1,305747733795416,0,0,0,0,0,0,0,0
SOURCE_ESCROW_COMPLETE,1,0,0,0,212,0,0,1,305747766988416,0,0,0,0,0,0,0,0
SOURCE_ESCROW_COMPLETE,1,0,0,0,213,0,0,1,305747801586541,0,0,0,0,0,0,0,0
SOURCE_ESCROW_COMPLETE,1,0,0,0,214,0,0,1,305747834771416,0,0,0,0,0,0,0,0
SOURCE_ESCROW_COMPLETE,1,0,0,0,215,0,0,1,305747868227833,0,0,0,0,0,0,0,0
SOURCE_ESCROW_COMPLETE,1,0,0,0,216,0,0,1,305747902035541,0,0,0,0,0,0,0,0
SOURCE_ESCROW_COMPLETE,1,0,0,0,217,0,0,1,305747934921833,0,0,0,0,0,0,0,0
SOURCE_ESCROW_COMPLETE,1,0,0,0,218,0,0,1,305747968906291,0,0,0,0,0,0,0,0
SOURCE_ESCROW_COMPLETE,1,0,0,0,219,0,0,1,305748002147208,0,0,0,0,0,0,0,0
SOURCE_ESCROW_COMPLETE,1,0,0,0,220,0,0,1,305748034429500,0,0,0,0,0,0,0,0
SOURCE_ESCROW_COMPLETE,1,0,0,0,221,0,0,1,305748067391750,0,0,0,0,0,0,0,0
SOURCE_ESCROW_COMPLETE,1,0,0,0,222,0,0,1,305748100619166,0,0,0,0,0,0,0,0
SOURCE_ESCROW_COMPLETE,1,0,0,0,223,0,0,1,305748135081291,0,0,0,0,0,0,0,0
SOURCE_ESCROW_COMPLETE,1,0,0,0,224,0,0,1,305748167854875,0,0,0,0,0,0,0,0
SOURCE_ESCROW_COMPLETE,1,0,0,0,225,0,0,1,305748201575958,0,0,0,0,0,0,0,0
SOURCE_ESCROW_COMPLETE,1,0,0,0,226,0,0,1,305748234124208,0,0,0,0,0,0,0,0
SOURCE_ESCROW_COMPLETE,1,0,0,0,227,0,0,1,305748267521791,0,0,0,0,0,0,0,0
SOURCE_ESCROW_COMPLETE,1,0,0,0,228,0,0,1,305748300901916,0,0,0,0,0,0,0,0
SOURCE_ESCROW_COMPLETE,1,0,0,0,229,0,0,1,305748334103416,0,0,0,0,0,0,0,0
SOURCE_ESCROW_COMPLETE,1,0,0,0,230,0,0,1,305748367461541,0,0,0,0,0,0,0,0
SOURCE_ESCROW_COMPLETE,1,0,0,0,231,0,0,1,305748401849958,0,0,0,0,0,0,0,0
SOURCE_ESCROW_COMPLETE,1,0,0,0,232,0,0,1,305748435077833,0,0,0,0,0,0,0,0
SOURCE_ESCROW_COMPLETE,1,0,0,0,233,0,0,1,305748469154500,0,0,0,0,0,0,0,0
SOURCE_ESCROW_COMPLETE,1,0,0,0,234,0,0,1,305748502423541,0,0,0,0,0,0,0,0
SOURCE_ESCROW_COMPLETE,1,0,0,0,235,0,0,1,305748535236208,0,0,0,0,0,0,0,0
SOURCE_ESCROW_COMPLETE,1,0,0,0,236,0,0,1,305748569243541,0,0,0,0,0,0,0,0
SOURCE_ESCROW_COMPLETE,1,0,0,0,237,0,0,1,305748600289000,0,0,0,0,0,0,0,0
SOURCE_ESCROW_COMPLETE,1,0,0,0,238,0,0,1,305748633927958,0,0,0,0,0,0,0,0
SOURCE_ESCROW_COMPLETE,1,0,0,0,239,0,0,1,305748667793375,0,0,0,0,0,0,0,0
SOURCE_ESCROW_COMPLETE,1,0,0,0,240,0,0,1,305748704152541,0,0,0,0,0,0,0,0
SOURCE_ESCROW_COMPLETE,1,0,0,0,241,0,0,1,305748734912583,0,0,0,0,0,0,0,0
SOURCE_ESCROW_COMPLETE,1,0,0,0,242,0,0,1,305748769150958,0,0,0,0,0,0,0,0
SOURCE_ESCROW_COMPLETE,1,0,0,0,243,0,0,1,305748800856291,0,0,0,0,0,0,0,0
SOURCE_ESCROW_COMPLETE,1,0,0,0,244,0,0,1,305748833575916,0,0,0,0,0,0,0,0
SOURCE_ESCROW_COMPLETE,1,0,0,0,245,0,0,1,305748867921958,0,0,0,0,0,0,0,0
SOURCE_ESCROW_COMPLETE,1,0,0,0,246,0,0,1,305748900942875,0,0,0,0,0,0,0,0
SOURCE_ESCROW_COMPLETE,1,0,0,0,247,0,0,1,305748934034791,0,0,0,0,0,0,0,0
SOURCE_ESCROW_COMPLETE,1,0,0,0,248,0,0,1,305748966384458,0,0,0,0,0,0,0,0
SOURCE_ESCROW_COMPLETE,1,0,0,0,249,0,0,1,305749000535666,0,0,0,0,0,0,0,0
SOURCE_ESCROW_COMPLETE,1,0,0,0,250,0,0,1,305749033676708,0,0,0,0,0,0,0,0
SOURCE_ESCROW_COMPLETE,1,0,0,0,251,0,0,1,305749066875458,0,0,0,0,0,0,0,0
SOURCE_ESCROW_COMPLETE,1,0,0,0,252,0,0,1,305749099973416,0,0,0,0,0,0,0,0
SOURCE_ESCROW_COMPLETE,1,0,0,0,253,0,0,1,305749133106750,0,0,0,0,0,0,0,0
SOURCE_ESCROW_COMPLETE,1,0,0,0,254,0,0,1,305749167200708,0,0,0,0,0,0,0,0
SOURCE_ESCROW_COMPLETE,1,0,0,0,255,0,0,1,305749205535541,0,0,0,0,0,0,0,0
SOURCE_ESCROW_COMPLETE,1,0,0,0,256,0,0,1,305749233247250,0,0,0,0,0,0,0,0
SOURCE_ESCROW_COMPLETE,1,0,0,0,257,0,0,1,305749266416375,0,0,0,0,0,0,0,0
SOURCE_ESCROW_COMPLETE,1,0,0,0,258,0,0,1,305749300577375,0,0,0,0,0,0,0,0
SOURCE_ESCROW_COMPLETE,1,0,0,0,259,0,0,1,305749333782416,0,0,0,0,0,0,0,0
SOURCE_ESCROW_COMPLETE,1,0,0,0,260,0,0,1,305749366958166,0,0,0,0,0,0,0,0
SOURCE_ESCROW_COMPLETE,1,0,0,0,261,0,0,1,305749400116791,0,0,0,0,0,0,0,0
SOURCE_ESCROW_COMPLETE,1,0,0,0,262,0,0,1,305749433305041,0,0,0,0,0,0,0,0
SOURCE_ESCROW_COMPLETE,1,0,0,0,263,0,0,1,305749466421916,0,0,0,0,0,0,0,0
SOURCE_ESCROW_COMPLETE,1,0,0,0,264,0,0,1,305749500556666,0,0,0,0,0,0,0,0
SOURCE_ESCROW_COMPLETE,1,0,0,0,265,0,0,1,305749533659625,0,0,0,0,0,0,0,0
SOURCE_ESCROW_COMPLETE,1,0,0,0,266,0,0,1,305749566270458,0,0,0,0,0,0,0,0
SOURCE_ESCROW_COMPLETE,1,0,0,0,267,0,0,1,305749599626416,0,0,0,0,0,0,0,0
SOURCE_ESCROW_COMPLETE,1,0,0,0,268,0,0,1,305749633723583,0,0,0,0,0,0,0,0
SOURCE_ESCROW_COMPLETE,1,0,0,0,269,0,0,1,305749666888166,0,0,0,0,0,0,0,0
SOURCE_ESCROW_COMPLETE,1,0,0,0,270,0,0,1,305749700026500,0,0,0,0,0,0,0,0
SOURCE_ESCROW_COMPLETE,1,0,0,0,271,0,0,1,305749733135208,0,0,0,0,0,0,0,0
SOURCE_ESCROW_COMPLETE,1,0,0,0,272,0,0,1,305749767258416,0,0,0,0,0,0,0,0
SOURCE_ESCROW_COMPLETE,1,0,0,0,273,0,0,1,305749800362125,0,0,0,0,0,0,0,0
SOURCE_ESCROW_COMPLETE,1,0,0,0,274,0,0,1,305749833583458,0,0,0,0,0,0,0,0
SOURCE_ESCROW_COMPLETE,1,0,0,0,275,0,0,1,305749866962958,0,0,0,0,0,0,0,0
SOURCE_ESCROW_COMPLETE,1,0,0,0,276,0,0,1,305749899833041,0,0,0,0,0,0,0,0
SOURCE_ESCROW_COMPLETE,1,0,0,0,277,0,0,1,305749933996208,0,0,0,0,0,0,0,0
SOURCE_ESCROW_COMPLETE,1,0,0,0,278,0,0,1,305749967184166,0,0,0,0,0,0,0,0
SOURCE_ESCROW_COMPLETE,1,0,0,0,279,0,0,1,305749999790125,0,0,0,0,0,0,0,0
SOURCE_ESCROW_COMPLETE,1,0,0,0,280,0,0,1,305750033890750,0,0,0,0,0,0,0,0
SOURCE_ESCROW_COMPLETE,1,0,0,0,281,0,0,1,305750067202208,0,0,0,0,0,0,0,0
SOURCE_ESCROW_COMPLETE,1,0,0,0,282,0,0,1,305750100382958,0,0,0,0,0,0,0,0
SOURCE_ESCROW_COMPLETE,1,0,0,0,283,0,0,1,305750133603583,0,0,0,0,0,0,0,0
SOURCE_ESCROW_COMPLETE,1,0,0,0,284,0,0,1,305750166631458,0,0,0,0,0,0,0,0
SOURCE_ESCROW_COMPLETE,1,0,0,0,285,0,0,1,305750199799083,0,0,0,0,0,0,0,0
SOURCE_ESCROW_COMPLETE,1,0,0,0,286,0,0,1,305750233976041,0,0,0,0,0,0,0,0
SOURCE_ESCROW_COMPLETE,1,0,0,0,287,0,0,1,305750266497166,0,0,0,0,0,0,0,0
SOURCE_ESCROW_COMPLETE,1,0,0,0,288,0,0,1,305750300648750,0,0,0,0,0,0,0,0
SOURCE_ESCROW_COMPLETE,1,0,0,0,289,0,0,1,305750333784333,0,0,0,0,0,0,0,0
SOURCE_ESCROW_COMPLETE,1,0,0,0,290,0,0,1,305750366924833,0,0,0,0,0,0,0,0
SOURCE_ESCROW_COMPLETE,1,0,0,0,291,0,0,1,305750400089708,0,0,0,0,0,0,0,0
SOURCE_ESCROW_COMPLETE,1,0,0,0,292,0,0,1,305750433179291,0,0,0,0,0,0,0,0
SOURCE_ESCROW_COMPLETE,1,0,0,0,293,0,0,1,305750466289625,0,0,0,0,0,0,0,0
SOURCE_ESCROW_COMPLETE,1,0,0,0,294,0,0,1,305750499629583,0,0,0,0,0,0,0,0
SOURCE_ESCROW_COMPLETE,1,0,0,0,295,0,0,1,305750533773750,0,0,0,0,0,0,0,0
SOURCE_ESCROW_COMPLETE,1,0,0,0,296,0,0,1,305750566891291,0,0,0,0,0,0,0,0
SOURCE_ESCROW_COMPLETE,1,0,0,0,297,0,0,1,305750599993500,0,0,0,0,0,0,0,0
SOURCE_ESCROW_COMPLETE,1,0,0,0,298,0,0,1,305750633127416,0,0,0,0,0,0,0,0
SOURCE_ESCROW_COMPLETE,1,0,0,0,299,0,0,1,305750666975291,0,0,0,0,0,0,0,0
SOURCE_ESCROW_COMPLETE,1,0,0,0,300,0,0,1,305750700103000,0,0,0,0,0,0,0,0
SOURCE_ESCROW_COMPLETE,1,0,0,0,301,0,0,1,305750738862333,0,0,0,0,0,0,0,0
SOURCE_ESCROW_COMPLETE,1,0,0,0,302,0,0,1,305750766753250,0,0,0,0,0,0,0,0
SOURCE_ESCROW_COMPLETE,1,0,0,0,303,0,0,1,305750799772416,0,0,0,0,0,0,0,0
SOURCE_ESCROW_COMPLETE,1,0,0,0,304,0,0,1,305750833979250,0,0,0,0,0,0,0,0
SOURCE_ESCROW_COMPLETE,1,0,0,0,305,0,0,1,305750867409041,0,0,0,0,0,0,0,0
SOURCE_ESCROW_COMPLETE,1,0,0,0,306,0,0,1,305750900616833,0,0,0,0,0,0,0,0
SOURCE_ESCROW_COMPLETE,1,0,0,0,307,0,0,1,305750933057250,0,0,0,0,0,0,0,0
SOURCE_ESCROW_COMPLETE,1,0,0,0,308,0,0,1,305750967413666,0,0,0,0,0,0,0,0
SOURCE_ESCROW_COMPLETE,1,0,0,0,309,0,0,1,305751000508208,0,0,0,0,0,0,0,0
SOURCE_ESCROW_COMPLETE,1,0,0,0,310,0,0,1,305751033647708,0,0,0,0,0,0,0,0
SOURCE_ESCROW_COMPLETE,1,0,0,0,311,0,0,1,305751066847375,0,0,0,0,0,0,0,0
SOURCE_ESCROW_COMPLETE,1,0,0,0,312,0,0,1,305751099999958,0,0,0,0,0,0,0,0
SOURCE_ESCROW_COMPLETE,1,0,0,0,313,0,0,1,305751132964125,0,0,0,0,0,0,0,0
SOURCE_ESCROW_COMPLETE,1,0,0,0,314,0,0,1,305751167043875,0,0,0,0,0,0,0,0
SOURCE_ESCROW_COMPLETE,1,0,0,0,315,0,0,1,305751199594208,0,0,0,0,0,0,0,0
SOURCE_ESCROW_COMPLETE,1,0,0,0,316,0,0,1,305751233700000,0,0,0,0,0,0,0,0
SOURCE_ESCROW_COMPLETE,1,0,0,0,317,0,0,1,305751266241333,0,0,0,0,0,0,0,0
SOURCE_ESCROW_COMPLETE,1,0,0,0,318,0,0,1,305751300324250,0,0,0,0,0,0,0,0
SOURCE_ESCROW_COMPLETE,1,0,0,0,319,0,0,1,305751333440625,0,0,0,0,0,0,0,0
SOURCE_ESCROW_COMPLETE,1,0,0,0,320,0,0,1,305751366602791,0,0,0,0,0,0,0,0
SOURCE_ESCROW_COMPLETE,1,0,0,0,321,0,0,1,305751399642166,0,0,0,0,0,0,0,0
SOURCE_ESCROW_COMPLETE,1,0,0,0,322,0,0,1,305751433754875,0,0,0,0,0,0,0,0
SOURCE_ESCROW_COMPLETE,1,0,0,0,323,0,0,1,305751466868750,0,0,0,0,0,0,0,0
SOURCE_ESCROW_COMPLETE,1,0,0,0,324,0,0,1,305751499620958,0,0,0,0,0,0,0,0
SOURCE_ESCROW_COMPLETE,1,0,0,0,325,0,0,1,305751532957041,0,0,0,0,0,0,0,0
SOURCE_ESCROW_COMPLETE,1,0,0,0,326,0,0,1,305751567107500,0,0,0,0,0,0,0,0
SOURCE_ESCROW_COMPLETE,1,0,0,0,327,0,0,1,305751600270583,0,0,0,0,0,0,0,0
SOURCE_ESCROW_COMPLETE,1,0,0,0,328,0,0,1,305751633388958,0,0,0,0,0,0,0,0
SOURCE_ESCROW_COMPLETE,1,0,0,0,329,0,0,1,305751666336291,0,0,0,0,0,0,0,0
SOURCE_ESCROW_COMPLETE,1,0,0,0,330,0,0,1,305751700382208,0,0,0,0,0,0,0,0
SOURCE_ESCROW_COMPLETE,1,0,0,0,331,0,0,1,305751732953500,0,0,0,0,0,0,0,0
SOURCE_ESCROW_COMPLETE,1,0,0,0,332,0,0,1,305751767166375,0,0,0,0,0,0,0,0
SOURCE_ESCROW_COMPLETE,1,0,0,0,333,0,0,1,305751800253208,0,0,0,0,0,0,0,0
SOURCE_ESCROW_COMPLETE,1,0,0,0,334,0,0,1,305751833424750,0,0,0,0,0,0,0,0
SOURCE_ESCROW_COMPLETE,1,0,0,0,335,0,0,1,305751866566916,0,0,0,0,0,0,0,0
SOURCE_ESCROW_COMPLETE,1,0,0,0,336,0,0,1,305751899625208,0,0,0,0,0,0,0,0
SOURCE_ESCROW_COMPLETE,1,0,0,0,337,0,0,1,305751933785375,0,0,0,0,0,0,0,0
SOURCE_ESCROW_COMPLETE,1,0,0,0,338,0,0,1,305751966937458,0,0,0,0,0,0,0,0
SOURCE_ESCROW_COMPLETE,1,0,0,0,339,0,0,1,305751999631291,0,0,0,0,0,0,0,0
SOURCE_ESCROW_COMPLETE,1,0,0,0,340,0,0,1,305752033761125,0,0,0,0,0,0,0,0
SOURCE_ESCROW_COMPLETE,1,0,0,0,341,0,0,1,305752067223041,0,0,0,0,0,0,0,0
SOURCE_ESCROW_COMPLETE,1,0,0,0,342,0,0,1,305752099687250,0,0,0,0,0,0,0,0
SOURCE_ESCROW_COMPLETE,1,0,0,0,343,0,0,1,305752133823041,0,0,0,0,0,0,0,0
SOURCE_ESCROW_COMPLETE,1,0,0,0,344,0,0,1,305752166301875,0,0,0,0,0,0,0,0
SOURCE_ESCROW_COMPLETE,1,0,0,0,345,0,0,1,305752199676416,0,0,0,0,0,0,0,0
SOURCE_ESCROW_COMPLETE,1,0,0,0,346,0,0,1,305752233826708,0,0,0,0,0,0,0,0
SOURCE_ESCROW_COMPLETE,1,0,0,0,347,0,0,1,305752266948833,0,0,0,0,0,0,0,0
SOURCE_ESCROW_COMPLETE,1,0,0,0,348,0,0,1,305752300028166,0,0,0,0,0,0,0,0
SOURCE_ESCROW_COMPLETE,1,0,0,0,349,0,0,1,305752333203291,0,0,0,0,0,0,0,0
SOURCE_ESCROW_COMPLETE,1,0,0,0,350,0,0,1,305752366364125,0,0,0,0,0,0,0,0
SOURCE_ESCROW_COMPLETE,1,0,0,0,351,0,0,1,305752399665708,0,0,0,0,0,0,0,0
SOURCE_ESCROW_COMPLETE,1,0,0,0,352,0,0,1,305752433785916,0,0,0,0,0,0,0,0
SOURCE_ESCROW_COMPLETE,1,0,0,0,353,0,0,1,305752466334875,0,0,0,0,0,0,0,0
SOURCE_ESCROW_COMPLETE,1,0,0,0,354,0,0,1,305752499646833,0,0,0,0,0,0,0,0
SOURCE_ESCROW_COMPLETE,1,0,0,0,355,0,0,1,305752533883541,0,0,0,0,0,0,0,0
SOURCE_ESCROW_COMPLETE,1,0,0,0,356,0,0,1,305752566347750,0,0,0,0,0,0,0,0
SOURCE_ESCROW_COMPLETE,1,0,0,0,357,0,0,1,305752600100708,0,0,0,0,0,0,0,0
SOURCE_ESCROW_COMPLETE,1,0,0,0,358,0,0,1,305752633004208,0,0,0,0,0,0,0,0
SOURCE_ESCROW_COMPLETE,1,0,0,0,359,0,0,1,305752670741083,0,0,0,0,0,0,0,0
SOURCE_ESCROW_COMPLETE,1,0,0,0,360,0,0,1,305752700435958,0,0,0,0,0,0,0,0
SOURCE_ESCROW_COMPLETE,1,0,0,0,361,0,0,1,305752734238041,0,0,0,0,0,0,0,0
