event,seq,count_hr,count,stats_hr,stats_present,stats_refresh,sync_refresh,sync_qpc,wait,index,buffer0_identity,buffer1_identity,buffer0_hr,buffer1_hr,device_removed
setup,0,00000000,00000000000000a4,00000000,00000000,1
observe,1,00000000,1,887a000b,0,39839010,39839010,0,0,0,000000000090b990,00000000009d0550,00000000,00000000,00000000
observe,2,00000000,2,00000000,1,39839010,39839010,6639834888905,258,0,000000000090b990,00000000009d0550,00000000,00000000,00000000
observe,3,00000000,3,00000000,1,39839010,39839010,6639834888905,0,0,000000000090b990,00000000009d0550,00000000,00000000,00000000
observe,4,00000000,4,00000000,2,39839010,39839010,6639834919108,0,0,000000000090b990,00000000009d0550,00000000,00000000,00000000
observe,5,00000000,5,00000000,3,39839011,39839011,6639834935145,0,0,000000000090b990,00000000009d0550,00000000,00000000,00000000
observe,6,00000000,6,00000000,4,39839011,39839011,6639834946439,0,0,000000000090b990,00000000009d0550,00000000,00000000,00000000
observe,7,00000000,7,00000000,5,39839011,39839011,6639834950832,0,0,000000000090b990,00000000009d0550,00000000,00000000,00000000
observe,8,00000000,8,00000000,6,39839011,39839011,6639834959272,0,0,000000000090b990,00000000009d0550,00000000,00000000,00000000
observe,9,00000000,9,00000000,7,39839011,39839011,6639834963800,0,0,000000000090b990,00000000009d0550,00000000,00000000,00000000
observe,10,00000000,10,00000000,8,39839011,39839011,6639834969760,0,0,000000000090b990,00000000009d0550,00000000,00000000,00000000
observe,11,00000000,11,00000000,9,39839011,39839011,6639834974701,0,0,000000000090b990,00000000009d0550,00000000,00000000,00000000
observe,12,00000000,12,00000000,10,39839011,39839011,6639834979682,0,0,000000000090b990,00000000009d0550,00000000,00000000,00000000
observe,13,00000000,13,00000000,11,39839011,39839011,6639834983799,0,0,000000000090b990,00000000009d0550,00000000,00000000,00000000
observe,14,00000000,14,00000000,12,39839011,39839011,6639834992610,0,0,000000000090b990,00000000009d0550,00000000,00000000,00000000
observe,15,00000000,15,00000000,13,39839011,39839011,6639834998625,0,0,000000000090b990,00000000009d0550,00000000,00000000,00000000
observe,16,00000000,16,00000000,14,39839011,39839011,6639835002798,0,0,000000000090b990,00000000009d0550,00000000,00000000,00000000
observe,17,00000000,17,00000000,15,39839011,39839011,6639835014729,0,0,000000000090b990,00000000009d0550,00000000,00000000,00000000
observe,18,00000000,18,00000000,16,39839011,39839011,6639835021758,0,0,000000000090b990,00000000009d0550,00000000,00000000,00000000
observe,19,00000000,19,00000000,17,39839011,39839012,6639835025648,0,0,000000000090b990,00000000009d0550,00000000,00000000,00000000
observe,20,00000000,20,00000000,18,39839012,39839013,6639835181034,0,0,000000000090b990,00000000009d0550,00000000,00000000,00000000
observe,21,00000000,21,00000000,19,39839013,39839014,6639835346268,0,0,000000000090b990,00000000009d0550,00000000,00000000,00000000
observe,22,00000000,22,00000000,20,39839014,39839015,6639835514474,0,0,000000000090b990,00000000009d0550,00000000,00000000,00000000
observe,23,00000000,23,00000000,21,39839015,39839016,6639835681267,0,0,000000000090b990,00000000009d0550,00000000,00000000,00000000
observe,24,00000000,24,00000000,22,39839016,39839017,6639835848599,0,0,000000000090b990,00000000009d0550,00000000,00000000,00000000
observe,25,00000000,25,00000000,23,39839017,39839018,6639836015441,0,0,000000000090b990,00000000009d0550,00000000,00000000,00000000
observe,26,00000000,26,00000000,24,39839018,39839019,6639836182906,0,0,000000000090b990,00000000009d0550,00000000,00000000,00000000
observe,27,00000000,27,00000000,25,39839019,39839020,6639836348152,0,0,000000000090b990,00000000009d0550,00000000,00000000,00000000
observe,28,00000000,28,00000000,27,39839021,39839022,6639836689673,0,0,000000000090b990,00000000009d0550,00000000,00000000,00000000
observe,29,00000000,29,00000000,28,39839023,39839024,6639837022690,0,0,000000000090b990,00000000009d0550,00000000,00000000,00000000
observe,30,00000000,30,00000000,29,39839024,39839026,6639837190035,0,0,000000000090b990,00000000009d0550,00000000,00000000,00000000
observe,31,00000000,31,00000000,30,39839026,39839028,6639837462543,0,0,000000000090b990,00000000009d0550,00000000,00000000,00000000
observe,32,00000000,32,00000000,31,39839028,39839031,6639837894788,0,0,000000000090b990,00000000009d0550,00000000,00000000,00000000
observe,33,00000000,33,00000000,32,39839031,39839032,6639838331895,0,0,000000000090b990,00000000009d0550,00000000,00000000,00000000
observe,34,00000000,34,00000000,33,39839032,39839034,6639838462701,0,0,000000000090b990,00000000009d0550,00000000,00000000,00000000
observe,35,00000000,35,00000000,34,39839034,39839036,6639838888437,0,0,000000000090b990,00000000009d0550,00000000,00000000,00000000
observe,36,00000000,36,00000000,35,39839036,39839038,6639839140850,0,0,000000000090b990,00000000009d0550,00000000,00000000,00000000
observe,37,00000000,37,00000000,36,39839038,39839040,6639839546240,0,0,000000000090b990,00000000009d0550,00000000,00000000,00000000
observe,38,00000000,38,00000000,37,39839040,39839042,6639839858254,0,0,000000000090b990,00000000009d0550,00000000,00000000,00000000
observe,39,00000000,39,00000000,38,39839042,39839044,6639840211909,0,0,000000000090b990,00000000009d0550,00000000,00000000,00000000
observe,40,00000000,40,00000000,39,39839044,39839046,6639840548988,0,0,000000000090b990,00000000009d0550,00000000,00000000,00000000
observe,41,00000000,41,00000000,40,39839046,39839048,6639840876366,0,0,000000000090b990,00000000009d0550,00000000,00000000,00000000
observe,42,00000000,42,00000000,41,39839048,39839050,6639841226294,0,0,000000000090b990,00000000009d0550,00000000,00000000,00000000
observe,43,00000000,43,00000000,42,39839050,39839052,6639841565138,0,0,000000000090b990,00000000009d0550,00000000,00000000,00000000
observe,44,00000000,44,00000000,43,39839052,39839054,6639841898102,0,0,000000000090b990,00000000009d0550,00000000,00000000,00000000
observe,45,00000000,45,00000000,44,39839054,39839056,6639842147295,0,0,000000000090b990,00000000009d0550,00000000,00000000,00000000
observe,46,00000000,46,00000000,45,39839056,39839058,6639842551576,0,0,000000000090b990,00000000009d0550,00000000,00000000,00000000
observe,47,00000000,47,00000000,46,39839058,39839060,6639842843899,0,0,000000000090b990,00000000009d0550,00000000,00000000,00000000
observe,48,00000000,48,00000000,47,39839060,39839062,6639843158113,0,0,000000000090b990,00000000009d0550,00000000,00000000,00000000
observe,49,00000000,49,00000000,48,39839062,39839064,6639843493167,0,0,000000000090b990,00000000009d0550,00000000,00000000,00000000
observe,50,00000000,50,00000000,49,39839064,39839066,6639843854504,0,0,000000000090b990,00000000009d0550,00000000,00000000,00000000
observe,51,00000000,51,00000000,50,39839066,39839068,6639844219967,0,0,000000000090b990,00000000009d0550,00000000,00000000,00000000
observe,52,00000000,52,00000000,51,39839068,39839070,6639844475119,0,0,000000000090b990,00000000009d0550,00000000,00000000,00000000
observe,53,00000000,53,00000000,52,39839070,39839072,6639844804287,0,0,000000000090b990,00000000009d0550,00000000,00000000,00000000
observe,54,00000000,54,00000000,53,39839072,39839074,6639845134414,0,0,000000000090b990,00000000009d0550,00000000,00000000,00000000
observe,55,00000000,55,00000000,54,39839074,39839076,6639845551282,0,0,000000000090b990,00000000009d0550,00000000,00000000,00000000
observe,56,00000000,56,00000000,55,39839076,39839078,6639845810500,0,0,000000000090b990,00000000009d0550,00000000,00000000,00000000
observe,57,00000000,57,00000000,56,39839078,39839080,6639846190011,0,0,000000000090b990,00000000009d0550,00000000,00000000,00000000
observe,58,00000000,58,00000000,57,39839080,39839082,6639846523963,0,0,000000000090b990,00000000009d0550,00000000,00000000,00000000
observe,59,00000000,59,00000000,58,39839082,39839084,6639846865018,0,0,000000000090b990,00000000009d0550,00000000,00000000,00000000
observe,60,00000000,60,00000000,59,39839084,39839086,6639847116555,0,0,000000000090b990,00000000009d0550,00000000,00000000,00000000
observe,61,00000000,61,00000000,60,39839086,39839088,6639847449952,0,0,000000000090b990,00000000009d0550,00000000,00000000,00000000
observe,62,00000000,62,00000000,61,39839088,39839090,6639847873164,0,0,000000000090b990,00000000009d0550,00000000,00000000,00000000
observe,63,00000000,63,00000000,62,39839090,39839092,6639848160668,0,0,000000000090b990,00000000009d0550,00000000,00000000,00000000
observe,64,00000000,64,00000000,63,39839092,39839094,6639848538276,0,0,000000000090b990,00000000009d0550,00000000,00000000,00000000
observe,65,00000000,65,00000000,64,39839094,39839096,6639848821998,0,0,000000000090b990,00000000009d0550,00000000,00000000,00000000
observe,66,00000000,66,00000000,65,39839096,39839098,6639849126052,0,0,000000000090b990,00000000009d0550,00000000,00000000,00000000
observe,67,00000000,67,00000000,66,39839098,39839100,6639849568202,0,0,000000000090b990,00000000009d0550,00000000,00000000,00000000
observe,68,00000000,68,00000000,67,39839100,39839102,6639849800286,0,0,000000000090b990,00000000009d0550,00000000,00000000,00000000
observe,69,00000000,69,00000000,68,39839102,39839104,6639850135390,0,0,000000000090b990,00000000009d0550,00000000,00000000,00000000
observe,70,00000000,70,00000000,69,39839104,39839106,6639850564011,0,0,000000000090b990,00000000009d0550,00000000,00000000,00000000
observe,71,00000000,71,00000000,70,39839106,39839108,6639850865429,0,0,000000000090b990,00000000009d0550,00000000,00000000,00000000
observe,72,00000000,72,00000000,71,39839108,39839110,6639851207727,0,0,000000000090b990,00000000009d0550,00000000,00000000,00000000
observe,73,00000000,73,00000000,72,39839110,39839112,6639851556320,0,0,000000000090b990,00000000009d0550,00000000,00000000,00000000
observe,74,00000000,74,00000000,73,39839112,39839114,6639851812385,0,0,000000000090b990,00000000009d0550,00000000,00000000,00000000
observe,75,00000000,75,00000000,74,39839114,39839116,6639852133368,0,0,000000000090b990,00000000009d0550,00000000,00000000,00000000
observe,76,00000000,76,00000000,75,39839116,39839118,6639852556866,0,0,000000000090b990,00000000009d0550,00000000,00000000,00000000
observe,77,00000000,77,00000000,76,39839118,39839120,6639852852760,0,0,000000000090b990,00000000009d0550,00000000,00000000,00000000
observe,78,00000000,78,00000000,77,39839120,39839122,6639853130892,0,0,000000000090b990,00000000009d0550,00000000,00000000,00000000
observe,79,00000000,79,00000000,78,39839122,39839124,6639853514110,0,0,000000000090b990,00000000009d0550,00000000,00000000,00000000
observe,80,00000000,80,00000000,79,39839124,39839126,6639853897408,0,0,000000000090b990,00000000009d0550,00000000,00000000,00000000
observe,81,00000000,81,00000000,80,39839126,39839128,6639854185842,0,0,000000000090b990,00000000009d0550,00000000,00000000,00000000
observe,82,00000000,82,00000000,81,39839128,39839130,6639854543571,0,0,000000000090b990,00000000009d0550,00000000,00000000,00000000
observe,83,00000000,83,00000000,82,39839130,39839132,6639854889590,0,0,000000000090b990,00000000009d0550,00000000,00000000,00000000
observe,84,00000000,84,00000000,83,39839132,39839134,6639855145996,0,0,000000000090b990,00000000009d0550,00000000,00000000,00000000
observe,85,00000000,85,00000000,84,39839134,39839136,6639855541695,0,0,000000000090b990,00000000009d0550,00000000,00000000,00000000
observe,86,00000000,86,00000000,85,39839136,39839138,6639855846110,0,0,000000000090b990,00000000009d0550,00000000,00000000,00000000
observe,87,00000000,87,00000000,86,39839138,39839140,6639856183549,0,0,000000000090b990,00000000009d0550,00000000,00000000,00000000
observe,88,00000000,88,00000000,87,39839140,39839142,6639856538796,0,0,000000000090b990,00000000009d0550,00000000,00000000,00000000
observe,89,00000000,89,00000000,88,39839142,39839144,6639856873455,0,0,000000000090b990,00000000009d0550,00000000,00000000,00000000
observe,90,00000000,90,00000000,89,39839144,39839146,6639857129210,0,0,000000000090b990,00000000009d0550,00000000,00000000,00000000
observe,91,00000000,91,00000000,90,39839146,39839148,6639857523820,0,0,000000000090b990,00000000009d0550,00000000,00000000,00000000
observe,92,00000000,92,00000000,91,39839148,39839150,6639857866937,0,0,000000000090b990,00000000009d0550,00000000,00000000,00000000
observe,93,00000000,93,00000000,92,39839150,39839152,6639858186936,0,0,000000000090b990,00000000009d0550,00000000,00000000,00000000
observe,94,00000000,94,00000000,93,39839152,39839153,6639858542127,0,0,000000000090b990,00000000009d0550,00000000,00000000,00000000
observe,95,00000000,95,00000000,94,39839154,39839155,6639858776171,0,0,000000000090b990,00000000009d0550,00000000,00000000,00000000
observe,96,00000000,96,00000000,95,39839156,39839158,6639859108325,0,0,000000000090b990,00000000009d0550,00000000,00000000,00000000
observe,97,00000000,97,00000000,96,39839158,39839160,6639859530182,0,0,000000000090b990,00000000009d0550,00000000,00000000,00000000
observe,98,00000000,98,00000000,97,39839160,39839162,6639859778582,0,0,000000000090b990,00000000009d0550,00000000,00000000,00000000
observe,99,00000000,99,00000000,98,39839162,39839164,6639860194079,0,0,000000000090b990,00000000009d0550,00000000,00000000,00000000
observe,100,00000000,100,00000000,99,39839164,39839166,6639860531949,0,0,000000000090b990,00000000009d0550,00000000,00000000,00000000
observe,101,00000000,101,00000000,100,39839166,39839168,6639860885273,0,0,000000000090b990,00000000009d0550,00000000,00000000,00000000
observe,102,00000000,102,00000000,101,39839168,39839170,6639861144877,0,0,000000000090b990,00000000009d0550,00000000,00000000,00000000
observe,103,00000000,103,00000000,102,39839170,39839172,6639861466250,0,0,000000000090b990,00000000009d0550,00000000,00000000,00000000
observe,104,00000000,104,00000000,103,39839172,39839174,6639861889577,0,0,000000000090b990,00000000009d0550,00000000,00000000,00000000
observe,105,00000000,105,00000000,104,39839174,39839176,6639862220674,0,0,000000000090b990,00000000009d0550,00000000,00000000,00000000
observe,106,00000000,106,00000000,105,39839176,39839178,6639862534205,0,0,000000000090b990,00000000009d0550,00000000,00000000,00000000
observe,107,00000000,107,00000000,106,39839178,39839180,6639862874820,0,0,000000000090b990,00000000009d0550,00000000,00000000,00000000
observe,108,00000000,108,00000000,107,39839180,39839182,6639863226273,0,0,000000000090b990,00000000009d0550,00000000,00000000,00000000
observe,109,00000000,109,00000000,108,39839182,39839184,6639863541862,0,0,000000000090b990,00000000009d0550,00000000,00000000,00000000
observe,110,00000000,110,00000000,109,39839184,39839186,6639863868062,0,0,000000000090b990,00000000009d0550,00000000,00000000,00000000
observe,111,00000000,111,00000000,110,39839186,39839188,6639864222002,0,0,000000000090b990,00000000009d0550,00000000,00000000,00000000
observe,112,00000000,112,00000000,111,39839188,39839190,6639864558130,0,0,000000000090b990,00000000009d0550,00000000,00000000,00000000
observe,113,00000000,113,00000000,112,39839190,39839192,6639864852508,0,0,000000000090b990,00000000009d0550,00000000,00000000,00000000
observe,114,00000000,114,00000000,113,39839192,39839194,6639865220049,0,0,000000000090b990,00000000009d0550,00000000,00000000,00000000
observe,115,00000000,115,00000000,114,39839194,39839196,6639865524359,0,0,000000000090b990,00000000009d0550,00000000,00000000,00000000
observe,116,00000000,116,00000000,115,39839196,39839198,6639865878960,0,0,000000000090b990,00000000009d0550,00000000,00000000,00000000
observe,117,00000000,117,00000000,116,39839198,39839200,6639866219334,0,0,000000000090b990,00000000009d0550,00000000,00000000,00000000
observe,118,00000000,118,00000000,117,39839200,39839202,6639866522766,0,0,000000000090b990,00000000009d0550,00000000,00000000,00000000
observe,119,00000000,119,00000000,118,39839202,39839204,6639866879975,0,0,000000000090b990,00000000009d0550,00000000,00000000,00000000
observe,120,00000000,120,00000000,119,39839204,39839206,6639867211026,0,0,000000000090b990,00000000009d0550,00000000,00000000,00000000
observe,121,00000000,121,00000000,120,39839206,39839208,6639867520208,0,0,000000000090b990,00000000009d0550,00000000,00000000,00000000
observe,122,00000000,122,00000000,121,39839208,39839210,6639867884722,0,0,000000000090b990,00000000009d0550,00000000,00000000,00000000
observe,123,00000000,123,00000000,122,39839210,39839212,6639868190543,0,0,000000000090b990,00000000009d0550,00000000,00000000,00000000
observe,124,00000000,124,00000000,123,39839212,39839214,6639868537560,0,0,000000000090b990,00000000009d0550,00000000,00000000,00000000
observe,125,00000000,125,00000000,124,39839214,39839216,6639868876263,0,0,000000000090b990,00000000009d0550,00000000,00000000,00000000
observe,126,00000000,126,00000000,125,39839216,39839218,6639869217506,0,0,000000000090b990,00000000009d0550,00000000,00000000,00000000
observe,127,00000000,127,00000000,126,39839218,39839220,6639869536879,0,0,000000000090b990,00000000009d0550,00000000,00000000,00000000
observe,128,00000000,128,00000000,127,39839220,39839222,6639869885434,0,0,000000000090b990,00000000009d0550,00000000,00000000,00000000
observe,129,00000000,129,00000000,128,39839222,39839224,6639870191508,0,0,000000000090b990,00000000009d0550,00000000,00000000,00000000
observe,130,00000000,130,00000000,129,39839224,39839226,6639870538237,0,0,000000000090b990,00000000009d0550,00000000,00000000,00000000
observe,131,00000000,131,00000000,130,39839226,39839228,6639870886044,0,0,000000000090b990,00000000009d0550,00000000,00000000,00000000
observe,132,00000000,132,00000000,131,39839228,39839230,6639871207117,0,0,000000000090b990,00000000009d0550,00000000,00000000,00000000
observe,133,00000000,133,00000000,132,39839230,39839232,6639871539904,0,0,000000000090b990,00000000009d0550,00000000,00000000,00000000
observe,134,00000000,134,00000000,133,39839232,39839234,6639871880391,0,0,000000000090b990,00000000009d0550,00000000,00000000,00000000
observe,135,00000000,135,00000000,134,39839234,39839236,6639872214297,0,0,000000000090b990,00000000009d0550,00000000,00000000,00000000
observe,136,00000000,136,00000000,135,39839236,39839238,6639872553900,0,0,000000000090b990,00000000009d0550,00000000,00000000,00000000
observe,137,00000000,137,00000000,136,39839238,39839240,6639872873842,0,0,000000000090b990,00000000009d0550,00000000,00000000,00000000
observe,138,00000000,138,00000000,137,39839240,39839242,6639873200115,0,0,000000000090b990,00000000009d0550,00000000,00000000,00000000
observe,139,00000000,139,00000000,138,39839242,39839244,6639873559430,0,0,000000000090b990,00000000009d0550,00000000,00000000,00000000
observe,140,00000000,140,00000000,139,39839244,39839246,6639873874517,0,0,000000000090b990,00000000009d0550,00000000,00000000,00000000
observe,141,00000000,141,00000000,140,39839246,39839248,6639874218826,0,0,000000000090b990,00000000009d0550,00000000,00000000,00000000
observe,142,00000000,142,00000000,141,39839248,39839249,6639874518202,0,0,000000000090b990,00000000009d0550,00000000,00000000,00000000
observe,143,00000000,143,00000000,142,39839250,39839252,6639874852067,0,0,000000000090b990,00000000009d0550,00000000,00000000,00000000
observe,144,00000000,144,00000000,143,39839252,39839254,6639875224604,0,0,000000000090b990,00000000009d0550,00000000,00000000,00000000
observe,145,00000000,145,00000000,144,39839254,39839256,6639875478161,0,0,000000000090b990,00000000009d0550,00000000,00000000,00000000
observe,146,00000000,146,00000000,145,39839256,39839258,6639875876254,0,0,000000000090b990,00000000009d0550,00000000,00000000,00000000
observe,147,00000000,147,00000000,146,39839258,39839260,6639876138636,0,0,000000000090b990,00000000009d0550,00000000,00000000,00000000
observe,148,00000000,148,00000000,147,39839260,39839262,6639876560107,0,0,000000000090b990,00000000009d0550,00000000,00000000,00000000
observe,149,00000000,149,00000000,148,39839262,39839264,6639876803255,0,0,000000000090b990,00000000009d0550,00000000,00000000,00000000
observe,150,00000000,150,00000000,149,39839264,39839266,6639877203847,0,0,000000000090b990,00000000009d0550,00000000,00000000,00000000
observe,151,00000000,151,00000000,150,39839266,39839268,6639877553064,0,0,000000000090b990,00000000009d0550,00000000,00000000,00000000
observe,152,00000000,152,00000000,151,39839268,39839271,6639877888912,0,0,000000000090b990,00000000009d0550,00000000,00000000,00000000
observe,153,00000000,153,00000000,152,39839271,39839271,6639878376410,0,0,000000000090b990,00000000009d0550,00000000,00000000,00000000
observe,154,00000000,154,00000000,153,39839272,39839274,6639878449248,0,0,000000000090b990,00000000009d0550,00000000,00000000,00000000
observe,155,00000000,155,00000000,154,39839274,39839276,6639878890133,0,0,000000000090b990,00000000009d0550,00000000,00000000,00000000
observe,156,00000000,156,00000000,155,39839276,39839278,6639879145385,0,0,000000000090b990,00000000009d0550,00000000,00000000,00000000
observe,157,00000000,157,00000000,156,39839278,39839280,6639879528996,0,0,000000000090b990,00000000009d0550,00000000,00000000,00000000
observe,158,00000000,158,00000000,157,39839280,39839282,6639879884820,0,0,000000000090b990,00000000009d0550,00000000,00000000,00000000
observe,159,00000000,159,00000000,158,39839282,39839284,6639880215036,0,0,000000000090b990,00000000009d0550,00000000,00000000,00000000
observe,160,00000000,160,00000000,159,39839284,39839286,6639880558329,0,0,000000000090b990,00000000009d0550,00000000,00000000,00000000
observe,161,00000000,161,00000000,160,39839286,39839288,6639880889125,0,0,000000000090b990,00000000009d0550,00000000,00000000,00000000
observe,162,00000000,162,00000000,161,39839288,39839290,6639881151962,0,0,000000000090b990,00000000009d0550,00000000,00000000,00000000
observe,163,00000000,163,00000000,162,39839290,39839292,6639881558951,0,0,000000000090b990,00000000009d0550,00000000,00000000,00000000
observe,164,00000000,164,00000000,163,39839292,39839294,6639881839705,0,0,000000000090b990,00000000009d0550,00000000,00000000,00000000
observe,165,00000000,165,00000000,164,39839294,39839296,6639882133934,0,0,000000000090b990,00000000009d0550,00000000,00000000,00000000
observe,166,00000000,166,00000000,165,39839296,39839298,6639882542399,0,0,000000000090b990,00000000009d0550,00000000,00000000,00000000
observe,167,00000000,167,00000000,166,39839298,39839300,6639882871383,0,0,000000000090b990,00000000009d0550,00000000,00000000,00000000
observe,168,00000000,168,00000000,167,39839300,39839302,6639883132937,0,0,000000000090b990,00000000009d0550,00000000,00000000,00000000
observe,169,00000000,169,00000000,168,39839302,39839304,6639883523310,0,0,000000000090b990,00000000009d0550,00000000,00000000,00000000
observe,170,00000000,170,00000000,169,39839304,39839306,6639883876461,0,0,000000000090b990,00000000009d0550,00000000,00000000,00000000
observe,171,00000000,171,00000000,170,39839306,39839308,6639884132872,0,0,000000000090b990,00000000009d0550,00000000,00000000,00000000
observe,172,00000000,172,00000000,171,39839308,39839310,6639884507085,0,0,000000000090b990,00000000009d0550,00000000,00000000,00000000
observe,173,00000000,173,00000000,172,39839310,39839312,6639884821761,0,0,000000000090b990,00000000009d0550,00000000,00000000,00000000
observe,174,00000000,174,00000000,173,39839312,39839314,6639885135194,0,0,000000000090b990,00000000009d0550,00000000,00000000,00000000
observe,175,00000000,175,00000000,174,39839314,39839316,6639885545717,0,0,000000000090b990,00000000009d0550,00000000,00000000,00000000
observe,176,00000000,176,00000000,175,39839316,39839318,6639885807235,0,0,000000000090b990,00000000009d0550,00000000,00000000,00000000
observe,177,00000000,177,00000000,176,39839318,39839320,6639886155852,0,0,000000000090b990,00000000009d0550,00000000,00000000,00000000
observe,178,00000000,178,00000000,177,39839320,39839322,6639886455440,0,0,000000000090b990,00000000009d0550,00000000,00000000,00000000
observe,179,00000000,179,00000000,178,39839322,39839323,6639886863188,0,0,000000000090b990,00000000009d0550,00000000,00000000,00000000
observe,180,00000000,180,00000000,179,39839324,39839326,6639887111860,0,0,000000000090b990,00000000009d0550,00000000,00000000,00000000
observe,181,00000000,181,00000000,180,39839326,39839328,6639887460565,0,0,000000000090b990,00000000009d0550,00000000,00000000,00000000
observe,182,00000000,182,00000000,181,39839328,39839330,6639887791470,0,0,000000000090b990,00000000009d0550,00000000,00000000,00000000
observe,183,00000000,183,00000000,182,39839330,39839332,6639888126423,0,0,000000000090b990,00000000009d0550,00000000,00000000,00000000
observe,184,00000000,184,00000000,183,39839332,39839334,6639888550581,0,0,000000000090b990,00000000009d0550,00000000,00000000,00000000
observe,185,00000000,185,00000000,184,39839334,39839336,6639888839217,0,0,000000000090b990,00000000009d0550,00000000,00000000,00000000
observe,186,00000000,186,00000000,185,39839336,39839338,6639889150985,0,0,000000000090b990,00000000009d0550,00000000,00000000,00000000
observe,187,00000000,187,00000000,186,39839338,39839340,6639889498823,0,0,000000000090b990,00000000009d0550,00000000,00000000,00000000
observe,188,00000000,188,00000000,187,39839340,39839342,6639889908155,0,0,000000000090b990,00000000009d0550,00000000,00000000,00000000
observe,189,00000000,189,00000000,188,39839342,39839344,6639890202297,0,0,000000000090b990,00000000009d0550,00000000,00000000,00000000
observe,190,00000000,190,00000000,189,39839344,39839346,6639890463424,0,0,000000000090b990,00000000009d0550,00000000,00000000,00000000
observe,191,00000000,191,00000000,190,39839346,39839348,6639890882077,0,0,000000000090b990,00000000009d0550,00000000,00000000,00000000
observe,192,00000000,192,00000000,191,39839348,39839350,6639891194961,0,0,000000000090b990,00000000009d0550,00000000,00000000,00000000
observe,193,00000000,193,00000000,192,39839350,39839352,6639891526954,0,0,000000000090b990,00000000009d0550,00000000,00000000,00000000
observe,194,00000000,194,00000000,193,39839352,39839354,6639891896204,0,0,000000000090b990,00000000009d0550,00000000,00000000,00000000
observe,195,00000000,195,00000000,194,39839354,39839356,6639892194247,0,0,000000000090b990,00000000009d0550,00000000,00000000,00000000
observe,196,00000000,196,00000000,195,39839356,39839358,6639892536063,0,0,000000000090b990,00000000009d0550,00000000,00000000,00000000
observe,197,00000000,197,00000000,196,39839358,39839360,6639892864674,0,0,000000000090b990,00000000009d0550,00000000,00000000,00000000
observe,198,00000000,198,00000000,197,39839360,39839361,6639893199352,0,0,000000000090b990,00000000009d0550,00000000,00000000,00000000
observe,199,00000000,199,00000000,198,39839362,39839364,6639893520386,0,0,000000000090b990,00000000009d0550,00000000,00000000,00000000
observe,200,00000000,200,00000000,199,39839364,39839366,6639893853998,0,0,000000000090b990,00000000009d0550,00000000,00000000,00000000
observe,201,00000000,201,00000000,200,39839366,39839368,6639894212456,0,0,000000000090b990,00000000009d0550,00000000,00000000,00000000
observe,202,00000000,202,00000000,201,39839368,39839370,6639894524050,0,0,000000000090b990,00000000009d0550,00000000,00000000,00000000
observe,203,00000000,203,00000000,202,39839370,39839372,6639894877818,0,0,000000000090b990,00000000009d0550,00000000,00000000,00000000
observe,204,00000000,204,00000000,203,39839372,39839374,6639895189657,0,0,000000000090b990,00000000009d0550,00000000,00000000,00000000
observe,205,00000000,205,00000000,204,39839374,39839376,6639895551974,0,0,000000000090b990,00000000009d0550,00000000,00000000,00000000
observe,206,00000000,206,00000000,205,39839376,39839378,6639895885476,0,0,000000000090b990,00000000009d0550,00000000,00000000,00000000
observe,207,00000000,207,00000000,206,39839378,39839380,6639896218899,0,0,000000000090b990,00000000009d0550,00000000,00000000,00000000
observe,208,00000000,208,00000000,207,39839380,39839382,6639896525065,0,0,000000000090b990,00000000009d0550,00000000,00000000,00000000
observe,209,00000000,209,00000000,208,39839382,39839384,6639896860017,0,0,000000000090b990,00000000009d0550,00000000,00000000,00000000
observe,210,00000000,210,00000000,209,39839384,39839386,6639897189782,0,0,000000000090b990,00000000009d0550,00000000,00000000,00000000
observe,211,00000000,211,00000000,210,39839386,39839388,6639897526491,0,0,000000000090b990,00000000009d0550,00000000,00000000,00000000
observe,212,00000000,212,00000000,211,39839388,39839390,6639897864290,0,0,000000000090b990,00000000009d0550,00000000,00000000,00000000
observe,213,00000000,213,00000000,212,39839390,39839392,6639898203823,0,0,000000000090b990,00000000009d0550,00000000,00000000,00000000
observe,214,00000000,214,00000000,213,39839392,39839394,6639898527052,0,0,000000000090b990,00000000009d0550,00000000,00000000,00000000
observe,215,00000000,215,00000000,214,39839394,39839396,6639898869218,0,0,000000000090b990,00000000009d0550,00000000,00000000,00000000
observe,216,00000000,216,00000000,215,39839396,39839398,6639899195957,0,0,000000000090b990,00000000009d0550,00000000,00000000,00000000
observe,217,00000000,217,00000000,216,39839398,39839400,6639899552321,0,0,000000000090b990,00000000009d0550,00000000,00000000,00000000
observe,218,00000000,218,00000000,217,39839400,39839402,6639899854667,0,0,000000000090b990,00000000009d0550,00000000,00000000,00000000
observe,219,00000000,219,00000000,218,39839402,39839404,6639900208533,0,0,000000000090b990,00000000009d0550,00000000,00000000,00000000
observe,220,00000000,220,00000000,219,39839404,39839406,6639900526619,0,0,000000000090b990,00000000009d0550,00000000,00000000,00000000
observe,221,00000000,221,00000000,220,39839406,39839408,6639900878800,0,0,000000000090b990,00000000009d0550,00000000,00000000,00000000
observe,222,00000000,222,00000000,221,39839408,39839410,6639901190795,0,0,000000000090b990,00000000009d0550,00000000,00000000,00000000
observe,223,00000000,223,00000000,222,39839410,39839412,6639901559667,0,0,000000000090b990,00000000009d0550,00000000,00000000,00000000
observe,224,00000000,224,00000000,223,39839412,39839414,6639901862805,0,0,000000000090b990,00000000009d0550,00000000,00000000,00000000
observe,225,00000000,225,00000000,224,39839414,39839416,6639902222519,0,0,000000000090b990,00000000009d0550,00000000,00000000,00000000
observe,226,00000000,226,00000000,225,39839416,39839418,6639902542100,0,0,000000000090b990,00000000009d0550,00000000,00000000,00000000
observe,227,00000000,227,00000000,226,39839418,39839420,6639902875542,0,0,000000000090b990,00000000009d0550,00000000,00000000,00000000
observe,228,00000000,228,00000000,227,39839420,39839422,6639903217029,0,0,000000000090b990,00000000009d0550,00000000,00000000,00000000
observe,229,00000000,229,00000000,228,39839422,39839424,6639903557804,0,0,000000000090b990,00000000009d0550,00000000,00000000,00000000
observe,230,00000000,230,00000000,229,39839424,39839426,6639903899375,0,0,000000000090b990,00000000009d0550,00000000,00000000,00000000
observe,231,00000000,231,00000000,230,39839426,39839428,6639904191377,0,0,000000000090b990,00000000009d0550,00000000,00000000,00000000
observe,232,00000000,232,00000000,231,39839428,39839430,6639904530634,0,0,000000000090b990,00000000009d0550,00000000,00000000,00000000
observe,233,00000000,233,00000000,232,39839430,39839432,6639904865280,0,0,000000000090b990,00000000009d0550,00000000,00000000,00000000
observe,234,00000000,234,00000000,233,39839432,39839434,6639905193635,0,0,000000000090b990,00000000009d0550,00000000,00000000,00000000
observe,235,00000000,235,00000000,234,39839434,39839436,6639905562010,0,0,000000000090b990,00000000009d0550,00000000,00000000,00000000
observe,236,00000000,236,00000000,235,39839436,39839438,6639905875816,0,0,000000000090b990,00000000009d0550,00000000,00000000,00000000
observe,237,00000000,237,00000000,236,39839438,39839440,6639906231380,0,0,000000000090b990,00000000009d0550,00000000,00000000,00000000
observe,238,00000000,238,00000000,237,39839440,39839442,6639906543648,0,0,000000000090b990,00000000009d0550,00000000,00000000,00000000
observe,239,00000000,239,00000000,238,39839442,39839444,6639906872287,0,0,000000000090b990,00000000009d0550,00000000,00000000,00000000
observe,240,00000000,240,00000000,239,39839444,39839446,6639907195498,0,0,000000000090b990,00000000009d0550,00000000,00000000,00000000
observe,241,00000000,241,00000000,240,39839446,39839448,6639907528545,0,0,000000000090b990,00000000009d0550,00000000,00000000,00000000
observe,242,00000000,242,00000000,241,39839448,39839450,6639907862400,0,0,000000000090b990,00000000009d0550,00000000,00000000,00000000
observe,243,00000000,243,00000000,242,39839451,39839452,6639908329980,0,0,000000000090b990,00000000009d0550,00000000,00000000,00000000
observe,244,00000000,244,00000000,243,39839452,39839454,6639908535637,0,0,000000000090b990,00000000009d0550,00000000,00000000,00000000
observe,245,00000000,245,00000000,244,39839454,39839456,6639908797793,0,0,000000000090b990,00000000009d0550,00000000,00000000,00000000
observe,246,00000000,246,00000000,245,39839456,39839458,6639909185927,0,0,000000000090b990,00000000009d0550,00000000,00000000,00000000
observe,247,00000000,247,00000000,246,39839458,39839460,6639909471166,0,0,000000000090b990,00000000009d0550,00000000,00000000,00000000
observe,248,00000000,248,00000000,247,39839460,39839462,6639909890105,0,0,000000000090b990,00000000009d0550,00000000,00000000,00000000
observe,249,00000000,249,00000000,248,39839462,39839464,6639910206570,0,0,000000000090b990,00000000009d0550,00000000,00000000,00000000
observe,250,00000000,250,00000000,249,39839464,39839466,6639910543774,0,0,000000000090b990,00000000009d0550,00000000,00000000,00000000
observe,251,00000000,251,00000000,250,39839466,39839468,6639910873241,0,0,000000000090b990,00000000009d0550,00000000,00000000,00000000
observe,252,00000000,252,00000000,251,39839468,39839470,6639911209644,0,0,000000000090b990,00000000009d0550,00000000,00000000,00000000
observe,253,00000000,253,00000000,252,39839470,39839472,6639911583682,0,0,000000000090b990,00000000009d0550,00000000,00000000,00000000
observe,254,00000000,254,00000000,253,39839472,39839474,6639911879666,0,0,000000000090b990,00000000009d0550,00000000,00000000,00000000
observe,255,00000000,255,00000000,254,39839474,39839476,6639912230787,0,0,000000000090b990,00000000009d0550,00000000,00000000,00000000
observe,256,00000000,256,00000000,255,39839476,39839478,6639912542413,0,0,000000000090b990,00000000009d0550,00000000,00000000,00000000
observe,257,00000000,257,00000000,256,39839478,39839480,6639912855255,0,0,000000000090b990,00000000009d0550,00000000,00000000,00000000
observe,258,00000000,258,00000000,257,39839480,39839482,6639913134663,0,0,000000000090b990,00000000009d0550,00000000,00000000,00000000
observe,259,00000000,259,00000000,258,39839482,39839484,6639913469220,0,0,000000000090b990,00000000009d0550,00000000,00000000,00000000
observe,260,00000000,260,00000000,259,39839484,39839486,6639913870425,0,0,000000000090b990,00000000009d0550,00000000,00000000,00000000
observe,261,00000000,261,00000000,260,39839486,39839488,6639914212766,0,0,000000000090b990,00000000009d0550,00000000,00000000,00000000
observe,262,00000000,262,00000000,261,39839488,39839490,6639914539522,0,0,000000000090b990,00000000009d0550,00000000,00000000,00000000
observe,263,00000000,263,00000000,262,39839490,39839492,6639914805072,0,0,000000000090b990,00000000009d0550,00000000,00000000,00000000
observe,264,00000000,264,00000000,263,39839492,39839494,6639915227155,0,0,000000000090b990,00000000009d0550,00000000,00000000,00000000
observe,265,00000000,265,00000000,264,39839494,39839496,6639915524730,0,0,000000000090b990,00000000009d0550,00000000,00000000,00000000
observe,266,00000000,266,00000000,265,39839496,39839498,6639915822536,0,0,000000000090b990,00000000009d0550,00000000,00000000,00000000
observe,267,00000000,267,00000000,266,39839498,39839500,6639916158760,0,0,000000000090b990,00000000009d0550,00000000,00000000,00000000
observe,268,00000000,268,00000000,267,39839500,39839502,6639916546578,0,0,000000000090b990,00000000009d0550,00000000,00000000,00000000
observe,269,00000000,269,00000000,268,39839502,39839504,6639916820937,0,0,000000000090b990,00000000009d0550,00000000,00000000,00000000
observe,270,00000000,270,00000000,269,39839504,39839506,6639917211761,0,0,000000000090b990,00000000009d0550,00000000,00000000,00000000
observe,271,00000000,271,00000000,270,39839506,39839508,6639917486307,0,0,000000000090b990,00000000009d0550,00000000,00000000,00000000
observe,272,00000000,272,00000000,271,39839508,39839510,6639917800876,0,0,000000000090b990,00000000009d0550,00000000,00000000,00000000
observe,273,00000000,273,00000000,272,39839511,39839512,6639918277566,0,0,000000000090b990,00000000009d0550,00000000,00000000,00000000
observe,274,00000000,274,00000000,273,39839512,39839514,6639918475750,0,0,000000000090b990,00000000009d0550,00000000,00000000,00000000
observe,275,00000000,275,00000000,274,39839514,39839516,6639918885642,0,0,000000000090b990,00000000009d0550,00000000,00000000,00000000
observe,276,00000000,276,00000000,275,39839516,39839518,6639919153325,0,0,000000000090b990,00000000009d0550,00000000,00000000,00000000
observe,277,00000000,277,00000000,276,39839518,39839520,6639919469394,0,0,000000000090b990,00000000009d0550,00000000,00000000,00000000
observe,278,00000000,278,00000000,277,39839520,39839522,6639919893101,0,0,000000000090b990,00000000009d0550,00000000,00000000,00000000
observe,279,00000000,279,00000000,278,39839522,39839524,6639920156515,0,0,000000000090b990,00000000009d0550,00000000,00000000,00000000
observe,280,00000000,280,00000000,279,39839524,39839525,6639920559872,0,0,000000000090b990,00000000009d0550,00000000,00000000,00000000
observe,281,00000000,281,00000000,280,39839526,39839528,6639920783160,0,0,000000000090b990,00000000009d0550,00000000,00000000,00000000
observe,282,00000000,282,00000000,281,39839528,39839530,6639921225519,0,0,000000000090b990,00000000009d0550,00000000,00000000,00000000
observe,283,00000000,283,00000000,282,39839530,39839532,6639921551362,0,0,000000000090b990,00000000009d0550,00000000,00000000,00000000
observe,284,00000000,284,00000000,283,39839532,39839534,6639921867239,0,0,000000000090b990,00000000009d0550,00000000,00000000,00000000
observe,285,00000000,285,00000000,284,39839534,39839536,6639922225605,0,0,000000000090b990,00000000009d0550,00000000,00000000,00000000
observe,286,00000000,286,00000000,285,39839536,39839538,6639922543743,0,0,000000000090b990,00000000009d0550,00000000,00000000,00000000
observe,287,00000000,287,00000000,286,39839538,39839540,6639922893351,0,0,000000000090b990,00000000009d0550,00000000,00000000,00000000
observe,288,00000000,288,00000000,287,39839540,39839542,6639923206642,0,0,000000000090b990,00000000009d0550,00000000,00000000,00000000
observe,289,00000000,289,00000000,288,39839542,39839544,6639923535075,0,0,000000000090b990,00000000009d0550,00000000,00000000,00000000
observe,290,00000000,290,00000000,289,39839544,39839546,6639923881187,0,0,000000000090b990,00000000009d0550,00000000,00000000,00000000
observe,291,00000000,291,00000000,290,39839546,39839548,6639924216387,0,0,000000000090b990,00000000009d0550,00000000,00000000,00000000
observe,292,00000000,292,00000000,291,39839548,39839550,6639924548621,0,0,000000000090b990,00000000009d0550,00000000,00000000,00000000
observe,293,00000000,293,00000000,292,39839550,39839552,6639924860862,0,0,000000000090b990,00000000009d0550,00000000,00000000,00000000
observe,294,00000000,294,00000000,293,39839552,39839554,6639925204134,0,0,000000000090b990,00000000009d0550,00000000,00000000,00000000
observe,295,00000000,295,00000000,294,39839554,39839556,6639925532063,0,0,000000000090b990,00000000009d0550,00000000,00000000,00000000
observe,296,00000000,296,00000000,295,39839556,39839558,6639925879537,0,0,000000000090b990,00000000009d0550,00000000,00000000,00000000
observe,297,00000000,297,00000000,296,39839558,39839560,6639926202197,0,0,000000000090b990,00000000009d0550,00000000,00000000,00000000
observe,298,00000000,298,00000000,297,39839560,39839562,6639926542185,0,0,000000000090b990,00000000009d0550,00000000,00000000,00000000
observe,299,00000000,299,00000000,298,39839562,39839564,6639926867035,0,0,000000000090b990,00000000009d0550,00000000,00000000,00000000
observe,300,00000000,300,00000000,299,39839564,39839566,6639927205760,0,0,000000000090b990,00000000009d0550,00000000,00000000,00000000
observe,301,00000000,301,00000000,300,39839566,39839568,6639927545227,0,0,000000000090b990,00000000009d0550,00000000,00000000,00000000
observe,302,00000000,302,00000000,301,39839568,39839570,6639927880109,0,0,000000000090b990,00000000009d0550,00000000,00000000,00000000
observe,303,00000000,303,00000000,302,39839571,39839572,6639928342747,0,0,000000000090b990,00000000009d0550,00000000,00000000,00000000
observe,304,00000000,304,00000000,303,39839572,39839574,6639928486901,0,0,000000000090b990,00000000009d0550,00000000,00000000,00000000
observe,305,00000000,305,00000000,304,39839574,39839576,6639928807848,0,0,000000000090b990,00000000009d0550,00000000,00000000,00000000
observe,306,00000000,306,00000000,305,39839576,39839578,6639929210677,0,0,000000000090b990,00000000009d0550,00000000,00000000,00000000
observe,307,00000000,307,00000000,306,39839578,39839580,6639929540622,0,0,000000000090b990,00000000009d0550,00000000,00000000,00000000
observe,308,00000000,308,00000000,307,39839580,39839581,6639929854472,0,0,000000000090b990,00000000009d0550,00000000,00000000,00000000
observe,309,00000000,309,00000000,308,39839582,39839584,6639930116950,0,0,000000000090b990,00000000009d0550,00000000,00000000,00000000
observe,310,00000000,310,00000000,309,39839584,39839586,6639930556240,0,0,000000000090b990,00000000009d0550,00000000,00000000,00000000
observe,311,00000000,311,00000000,310,39839586,39839588,6639930837683,0,0,000000000090b990,00000000009d0550,00000000,00000000,00000000
observe,312,00000000,312,00000000,311,39839588,39839590,6639931183228,0,0,000000000090b990,00000000009d0550,00000000,00000000,00000000
observe,313,00000000,313,00000000,312,39839590,39839592,6639931462475,0,0,000000000090b990,00000000009d0550,00000000,00000000,00000000
observe,314,00000000,314,00000000,313,39839592,39839594,6639931799387,0,0,000000000090b990,00000000009d0550,00000000,00000000,00000000
observe,315,00000000,315,00000000,314,39839594,39839596,6639932143927,0,0,000000000090b990,00000000009d0550,00000000,00000000,00000000
observe,316,00000000,316,00000000,315,39839596,39839598,6639932464242,0,0,000000000090b990,00000000009d0550,00000000,00000000,00000000
observe,317,00000000,317,00000000,316,39839598,39839600,6639932873191,0,0,000000000090b990,00000000009d0550,00000000,00000000,00000000
observe,318,00000000,318,00000000,317,39839600,39839602,6639933123528,0,0,000000000090b990,00000000009d0550,00000000,00000000,00000000
observe,319,00000000,319,00000000,318,39839602,39839604,6639933476731,0,0,000000000090b990,00000000009d0550,00000000,00000000,00000000
observe,320,00000000,320,00000000,319,39839604,39839606,6639933874472,0,0,000000000090b990,00000000009d0550,00000000,00000000,00000000
observe,321,00000000,321,00000000,320,39839606,39839608,6639934142389,0,0,000000000090b990,00000000009d0550,00000000,00000000,00000000
observe,322,00000000,322,00000000,321,39839608,39839610,6639934546611,0,0,000000000090b990,00000000009d0550,00000000,00000000,00000000
observe,323,00000000,323,00000000,322,39839610,39839612,6639934806051,0,0,000000000090b990,00000000009d0550,00000000,00000000,00000000
observe,324,00000000,324,00000000,323,39839612,39839614,6639935129480,0,0,000000000090b990,00000000009d0550,00000000,00000000,00000000
observe,325,00000000,325,00000000,324,39839614,39839616,6639935540210,0,0,000000000090b990,00000000009d0550,00000000,00000000,00000000
observe,326,00000000,326,00000000,325,39839616,39839617,6639935800142,0,0,000000000090b990,00000000009d0550,00000000,00000000,00000000
observe,327,00000000,327,00000000,326,39839618,39839620,6639936110568,0,0,000000000090b990,00000000009d0550,00000000,00000000,00000000
observe,328,00000000,328,00000000,327,39839620,39839621,6639936525966,0,0,000000000090b990,00000000009d0550,00000000,00000000,00000000
observe,329,00000000,329,00000000,328,39839622,39839623,6639936780000,0,0,000000000090b990,00000000009d0550,00000000,00000000,00000000
