event,presenter_id,epoch,presentation_seq,tick_id,kind,source_id,pair_a_id,pair_b_id,source_ns,copy_ready_ns,generated_ready_ns,generated_requested_ns,callback_ns,deadline_ns,target_ns,actual_presented_ns,present_submit_ns,gpu_complete_ns,callback_duration_ns,queue_depth,raw_callback_ca_bits,raw_deadline_ca_bits,raw_target_ca_bits,detail,worker_wake_ns,mutex_wait_start_ns,mutex_acquired_ns,presenter_encode_start_ns,presenter_encode_end_ns,gpu_submit_ns,present_call_ns,lifecycle_state,circuit_state,drawable_record_id,escrow_texture_id,command_buffer_id,terminal_class,selection_ns,present_call_start_ns,command_buffer_commit_ns,worker_retire_ns,device_mutex_release_ns,worker_owned_drawable_count,outstanding_drawable_count,drawable_feedback_ns,gpu_status,source_b_scheduled_ns
source_candidate_reserved,1,1,0,0,1,1,0,0,288400663326041,0,0,0,0,0,288400746659374,0,0,0,0,1,0,0,0,"mandatory SourceEscrow allocated; source-only mode",0,0,0,0,0,0,0,0,0,0,1,0,,0,0,0,0,0,0,0,0,,0
source_state_transition,1,1,0,0,1,1,0,0,288400663326041,0,0,0,0,0,288400746659374,0,0,0,0,0,0,0,0,"escrow_preparing->escrow_submitted:DXMT source command buffer committed on ordinary Presenter path",0,0,0,0,0,0,0,0,0,0,0,0,,0,0,0,0,0,0,0,0,,0
ordinary_source_present_submitted,1,1,0,0,1,1,0,0,288400663326041,0,0,0,0,0,288400746659374,0,288400674149708,0,0,0,0,0,0,"ordinary DXMT Presenter retained ownership for this priming source",0,0,0,0,0,0,0,0,0,0,1,1,,0,0,0,0,0,0,0,0,,0
source_state_transition,1,1,0,0,1,1,0,0,288400663326041,288400675973541,0,0,0,0,288400746659374,0,0,0,0,0,0,0,0,"escrow_submitted->escrow_ready:same-buffer SourceEscrow copy completed",0,0,0,0,0,0,0,0,0,0,0,0,,0,0,0,0,0,0,0,0,,0
source_state_transition,1,1,0,0,1,1,0,0,288400663326041,288400675973541,0,0,0,0,288400746659374,0,0,0,0,0,0,0,0,"escrow_ready->display_submitted:ordinary Presenter submitted priming source",0,0,0,0,0,0,0,0,0,0,0,0,,0,0,0,0,0,0,0,0,,0
source_terminal,1,1,0,0,1,1,0,0,288400663326041,288400675973541,0,0,0,0,288400746659374,0,0,0,0,0,0,0,0,"ordinary_fallback:ordinary DXMT Presenter retained this source",0,0,0,0,0,0,0,0,0,0,0,0,,0,0,0,0,0,0,0,0,,0
source_escrow_complete,1,1,0,0,1,1,0,0,288400663326041,288400675973541,0,0,0,0,288400746659374,0,288400674149708,0,0,0,0,0,0,"immutable SourceEscrow completed in the source-render command buffer",0,0,0,0,0,0,0,0,0,0,1,1,,0,0,0,0,0,0,0,0,,0
layer_owner_claimed,1,1,0,0,0,0,0,0,0,0,0,0,0,0,0,0,0,0,0,0,0,0,0,"exclusive CAMetalLayer claim acquired before display-link attachment",0,0,0,0,0,0,0,0,0,0,0,0,,0,0,0,0,0,0,0,0,,0
display_link_attached,1,1,0,0,0,0,0,0,0,0,0,0,0,0,0,0,0,0,0,0,0,0,0,"display link attached after ordinary Presenter drained",0,0,0,0,0,0,0,0,0,0,0,0,,0,0,0,0,0,0,0,0,,0
display_callbacks_enabled,1,1,0,0,0,0,0,0,0,0,0,0,0,0,0,0,0,0,0,0,0,0,0,"display-link callbacks enabled under exclusive layer claim",0,0,0,0,0,0,0,0,0,0,0,0,,0,0,0,0,0,0,0,0,,0
session_active,1,1,0,0,0,0,0,0,0,0,0,0,0,0,0,0,0,0,0,0,0,0,0,"display resumed in fresh epoch",0,0,0,0,0,0,0,0,0,0,0,0,,0,0,0,0,0,0,0,0,,0
source_candidate_reserved,1,1,0,0,1,2,0,0,288400685082708,0,0,0,0,0,288400768416041,0,0,0,0,2,0,0,0,"mandatory SourceEscrow allocated; source-only mode",0,0,0,0,0,0,0,0,0,0,2,0,,0,0,0,0,0,0,0,0,,0
source_state_transition,1,1,0,0,1,2,0,0,288400685082708,0,0,0,0,0,288400768416041,0,0,0,0,0,0,0,0,"escrow_preparing->escrow_submitted:DXMT source command buffer committed with mandatory escrow copy",0,0,0,0,0,0,0,0,0,0,0,0,,0,0,0,0,0,0,0,0,,0
source_ownership_transfer,1,1,0,0,1,2,0,0,288400685082708,0,0,0,0,0,288400768416041,0,288400685452791,0,0,0,0,0,0,"Framegen owns immutable SourceEscrow after containing command buffer commit",0,0,0,0,0,0,0,0,0,0,2,2,,0,0,0,0,0,0,0,0,,0
source_state_transition,1,1,0,0,1,2,0,0,288400685082708,288400685925541,0,0,0,0,288400768416041,0,0,0,0,0,0,0,0,"escrow_submitted->escrow_ready:same-buffer SourceEscrow copy completed",0,0,0,0,0,0,0,0,0,0,0,0,,0,0,0,0,0,0,0,0,,0
source_escrow_complete,1,1,0,0,1,2,0,0,288400685082708,288400685925541,0,0,0,0,288400768416041,0,288400685452791,0,0,0,0,0,0,"immutable SourceEscrow completed in the source-render command buffer",0,0,0,0,0,0,0,0,0,0,2,2,,0,0,0,0,0,0,0,0,,0
presentation_stages,1,1,0,1,0,0,0,0,0,0,0,0,288400697322791,288400713573498,288400746905498,0,0,0,20375,1,4688698298717938014,4688698298997029988,4688698299569669387,"worker,mutex,encode,submit,present stages",288400697356291,288400697357208,288400697359000,0,0,0,0,3,1,1,0,0,no_output_available,288400697370958,0,0,288400697471583,288400697454666,0,1,0,,0
worker_tick_retired,1,1,0,1,0,0,0,0,0,0,0,0,0,0,0,0,0,0,0,0,0,0,0,"callback-owned drawable lease retired",0,0,0,0,0,0,0,0,0,0,0,0,,0,0,0,0,0,0,0,0,,0
generated_dropped,1,1,0,2,2,2,1,2,288400685082708,288400685925541,0,0,288400713654791,288400730239498,288400757537707,0,0,0,7875,0,0,0,0,"pair history invalid; repeat A until B deadline",0