event,app_present_seq,elapsed_us,present_hr,requested_buffer_index,current_backbuffer_index_before,current_backbuffer_index_after,current_index_query_hr,buffer0_query_hr,color_id,static_texture_mode,window_visible,window_iconic,window_foreground
present,1,665833,0x00000000,0,0,0,0x00000000,0x00000000,0,0,1,0,1
present,2,671676,0x00000000,0,0,0,0x00000000,0x00000000,0,0,1,0,1
present,3,672804,0x00000000,0,0,0,0x00000000,0x00000000,0,0,1,0,1
present,4,673463,0x00000000,0,0,0,0x00000000,0x00000000,0,0,1,0,1
present,5,689115,0x00000000,0,0,0,0x00000000,0x00000000,0,0,1,0,1
present,6,705623,0x00000000,0,0,0,0x00000000,0x00000000,0,0,1,0,1
present,7,722354,0x00000000,0,0,0,0x00000000,0x00000000,0,0,1,0,1
present,8,738976,0x00000000,0,0,0,0x00000000,0x00000000,0,0,1,0,1
present,9,755480,0x00000000,0,0,0,0x00000000,0x00000000,0,0,1,0,1
present,10,772093,0x00000000,0,0,0,0x00000000,0x00000000,0,0,1,0,1
present,11,788836,0x00000000,0,0,0,0x00000000,0x00000000,0,0,1,0,1
present,12,805450,0x00000000,0,0,0,0x00000000,0x00000000,0,0,1,0,1
present,13,822255,0x00000000,0,0,0,0x00000000,0x00000000,0,0,1,0,1
present,14,838858,0x00000000,0,0,0,0x00000000,0x00000000,0,0,1,0,1
present,15,855718,0x00000000,0,0,0,0x00000000,0x00000000,0,0,1,0,1
present,16,872596,0x00000000,0,0,0,0x00000000,0x00000000,0,0,1,0,1
present,17,889548,0x00000000,0,0,0,0x00000000,0x00000000,0,0,1,0,1
present,18,906229,0x00000000,0,0,0,0x00000000,0x00000000,0,0,1,0,1
present,19,923059,0x00000000,0,0,0,0x00000000,0x00000000,0,0,1,0,1
present,20,939802,0x00000000,0,0,0,0x00000000,0x00000000,0,0,1,0,1
present,21,957064,0x00000000,0,0,0,0x00000000,0x00000000,0,0,1,0,1
present,22,973251,0x00000000,0,0,0,0x00000000,0x00000000,0,0,1,0,1
present,23,989660,0x00000000,0,0,0,0x00000000,0x00000000,0,0,1,0,1
present,24,1006600,0x00000000,0,0,0,0x00000000,0x00000000,0,0,1,0,1
exit,24,1007205,0x00000000,0,0
