event,app_present_seq,elapsed_us,present_hr,requested_buffer_index,current_backbuffer_index_before,current_backbuffer_index_after,current_index_query_hr,buffer0_query_hr,color_id,static_texture_mode
present,1,15536,0x00000000,0,0,0,0x00000000,0x00000000,0,1
present,2,34369,0x00000000,0,0,0,0x00000000,0x00000000,0,1
present,3,66899,0x00000000,0,0,0,0x00000000,0x00000000,0,1
present,4,100128,0x00000000,0,0,0,0x00000000,0x00000000,0,1
present,5,133466,0x00000000,0,0,0,0x00000000,0x00000000,0,1
present,6,166910,0x00000000,0,0,0,0x00000000,0x00000000,0,1
present,7,200223,0x00000000,0,0,0,0x00000000,0x00000000,0,1
present,8,233520,0x00000000,0,0,0,0x00000000,0x00000000,0,1
present,9,267023,0x00000000,0,0,0,0x00000000,0x00000000,0,1
present,10,300200,0x00000000,0,0,0,0x00000000,0x00000000,0,1
present,11,333686,0x00000000,0,0,0,0x00000000,0x00000000,0,1
present,12,366856,0x00000000,0,0,0,0x00000000,0x00000000,0,1
present,13,400094,0x00000000,0,0,0,0x00000000,0x00000000,0,1
present,14,433481,0x00000000,0,0,0,0x00000000,0x00000000,0,1
present,15,466802,0x00000000,0,0,0,0x00000000,0x00000000,0,1
present,16,500262,0x00000000,0,0,0,0x00000000,0x00000000,0,1
present,17,533523,0x00000000,0,0,0,0x00000000,0x00000000,0,1
present,18,566938,0x00000000,0,0,0,0x00000000,0x00000000,0,1
present,19,600542,0x00000000,0,0,0,0x00000000,0x00000000,0,1
present,20,633519,0x00000000,0,0,0,0x00000000,0x00000000,0,1
present,21,667515,0x00000000,0,0,0,0x00000000,0x00000000,0,1
present,22,700648,0x00000000,0,0,0,0x00000000,0x00000000,0,1
present,23,733759,0x00000000,0,0,0,0x00000000,0x00000000,0,1
present,24,767335,0x00000000,0,0,0,0x00000000,0x00000000,0,1
present,25,800565,0x00000000,0,0,0,0x00000000,0x00000000,0,1
present,26,834417,0x00000000,0,0,0,0x00000000,0x00000000,0,1
present,27,867316,0x00000000,0,0,0,0x00000000,0x00000000,0,1
present,28,900594,0x00000000,0,0,0,0x00000000,0x00000000,0,1
present,29,933958,0x00000000,0,0,0,0x00000000,0x00000000,0,1
present,30,967567,0x00000000,0,0,0,0x00000000,0x00000000,0,1
present,31,1000323,0x00000000,0,0,0,0x00000000,0x00000000,0,1
present,32,1033557,0x00000000,0,0,0,0x00000000,0x00000000,0,1
present,33,1066803,0x00000000,0,0,0,0x00000000,0x00000000,0,1
present,34,1100302,0x00000000,0,0,0,0x00000000,0x00000000,0,1
present,35,1133747,0x00000000,0,0,0,0x00000000,0x00000000,0,1
present,36,1167020,0x00000000,0,0,0,0x00000000,0x00000000,0,1
present,37,1200166,0x00000000,0,0,0,0x00000000,0x00000000,0,1
present,38,1233458,0x00000000,0,0,0,0x00000000,0x00000000,0,1
present,39,1267072,0x00000000,0,0,0,0x00000000,0x00000000,0,1
present,40,1300546,0x00000000,0,0,0,0x00000000,0x00000000,0,1
present,41,1334045,0x00000000,0,0,0,0x00000000,0x00000000,0,1
present,42,1367521,0x00000000,0,0,0,0x00000000,0x00000000,0,1
present,43,1400963,0x00000000,0,0,0,0x00000000,0x00000000,0,1
present,44,1434214,0x00000000,0,0,0,0x00000000,0x00000000,0,1
present,45,1467405,0x00000000,0,0,0,0x00000000,0x00000000,0,1
present,46,1500791,0x00000000,0,0,0,0x00000000,0x00000000,0,1
present,47,1534078,0x00000000,0,0,0,0x00000000,0x00000000,0,1
present,48,1567813,0x00000000,0,0,0,0x00000000,0x00000000,0,1
present,49,1600868,0x00000000,0,0,0,0x00000000,0x00000000,0,1
present,50,1633943,0x00000000,0,0,0,0x00000000,0x00000000,0,1
present,51,1667336,0x00000000,0,0,0,0x00000000,0x00000000,0,1
present,52,1701018,0x00000000,0,0,0,0x00000000,0x00000000,0,1
present,53,1734064,0x00000000,0,0,0,0x00000000,0x00000000,0,1
present,54,1767517,0x00000000,0,0,0,0x00000000,0x00000000,0,1
present,55,1800779,0x00000000,0,0,0,0x00000000,0x00000000,0,1
present,56,1834406,0x00000000,0,0,0,0x00000000,0x00000000,0,1
present,57,1867471,0x00000000,0,0,0,0x00000000,0x00000000,0,1
present,58,1900198,0x00000000,0,0,0,0x00000000,0x00000000,0,1
present,59,1933453,0x00000000,0,0,0,0x00000000,0x00000000,0,1
present,60,1966861,0x00000000,0,0,0,0x00000000,0x00000000,0,1
present,61,2000199,0x00000000,0,0,0,0x00000000,0x00000000,0,1
present,62,2037004,0x00000000,0,0,0,0x00000000,0x00000000,0,1
present,63,2070419,0x00000000,0,0,0,0x00000000,0x00000000,0,1
present,64,2100237,0x00000000,0,0,0,0x00000000,0x00000000,0,1
present,65,2133488,0x00000000,0,0,0,0x00000000,0x00000000,0,1
present,66,2166773,0x00000000,0,0,0,0x00000000,0x00000000,0,1
present,67,2200094,0x00000000,0,0,0,0x00000000,0x00000000,0,1
present,68,2233433,0x00000000,0,0,0,0x00000000,0x00000000,0,1
present,69,2266770,0x00000000,0,0,0,0x00000000,0x00000000,0,1
present,70,2300166,0x00000000,0,0,0,0x00000000,0x00000000,0,1
present,71,2333922,0x00000000,0,0,0,0x00000000,0x00000000,0,1
present,72,2367534,0x00000000,0,0,0,0x00000000,0x00000000,0,1
present,73,2400907,0x00000000,0,0,0,0x00000000,0x00000000,0,1
present,74,2434127,0x00000000,0,0,0,0x00000000,0x00000000,0,1
present,75,2467635,0x00000000,0,0,0,0x00000000,0x00000000,0,1
present,76,2500898,0x00000000,0,0,0,0x00000000,0x00000000,0,1
present,77,2533795,0x00000000,0,0,0,0x00000000,0x00000000,0,1
present,78,2567395,0x00000000,0,0,0,0x00000000,0x00000000,0,1
present,79,2600457,0x00000000,0,0,0,0x00000000,0x00000000,0,1
present,80,2634023,0x00000000,0,0,0,0x00000000,0x00000000,0,1
present,81,2667178,0x00000000,0,0,0,0x00000000,0x00000000,0,1
present,82,2700490,0x00000000,0,0,0,0x00000000,0x00000000,0,1
present,83,2735093,0x00000000,0,0,0,0x00000000,0x00000000,0,1
present,84,2767337,0x00000000,0,0,0,0x00000000,0x00000000,0,1
present,85,2800796,0x00000000,0,0,0,0x00000000,0x00000000,0,1
present,86,2834374,0x00000000,0,0,0,0x00000000,0x00000000,0,1
present,87,2867179,0x00000000,0,0,0,0x00000000,0x00000000,0,1
present,88,2900574,0x00000000,0,0,0,0x00000000,0x00000000,0,1
present,89,2934195,0x00000000,0,0,0,0x00000000,0x00000000,0,1
present,90,2967326,0x00000000,0,0,0,0x00000000,0x00000000,0,1
present,91,3000461,0x00000000,0,0,0,0x00000000,0x00000000,0,1
present,92,3033937,0x00000000,0,0,0,0x00000000,0x00000000,0,1
present,93,3067183,0x00000000,0,0,0,0x00000000,0x00000000,0,1
present,94,3100724,0x00000000,0,0,0,0x00000000,0x00000000,0,1
present,95,3153434,0x00000000,0,0,0,0x00000000,0x00000000,0,1
present,96,3167387,0x00000000,0,0,0,0x00000000,0x00000000,0,1
present,97,3200757,0x00000000,0,0,0,0x00000000,0x00000000,0,1
present,98,3233812,0x00000000,0,0,0,0x00000000,0x00000000,0,1
present,99,3267331,0x00000000,0,0,0,0x00000000,0x00000000,0,1
present,100,3300706,0x00000000,0,0,0,0x00000000,0x00000000,0,1
present,101,3334185,0x00000000,0,0,0,0x00000000,0x00000000,0,1
present,102,3367168,0x00000000,0,0,0,0x00000000,0x00000000,0,1
present,103,3400688,0x00000000,0,0,0,0x00000000,0x00000000,0,1
present,104,3433954,0x00000000,0,0,0,0x00000000,0x00000000,0,1
present,105,3467195,0x00000000,0,0,0,0x00000000,0x00000000,0,1
present,106,3500994,0x00000000,0,0,0,0x00000000,0x00000000,0,1
present,107,3535101,0x00000000,0,0,0,0x00000000,0x00000000,0,1
present,108,3567213,0x00000000,0,0,0,0x00000000,0x00000000,0,1
present,109,3600438,0x00000000,0,0,0,0x00000000,0x00000000,0,1
present,110,3633759,0x00000000,0,0,0,0x00000000,0x00000000,0,1
present,111,3667096,0x00000000,0,0,0,0x00000000,0x00000000,0,1
present,112,3700590,0x00000000,0,0,0,0x00000000,0x00000000,0,1
present,113,3733653,0x00000000,0,0,0,0x00000000,0x00000000,0,1
present,114,3767070,0x00000000,0,0,0,0x00000000,0x00000000,0,1
present,115,3800791,0x00000000,0,0,0,0x00000000,0x00000000,0,1
present,116,3834638,0x00000000,0,0,0,0x00000000,0x00000000,0,1
present,117,3867293,0x00000000,0,0,0,0x00000000,0x00000000,0,1
present,118,3900717,0x00000000,0,0,0,0x00000000,0x00000000,0,1
present,119,3934317,0x00000000,0,0,0,0x00000000,0x00000000,0,1
present,120,3967383,0x00000000,0,0,0,0x00000000,0x00000000,0,1
present,121,4000958,0x00000000,0,0,0,0x00000000,0x00000000,0,1
present,122,4033936,0x00000000,0,0,0,0x00000000,0x00000000,0,1
present,123,4067215,0x00000000,0,0,0,0x00000000,0x00000000,0,1
present,124,4100637,0x00000000,0,0,0,0x00000000,0x00000000,0,1
present,125,4145542,0x00000000,0,0,0,0x00000000,0x00000000,0,1
present,126,4167049,0x00000000,0,0,0,0x00000000,0x00000000,0,1
present,127,4200754,0x00000000,0,0,0,0x00000000,0x00000000,0,1
present,128,4233994,0x00000000,0,0,0,0x00000000,0x00000000,0,1
present,129,4267891,0x00000000,0,0,0,0x00000000,0x00000000,0,1
present,130,4300263,0x00000000,0,0,0,0x00000000,0x00000000,0,1
present,131,4333760,0x00000000,0,0,0,0x00000000,0x00000000,0,1
present,132,4367106,0x00000000,0,0,0,0x00000000,0x00000000,0,1
present,133,4400732,0x00000000,0,0,0,0x00000000,0x00000000,0,1
present,134,4434001,0x00000000,0,0,0,0x00000000,0x00000000,0,1
present,135,4467311,0x00000000,0,0,0,0x00000000,0x00000000,0,1
present,136,4500405,0x00000000,0,0,0,0x00000000,0x00000000,0,1
present,137,4533812,0x00000000,0,0,0,0x00000000,0x00000000,0,1
present,138,4569100,0x00000000,0,0,0,0x00000000,0x00000000,0,1
present,139,4600686,0x00000000,0,0,0,0x00000000,0x00000000,0,1
present,140,4633995,0x00000000,0,0,0,0x00000000,0x00000000,0,1
present,141,4667499,0x00000000,0,0,0,0x00000000,0x00000000,0,1
present,142,4700550,0x00000000,0,0,0,0x00000000,0x00000000,0,1
present,143,4733549,0x00000000,0,0,0,0x00000000,0x00000000,0,1
present,144,4766845,0x00000000,0,0,0,0x00000000,0x00000000,0,1
present,145,4800560,0x00000000,0,0,0,0x00000000,0x00000000,0,1
present,146,4834832,0x00000000,0,0,0,0x00000000,0x00000000,0,1
present,147,4867879,0x00000000,0,0,0,0x00000000,0x00000000,0,1
present,148,4901235,0x00000000,0,0,0,0x00000000,0x00000000,0,1
present,149,4934031,0x00000000,0,0,0,0x00000000,0x00000000,0,1
present,150,4967791,0x00000000,0,0,0,0x00000000,0x00000000,0,1
present,151,5000488,0x00000000,0,0,0,0x00000000,0x00000000,0,1
present,152,5033780,0x00000000,0,0,0,0x00000000,0x00000000,0,1
present,153,5067234,0x00000000,0,0,0,0x00000000,0x00000000,0,1
present,154,5101158,0x00000000,0,0,0,0x00000000,0x00000000,0,1
present,155,5133991,0x00000000,0,0,0,0x00000000,0x00000000,0,1
present,156,5167108,0x00000000,0,0,0,0x00000000,0x00000000,0,1
present,157,5200447,0x00000000,0,0,0,0x00000000,0x00000000,0,1
present,158,5233858,0x00000000,0,0,0,0x00000000,0x00000000,0,1
present,159,5267640,0x00000000,0,0,0,0x00000000,0x00000000,0,1
present,160,5300666,0x00000000,0,0,0,0x00000000,0x00000000,0,1
present,161,5334579,0x00000000,0,0,0,0x00000000,0x00000000,0,1
present,162,5367591,0x00000000,0,0,0,0x00000000,0x00000000,0,1
present,163,5401210,0x00000000,0,0,0,0x00000000,0x00000000,0,1
present,164,5434081,0x00000000,0,0,0,0x00000000,0x00000000,0,1
present,165,5467269,0x00000000,0,0,0,0x00000000,0x00000000,0,1
present,166,5500761,0x00000000,0,0,0,0x00000000,0x00000000,0,1
present,167,5534398,0x00000000,0,0,0,0x00000000,0x00000000,0,1
present,168,5567334,0x00000000,0,0,0,0x00000000,0x00000000,0,1
present,169,5600714,0x00000000,0,0,0,0x00000000,0x00000000,0,1
present,170,5634043,0x00000000,0,0,0,0x00000000,0x00000000,0,1
present,171,5667259,0x00000000,0,0,0,0x00000000,0x00000000,0,1
present,172,5700267,0x00000000,0,0,0,0x00000000,0x00000000,0,1
present,173,5733544,0x00000000,0,0,0,0x00000000,0x00000000,0,1
present,174,5766781,0x00000000,0,0,0,0x00000000,0x00000000,0,1
present,175,5800110,0x00000000,0,0,0,0x00000000,0x00000000,0,1
present,176,5833463,0x00000000,0,0,0,0x00000000,0x00000000,0,1
present,177,5867166,0x00000000,0,0,0,0x00000000,0x00000000,0,1
present,178,5900823,0x00000000,0,0,0,0x00000000,0x00000000,0,1
present,179,5934432,0x00000000,0,0,0,0x00000000,0x00000000,0,1
present,180,5968024,0x00000000,0,0,0,0x00000000,0x00000000,0,1
present,181,6000512,0x00000000,0,0,0,0x00000000,0x00000000,0,1
present,182,6034183,0x00000000,0,0,0,0x00000000,0x00000000,0,1
present,183,6066839,0x00000000,0,0,0,0x00000000,0x00000000,0,1
present,184,6100267,0x00000000,0,0,0,0x00000000,0x00000000,0,1
present,185,6143406,0x00000000,0,0,0,0x00000000,0x00000000,0,1
present,186,6166822,0x00000000,0,0,0,0x00000000,0x00000000,0,1
present,187,6200532,0x00000000,0,0,0,0x00000000,0x00000000,0,1
present,188,6233814,0x00000000,0,0,0,0x00000000,0x00000000,0,1
present,189,6267243,0x00000000,0,0,0,0x00000000,0x00000000,0,1
present,190,6300810,0x00000000,0,0,0,0x00000000,0x00000000,0,1
present,191,6333943,0x00000000,0,0,0,0x00000000,0x00000000,0,1
present,192,6367274,0x00000000,0,0,0,0x00000000,0x00000000,0,1
present,193,6400744,0x00000000,0,0,0,0x00000000,0x00000000,0,1
present,194,6433965,0x00000000,0,0,0,0x00000000,0x00000000,0,1
present,195,6467366,0x00000000,0,0,0,0x00000000,0x00000000,0,1
present,196,6500583,0x00000000,0,0,0,0x00000000,0x00000000,0,1
present,197,6534058,0x00000000,0,0,0,0x00000000,0x00000000,0,1
present,198,6567281,0x00000000,0,0,0,0x00000000,0x00000000,0,1
present,199,6600561,0x00000000,0,0,0,0x00000000,0x00000000,0,1
present,200,6634070,0x00000000,0,0,0,0x00000000,0x00000000,0,1
present,201,6667533,0x00000000,0,0,0,0x00000000,0x00000000,0,1
present,202,6700707,0x00000000,0,0,0,0x00000000,0x00000000,0,1
present,203,6733963,0x00000000,0,0,0,0x00000000,0x00000000,0,1
present,204,6767309,0x00000000,0,0,0,0x00000000,0x00000000,0,1
present,205,6800697,0x00000000,0,0,0,0x00000000,0x00000000,0,1
present,206,6834003,0x00000000,0,0,0,0x00000000,0x00000000,0,1
present,207,6867311,0x00000000,0,0,0,0x00000000,0x00000000,0,1
present,208,6900625,0x00000000,0,0,0,0x00000000,0x00000000,0,1
present,209,6934111,0x00000000,0,0,0,0x00000000,0x00000000,0,1
present,210,6967376,0x00000000,0,0,0,0x00000000,0x00000000,0,1
present,211,7001436,0x00000000,0,0,0,0x00000000,0x00000000,0,1
present,212,7034097,0x00000000,0,0,0,0x00000000,0x00000000,0,1
present,213,7067965,0x00000000,0,0,0,0x00000000,0x00000000,0,1
present,214,7102382,0x00000000,0,0,0,0x00000000,0x00000000,0,1
present,215,7133485,0x00000000,0,0,0,0x00000000,0x00000000,0,1
present,216,7167194,0x00000000,0,0,0,0x00000000,0x00000000,0,1
present,217,7200811,0x00000000,0,0,0,0x00000000,0x00000000,0,1
present,218,7234064,0x00000000,0,0,0,0x00000000,0x00000000,0,1
present,219,7267244,0x00000000,0,0,0,0x00000000,0x00000000,0,1
present,220,7300709,0x00000000,0,0,0,0x00000000,0x00000000,0,1
present,221,7333938,0x00000000,0,0,0,0x00000000,0x00000000,0,1
present,222,7366888,0x00000000,0,0,0,0x00000000,0x00000000,0,1
present,223,7400908,0x00000000,0,0,0,0x00000000,0x00000000,0,1
present,224,7433917,0x00000000,0,0,0,0x00000000,0x00000000,0,1
present,225,7467745,0x00000000,0,0,0,0x00000000,0x00000000,0,1
present,226,7500863,0x00000000,0,0,0,0x00000000,0x00000000,0,1
present,227,7533962,0x00000000,0,0,0,0x00000000,0x00000000,0,1
present,228,7567159,0x00000000,0,0,0,0x00000000,0x00000000,0,1
present,229,7600526,0x00000000,0,0,0,0x00000000,0x00000000,0,1
present,230,7633909,0x00000000,0,0,0,0x00000000,0x00000000,0,1
present,231,7667229,0x00000000,0,0,0,0x00000000,0x00000000,0,1
present,232,7700951,0x00000000,0,0,0,0x00000000,0x00000000,0,1
present,233,7733639,0x00000000,0,0,0,0x00000000,0x00000000,0,1
present,234,7767077,0x00000000,0,0,0,0x00000000,0x00000000,0,1
present,235,7800867,0x00000000,0,0,0,0x00000000,0x00000000,0,1
present,236,7833960,0x00000000,0,0,0,0x00000000,0x00000000,0,1
present,237,7867667,0x00000000,0,0,0,0x00000000,0x00000000,0,1
present,238,7900880,0x00000000,0,0,0,0x00000000,0x00000000,0,1
present,239,7934226,0x00000000,0,0,0,0x00000000,0x00000000,0,1
present,240,7967332,0x00000000,0,0,0,0x00000000,0x00000000,0,1
present,241,8001256,0x00000000,0,0,0,0x00000000,0x00000000,0,1
present,242,8034078,0x00000000,0,0,0,0x00000000,0x00000000,0,1
present,243,8066918,0x00000000,0,0,0,0x00000000,0x00000000,0,1
present,244,8100505,0x00000000,0,0,0,0x00000000,0x00000000,0,1
present,245,8144812,0x00000000,0,0,0,0x00000000,0x00000000,0,1
present,246,8167655,0x00000000,0,0,0,0x00000000,0x00000000,0,1
present,247,8200649,0x00000000,0,0,0,0x00000000,0x00000000,0,1
present,248,8234093,0x00000000,0,0,0,0x00000000,0x00000000,0,1
present,249,8267523,0x00000000,0,0,0,0x00000000,0x00000000,0,1
present,250,8300626,0x00000000,0,0,0,0x00000000,0x00000000,0,1
present,251,8334287,0x00000000,0,0,0,0x00000000,0x00000000,0,1
present,252,8367719,0x00000000,0,0,0,0x00000000,0x00000000,0,1
present,253,8400510,0x00000000,0,0,0,0x00000000,0x00000000,0,1
present,254,8433877,0x00000000,0,0,0,0x00000000,0x00000000,0,1
present,255,8467101,0x00000000,0,0,0,0x00000000,0x00000000,0,1
present,256,8500653,0x00000000,0,0,0,0x00000000,0x00000000,0,1
present,257,8534186,0x00000000,0,0,0,0x00000000,0x00000000,0,1
present,258,8567282,0x00000000,0,0,0,0x00000000,0x00000000,0,1
present,259,8600524,0x00000000,0,0,0,0x00000000,0x00000000,0,1
present,260,8633784,0x00000000,0,0,0,0x00000000,0x00000000,0,1
present,261,8667260,0x00000000,0,0,0,0x00000000,0x00000000,0,1
present,262,8700632,0x00000000,0,0,0,0x00000000,0x00000000,0,1
present,263,8733617,0x00000000,0,0,0,0x00000000,0x00000000,0,1
present,264,8767191,0x00000000,0,0,0,0x00000000,0x00000000,0,1
present,265,8800761,0x00000000,0,0,0,0x00000000,0x00000000,0,1
present,266,8834198,0x00000000,0,0,0,0x00000000,0x00000000,0,1
present,267,8867356,0x00000000,0,0,0,0x00000000,0x00000000,0,1
present,268,8900760,0x00000000,0,0,0,0x00000000,0x00000000,0,1
present,269,8933962,0x00000000,0,0,0,0x00000000,0x00000000,0,1
present,270,8967820,0x00000000,0,0,0,0x00000000,0x00000000,0,1
present,271,9000456,0x00000000,0,0,0,0x00000000,0x00000000,0,1
present,272,9033805,0x00000000,0,0,0,0x00000000,0x00000000,0,1
present,273,9067147,0x00000000,0,0,0,0x00000000,0x00000000,0,1
present,274,9100483,0x00000000,0,0,0,0x00000000,0x00000000,0,1
present,275,9143139,0x00000000,0,0,0,0x00000000,0x00000000,0,1
present,276,9166888,0x00000000,0,0,0,0x00000000,0x00000000,0,1
present,277,9200584,0x00000000,0,0,0,0x00000000,0x00000000,0,1
present,278,9233888,0x00000000,0,0,0,0x00000000,0x00000000,0,1
present,279,9267298,0x00000000,0,0,0,0x00000000,0x00000000,0,1
present,280,9300489,0x00000000,0,0,0,0x00000000,0x00000000,0,1
present,281,9334033,0x00000000,0,0,0,0x00000000,0x00000000,0,1
present,282,9367903,0x00000000,0,0,0,0x00000000,0x00000000,0,1
present,283,9400706,0x00000000,0,0,0,0x00000000,0x00000000,0,1
present,284,9434089,0x00000000,0,0,0,0x00000000,0x00000000,0,1
present,285,9467383,0x00000000,0,0,0,0x00000000,0x00000000,0,1
present,286,9500777,0x00000000,0,0,0,0x00000000,0x00000000,0,1
present,287,9533790,0x00000000,0,0,0,0x00000000,0x00000000,0,1
present,288,9567332,0x00000000,0,0,0,0x00000000,0x00000000,0,1
present,289,9600734,0x00000000,0,0,0,0x00000000,0x00000000,0,1
present,290,9634046,0x00000000,0,0,0,0x00000000,0x00000000,0,1
present,291,9667279,0x00000000,0,0,0,0x00000000,0x00000000,0,1
present,292,9700692,0x00000000,0,0,0,0x00000000,0x00000000,0,1
present,293,9734188,0x00000000,0,0,0,0x00000000,0x00000000,0,1
present,294,9767301,0x00000000,0,0,0,0x00000000,0x00000000,0,1
present,295,9800785,0x00000000,0,0,0,0x00000000,0x00000000,0,1
present,296,9834096,0x00000000,0,0,0,0x00000000,0x00000000,0,1
present,297,9867357,0x00000000,0,0,0,0x00000000,0x00000000,0,1
present,298,9900613,0x00000000,0,0,0,0x00000000,0x00000000,0,1
present,299,9933901,0x00000000,0,0,0,0x00000000,0x00000000,0,1
present,300,9967256,0x00000000,0,0,0,0x00000000,0x00000000,0,1
present,301,10000700,0x00000000,0,0,0,0x00000000,0x00000000,0,1
present,302,10033987,0x00000000,0,0,0,0x00000000,0x00000000,0,1
present,303,10067390,0x00000000,0,0,0,0x00000000,0x00000000,0,1
present,304,10100684,0x00000000,0,0,0,0x00000000,0x00000000,0,1
present,305,10142623,0x00000000,0,0,0,0x00000000,0x00000000,0,1
present,306,10166895,0x00000000,0,0,0,0x00000000,0x00000000,0,1
present,307,10200630,0x00000000,0,0,0,0x00000000,0x00000000,0,1
present,308,10233754,0x00000000,0,0,0,0x00000000,0x00000000,0,1
present,309,10267139,0x00000000,0,0,0,0x00000000,0x00000000,0,1
present,310,10300456,0x00000000,0,0,0,0x00000000,0x00000000,0,1
present,311,10334012,0x00000000,0,0,0,0x00000000,0x00000000,0,1
present,312,10367555,0x00000000,0,0,0,0x00000000,0x00000000,0,1
present,313,10401067,0x00000000,0,0,0,0x00000000,0x00000000,0,1
present,314,10434183,0x00000000,0,0,0,0x00000000,0x00000000,0,1
present,315,10467546,0x00000000,0,0,0,0x00000000,0x00000000,0,1
present,316,10500650,0x00000000,0,0,0,0x00000000,0x00000000,0,1
present,317,10533808,0x00000000,0,0,0,0x00000000,0x00000000,0,1
present,318,10567091,0x00000000,0,0,0,0x00000000,0x00000000,0,1
present,319,10600601,0x00000000,0,0,0,0x00000000,0x00000000,0,1
present,320,10634105,0x00000000,0,0,0,0x00000000,0x00000000,0,1
present,321,10667174,0x00000000,0,0,0,0x00000000,0x00000000,0,1
present,322,10700457,0x00000000,0,0,0,0x00000000,0x00000000,0,1
present,323,10733793,0x00000000,0,0,0,0x00000000,0x00000000,0,1
present,324,10767115,0x00000000,0,0,0,0x00000000,0x00000000,0,1
present,325,10800646,0x00000000,0,0,0,0x00000000,0x00000000,0,1
present,326,10834608,0x00000000,0,0,0,0x00000000,0x00000000,0,1
present,327,10867424,0x00000000,0,0,0,0x00000000,0x00000000,0,1
present,328,10900662,0x00000000,0,0,0,0x00000000,0x00000000,0,1
present,329,10933980,0x00000000,0,0,0,0x00000000,0x00000000,0,1
present,330,10967901,0x00000000,0,0,0,0x00000000,0x00000000,0,1
present,331,11000985,0x00000000,0,0,0,0x00000000,0x00000000,0,1
present,332,11033753,0x00000000,0,0,0,0x00000000,0x00000000,0,1
present,333,11067337,0x00000000,0,0,0,0x00000000,0x00000000,0,1
present,334,11100809,0x00000000,0,0,0,0x00000000,0x00000000,0,1
present,335,11151579,0x00000000,0,0,0,0x00000000,0x00000000,0,1
present,336,11166870,0x00000000,0,0,0,0x00000000,0x00000000,0,1
present,337,11200302,0x00000000,0,0,0,0x00000000,0x00000000,0,1
present,338,11233793,0x00000000,0,0,0,0x00000000,0x00000000,0,1
present,339,11267281,0x00000000,0,0,0,0x00000000,0x00000000,0,1
present,340,11300568,0x00000000,0,0,0,0x00000000,0x00000000,0,1
present,341,11334101,0x00000000,0,0,0,0x00000000,0x00000000,0,1
present,342,11367337,0x00000000,0,0,0,0x00000000,0x00000000,0,1
present,343,11400736,0x00000000,0,0,0,0x00000000,0x00000000,0,1
present,344,11433943,0x00000000,0,0,0,0x00000000,0x00000000,0,1
present,345,11467386,0x00000000,0,0,0,0x00000000,0x00000000,0,1
present,346,11501069,0x00000000,0,0,0,0x00000000,0x00000000,0,1
present,347,11535058,0x00000000,0,0,0,0x00000000,0x00000000,0,1
present,348,11567537,0x00000000,0,0,0,0x00000000,0x00000000,0,1
present,349,11600423,0x00000000,0,0,0,0x00000000,0x00000000,0,1
present,350,11633816,0x00000000,0,0,0,0x00000000,0x00000000,0,1
present,351,11667137,0x00000000,0,0,0,0x00000000,0x00000000,0,1
present,352,11700776,0x00000000,0,0,0,0x00000000,0x00000000,0,1
present,353,11733649,0x00000000,0,0,0,0x00000000,0x00000000,0,1
present,354,11767514,0x00000000,0,0,0,0x00000000,0x00000000,0,1
present,355,11801061,0x00000000,0,0,0,0x00000000,0x00000000,0,1
present,356,11834842,0x00000000,0,0,0,0x00000000,0x00000000,0,1
present,357,11866901,0x00000000,0,0,0,0x00000000,0x00000000,0,1
present,358,11900545,0x00000000,0,0,0,0x00000000,0x00000000,0,1
present,359,11934331,0x00000000,0,0,0,0x00000000,0x00000000,0,1
present,360,11967086,0x00000000,0,0,0,0x00000000,0x00000000,0,1
present,361,12000778,0x00000000,0,0,0,0x00000000,0x00000000,0,1
present,362,12034054,0x00000000,0,0,0,0x00000000,0x00000000,0,1
present,363,12067374,0x00000000,0,0,0,0x00000000,0x00000000,0,1
present,364,12100521,0x00000000,0,0,0,0x00000000,0x00000000,0,1
present,365,12145177,0x00000000,0,0,0,0x00000000,0x00000000,0,1
present,366,12167599,0x00000000,0,0,0,0x00000000,0x00000000,0,1
present,367,12200523,0x00000000,0,0,0,0x00000000,0x00000000,0,1
present,368,12234557,0x00000000,0,0,0,0x00000000,0x00000000,0,1
present,369,12267544,0x00000000,0,0,0,0x00000000,0x00000000,0,1
present,370,12300776,0x00000000,0,0,0,0x00000000,0x00000000,0,1
present,371,12334087,0x00000000,0,0,0,0x00000000,0x00000000,0,1
present,372,12368219,0x00000000,0,0,0,0x00000000,0x00000000,0,1
present,373,12400596,0x00000000,0,0,0,0x00000000,0x00000000,0,1
present,374,12433871,0x00000000,0,0,0,0x00000000,0x00000000,0,1
present,375,12467134,0x00000000,0,0,0,0x00000000,0x00000000,0,1
present,376,12500630,0x00000000,0,0,0,0x00000000,0x00000000,0,1
present,377,12534351,0x00000000,0,0,0,0x00000000,0x00000000,0,1
present,378,12567600,0x00000000,0,0,0,0x00000000,0x00000000,0,1
present,379,12600844,0x00000000,0,0,0,0x00000000,0x00000000,0,1
present,380,12634198,0x00000000,0,0,0,0x00000000,0x00000000,0,1
present,381,12667511,0x00000000,0,0,0,0x00000000,0x00000000,0,1
present,382,12701004,0x00000000,0,0,0,0x00000000,0x00000000,0,1
present,383,12733791,0x00000000,0,0,0,0x00000000,0x00000000,0,1
present,384,12767363,0x00000000,0,0,0,0x00000000,0x00000000,0,1
present,385,12800914,0x00000000,0,0,0,0x00000000,0x00000000,0,1
present,386,12834324,0x00000000,0,0,0,0x00000000,0x00000000,0,1
present,387,12867597,0x00000000,0,0,0,0x00000000,0x00000000,0,1
present,388,12900566,0x00000000,0,0,0,0x00000000,0x00000000,0,1
present,389,12934112,0x00000000,0,0,0,0x00000000,0x00000000,0,1
present,390,12967267,0x00000000,0,0,0,0x00000000,0x00000000,0,1
present,391,13000510,0x00000000,0,0,0,0x00000000,0x00000000,0,1
present,392,13034557,0x00000000,0,0,0,0x00000000,0x00000000,0,1
present,393,13067439,0x00000000,0,0,0,0x00000000,0x00000000,0,1
present,394,13100595,0x00000000,0,0,0,0x00000000,0x00000000,0,1
present,395,13136911,0x00000000,0,0,0,0x00000000,0x00000000,0,1
present,396,13166890,0x00000000,0,0,0,0x00000000,0x00000000,0,1
present,397,13200568,0x00000000,0,0,0,0x00000000,0x00000000,0,1
present,398,13233989,0x00000000,0,0,0,0x00000000,0x00000000,0,1
present,399,13267138,0x00000000,0,0,0,0x00000000,0x00000000,0,1
present,400,13300469,0x00000000,0,0,0,0x00000000,0x00000000,0,1
present,401,13333798,0x00000000,0,0,0,0x00000000,0x00000000,0,1
present,402,13367559,0x00000000,0,0,0,0x00000000,0x00000000,0,1
present,403,13400915,0x00000000,0,0,0,0x00000000,0x00000000,0,1
present,404,13434141,0x00000000,0,0,0,0x00000000,0x00000000,0,1
present,405,13467426,0x00000000,0,0,0,0x00000000,0x00000000,0,1
present,406,13500734,0x00000000,0,0,0,0x00000000,0x00000000,0,1
present,407,13534028,0x00000000,0,0,0,0x00000000,0x00000000,0,1
present,408,13567217,0x00000000,0,0,0,0x00000000,0x00000000,0,1
present,409,13600689,0x00000000,0,0,0,0x00000000,0x00000000,0,1
present,410,13633848,0x00000000,0,0,0,0x00000000,0x00000000,0,1
present,411,13667316,0x00000000,0,0,0,0x00000000,0x00000000,0,1
present,412,13701319,0x00000000,0,0,0,0x00000000,0x00000000,0,1
present,413,13734258,0x00000000,0,0,0,0x00000000,0x00000000,0,1
present,414,13767470,0x00000000,0,0,0,0x00000000,0x00000000,0,1
present,415,13800618,0x00000000,0,0,0,0x00000000,0x00000000,0,1
present,416,13833942,0x00000000,0,0,0,0x00000000,0x00000000,0,1
present,417,13867358,0x00000000,0,0,0,0x00000000,0x00000000,0,1
present,418,13900534,0x00000000,0,0,0,0x00000000,0x00000000,0,1
present,419,13933762,0x00000000,0,0,0,0x00000000,0x00000000,0,1
present,420,13967510,0x00000000,0,0,0,0x00000000,0x00000000,0,1
present,421,14000732,0x00000000,0,0,0,0x00000000,0x00000000,0,1
present,422,14033738,0x00000000,0,0,0,0x00000000,0x00000000,0,1
present,423,14067240,0x00000000,0,0,0,0x00000000,0x00000000,0,1
present,424,14100388,0x00000000,0,0,0,0x00000000,0x00000000,0,1
present,425,14151190,0x00000000,0,0,0,0x00000000,0x00000000,0,1
present,426,14166892,0x00000000,0,0,0,0x00000000,0x00000000,0,1
present,427,14200594,0x00000000,0,0,0,0x00000000,0x00000000,0,1
present,428,14233918,0x00000000,0,0,0,0x00000000,0x00000000,0,1
present,429,14267498,0x00000000,0,0,0,0x00000000,0x00000000,0,1
present,430,14300697,0x00000000,0,0,0,0x00000000,0x00000000,0,1
present,431,14334449,0x00000000,0,0,0,0x00000000,0x00000000,0,1
present,432,14367187,0x00000000,0,0,0,0x00000000,0x00000000,0,1
present,433,14401058,0x00000000,0,0,0,0x00000000,0x00000000,0,1
present,434,14433903,0x00000000,0,0,0,0x00000000,0x00000000,0,1
present,435,14467971,0x00000000,0,0,0,0x00000000,0x00000000,0,1
present,436,14500469,0x00000000,0,0,0,0x00000000,0x00000000,0,1
present,437,14533747,0x00000000,0,0,0,0x00000000,0x00000000,0,1
present,438,14567093,0x00000000,0,0,0,0x00000000,0x00000000,0,1
present,439,14600528,0x00000000,0,0,0,0x00000000,0x00000000,0,1
present,440,14634596,0x00000000,0,0,0,0x00000000,0x00000000,0,1
present,441,14667400,0x00000000,0,0,0,0x00000000,0x00000000,0,1
present,442,14700902,0x00000000,0,0,0,0x00000000,0x00000000,0,1
present,443,14734012,0x00000000,0,0,0,0x00000000,0x00000000,0,1
present,444,14767493,0x00000000,0,0,0,0x00000000,0x00000000,0,1
present,445,14801058,0x00000000,0,0,0,0x00000000,0x00000000,0,1
present,446,14833852,0x00000000,0,0,0,0x00000000,0x00000000,0,1
present,447,14867287,0x00000000,0,0,0,0x00000000,0x00000000,0,1
present,448,14900493,0x00000000,0,0,0,0x00000000,0x00000000,0,1
present,449,14933795,0x00000000,0,0,0,0x00000000,0x00000000,0,1
present,450,14967427,0x00000000,0,0,0,0x00000000,0x00000000,0,1
present,451,15000662,0x00000000,0,0,0,0x00000000,0x00000000,0,1
present,452,15034087,0x00000000,0,0,0,0x00000000,0x00000000,0,1
present,453,15067439,0x00000000,0,0,0,0x00000000,0x00000000,0,1
present,454,15100584,0x00000000,0,0,0,0x00000000,0x00000000,0,1
present,455,15144141,0x00000000,0,0,0,0x00000000,0x00000000,0,1
present,456,15166940,0x00000000,0,0,0,0x00000000,0x00000000,0,1
present,457,15200470,0x00000000,0,0,0,0x00000000,0x00000000,0,1
present,458,15233843,0x00000000,0,0,0,0x00000000,0x00000000,0,1
present,459,15267168,0x00000000,0,0,0,0x00000000,0x00000000,0,1
present,460,15300444,0x00000000,0,0,0,0x00000000,0x00000000,0,1
present,461,15334201,0x00000000,0,0,0,0x00000000,0x00000000,0,1
present,462,15367221,0x00000000,0,0,0,0x00000000,0x00000000,0,1
present,463,15400681,0x00000000,0,0,0,0x00000000,0x00000000,0,1
present,464,15433811,0x00000000,0,0,0,0x00000000,0x00000000,0,1
present,465,15467368,0x00000000,0,0,0,0x00000000,0x00000000,0,1
present,466,15500534,0x00000000,0,0,0,0x00000000,0x00000000,0,1
present,467,15534080,0x00000000,0,0,0,0x00000000,0x00000000,0,1
present,468,15567106,0x00000000,0,0,0,0x00000000,0x00000000,0,1
present,469,15600450,0x00000000,0,0,0,0x00000000,0x00000000,0,1
present,470,15633800,0x00000000,0,0,0,0x00000000,0x00000000,0,1
present,471,15667351,0x00000000,0,0,0,0x00000000,0x00000000,0,1
present,472,15700647,0x00000000,0,0,0,0x00000000,0x00000000,0,1
present,473,15733653,0x00000000,0,0,0,0x00000000,0x00000000,0,1
present,474,15767169,0x00000000,0,0,0,0x00000000,0x00000000,0,1
present,475,15800984,0x00000000,0,0,0,0x00000000,0x00000000,0,1
present,476,15835276,0x00000000,0,0,0,0x00000000,0x00000000,0,1
present,477,15866909,0x00000000,0,0,0,0x00000000,0x00000000,0,1
present,478,15900177,0x00000000,0,0,0,0x00000000,0x00000000,0,1
present,479,15933474,0x00000000,0,0,0,0x00000000,0x00000000,0,1
present,480,15966949,0x00000000,0,0,0,0x00000000,0x00000000,0,1
present,481,16000764,0x00000000,0,0,0,0x00000000,0x00000000,0,1
present,482,16034508,0x00000000,0,0,0,0x00000000,0x00000000,0,1
present,483,16067274,0x00000000,0,0,0,0x00000000,0x00000000,0,1
present,484,16100948,0x00000000,0,0,0,0x00000000,0x00000000,0,1
present,485,16144559,0x00000000,0,0,0,0x00000000,0x00000000,0,1
present,486,16166927,0x00000000,0,0,0,0x00000000,0x00000000,0,1
present,487,16200229,0x00000000,0,0,0,0x00000000,0x00000000,0,1
present,488,16233737,0x00000000,0,0,0,0x00000000,0x00000000,0,1
present,489,16267306,0x00000000,0,0,0,0x00000000,0x00000000,0,1
present,490,16300858,0x00000000,0,0,0,0x00000000,0x00000000,0,1
present,491,16334048,0x00000000,0,0,0,0x00000000,0x00000000,0,1
present,492,16367317,0x00000000,0,0,0,0x00000000,0x00000000,0,1
present,493,16400656,0x00000000,0,0,0,0x00000000,0x00000000,0,1
present,494,16433993,0x00000000,0,0,0,0x00000000,0x00000000,0,1
present,495,16467371,0x00000000,0,0,0,0x00000000,0x00000000,0,1
present,496,16500687,0x00000000,0,0,0,0x00000000,0x00000000,0,1
present,497,16533555,0x00000000,0,0,0,0x00000000,0x00000000,0,1
present,498,16566850,0x00000000,0,0,0,0x00000000,0x00000000,0,1
present,499,16600193,0x00000000,0,0,0,0x00000000,0x00000000,0,1
present,500,16633906,0x00000000,0,0,0,0x00000000,0x00000000,0,1
present,501,16667253,0x00000000,0,0,0,0x00000000,0x00000000,0,1
present,502,16700930,0x00000000,0,0,0,0x00000000,0x00000000,0,1
present,503,16733715,0x00000000,0,0,0,0x00000000,0x00000000,0,1
present,504,16767132,0x00000000,0,0,0,0x00000000,0x00000000,0,1
present,505,16800706,0x00000000,0,0,0,0x00000000,0x00000000,0,1
present,506,16833958,0x00000000,0,0,0,0x00000000,0x00000000,0,1
present,507,16867588,0x00000000,0,0,0,0x00000000,0x00000000,0,1
present,508,16900232,0x00000000,0,0,0,0x00000000,0x00000000,0,1
present,509,16933512,0x00000000,0,0,0,0x00000000,0x00000000,0,1
present,510,16967236,0x00000000,0,0,0,0x00000000,0x00000000,0,1
present,511,17000737,0x00000000,0,0,0,0x00000000,0x00000000,0,1
present,512,17035439,0x00000000,0,0,0,0x00000000,0x00000000,0,1
present,513,17067422,0x00000000,0,0,0,0x00000000,0x00000000,0,1
present,514,17100861,0x00000000,0,0,0,0x00000000,0x00000000,0,1
present,515,17154518,0x00000000,0,0,0,0x00000000,0x00000000,0,1
present,516,17167203,0x00000000,0,0,0,0x00000000,0x00000000,0,1
present,517,17200745,0x00000000,0,0,0,0x00000000,0x00000000,0,1
present,518,17233877,0x00000000,0,0,0,0x00000000,0x00000000,0,1
present,519,17267436,0x00000000,0,0,0,0x00000000,0x00000000,0,1
present,520,17300255,0x00000000,0,0,0,0x00000000,0x00000000,0,1
present,521,17333537,0x00000000,0,0,0,0x00000000,0x00000000,0,1
present,522,17366865,0x00000000,0,0,0,0x00000000,0x00000000,0,1
present,523,17400431,0x00000000,0,0,0,0x00000000,0x00000000,0,1
present,524,17433824,0x00000000,0,0,0,0x00000000,0x00000000,0,1
present,525,17467770,0x00000000,0,0,0,0x00000000,0x00000000,0,1
present,526,17501014,0x00000000,0,0,0,0x00000000,0x00000000,0,1
present,527,17533516,0x00000000,0,0,0,0x00000000,0x00000000,0,1
present,528,17567099,0x00000000,0,0,0,0x00000000,0x00000000,0,1
present,529,17600477,0x00000000,0,0,0,0x00000000,0x00000000,0,1
present,530,17633827,0x00000000,0,0,0,0x00000000,0x00000000,0,1
present,531,17667397,0x00000000,0,0,0,0x00000000,0x00000000,0,1
present,532,17700702,0x00000000,0,0,0,0x00000000,0x00000000,0,1
present,533,17734109,0x00000000,0,0,0,0x00000000,0x00000000,0,1
present,534,17767270,0x00000000,0,0,0,0x00000000,0x00000000,0,1
present,535,17800594,0x00000000,0,0,0,0x00000000,0x00000000,0,1
present,536,17833848,0x00000000,0,0,0,0x00000000,0x00000000,0,1
present,537,17866895,0x00000000,0,0,0,0x00000000,0x00000000,0,1
present,538,17900161,0x00000000,0,0,0,0x00000000,0x00000000,0,1
present,539,17933803,0x00000000,0,0,0,0x00000000,0x00000000,0,1
present,540,17967305,0x00000000,0,0,0,0x00000000,0x00000000,0,1
present,541,18002099,0x00000000,0,0,0,0x00000000,0x00000000,0,1
present,542,18033938,0x00000000,0,0,0,0x00000000,0x00000000,0,1
present,543,18067412,0x00000000,0,0,0,0x00000000,0x00000000,0,1
present,544,18100861,0x00000000,0,0,0,0x00000000,0x00000000,0,1
present,545,18149079,0x00000000,0,0,0,0x00000000,0x00000000,0,1
present,546,18166852,0x00000000,0,0,0,0x00000000,0x00000000,0,1
present,547,18200519,0x00000000,0,0,0,0x00000000,0x00000000,0,1
present,548,18233843,0x00000000,0,0,0,0x00000000,0x00000000,0,1
present,549,18267205,0x00000000,0,0,0,0x00000000,0x00000000,0,1
present,550,18301279,0x00000000,0,0,0,0x00000000,0x00000000,0,1
present,551,18334224,0x00000000,0,0,0,0x00000000,0x00000000,0,1
present,552,18367737,0x00000000,0,0,0,0x00000000,0x00000000,0,1
present,553,18400246,0x00000000,0,0,0,0x00000000,0x00000000,0,1
present,554,18433606,0x00000000,0,0,0,0x00000000,0x00000000,0,1
present,555,18467256,0x00000000,0,0,0,0x00000000,0x00000000,0,1
present,556,18500392,0x00000000,0,0,0,0x00000000,0x00000000,0,1
present,557,18533758,0x00000000,0,0,0,0x00000000,0x00000000,0,1
present,558,18567727,0x00000000,0,0,0,0x00000000,0x00000000,0,1
present,559,18600578,0x00000000,0,0,0,0x00000000,0x00000000,0,1
present,560,18633761,0x00000000,0,0,0,0x00000000,0x00000000,0,1
present,561,18667315,0x00000000,0,0,0,0x00000000,0x00000000,0,1
present,562,18700494,0x00000000,0,0,0,0x00000000,0x00000000,0,1
present,563,18733912,0x00000000,0,0,0,0x00000000,0x00000000,0,1
present,564,18767334,0x00000000,0,0,0,0x00000000,0x00000000,0,1
present,565,18800680,0x00000000,0,0,0,0x00000000,0x00000000,0,1
present,566,18834684,0x00000000,0,0,0,0x00000000,0x00000000,0,1
present,567,18867197,0x00000000,0,0,0,0x00000000,0x00000000,0,1
present,568,18900458,0x00000000,0,0,0,0x00000000,0x00000000,0,1
present,569,18934307,0x00000000,0,0,0,0x00000000,0x00000000,0,1
present,570,18967333,0x00000000,0,0,0,0x00000000,0x00000000,0,1
present,571,19000651,0x00000000,0,0,0,0x00000000,0x00000000,0,1
present,572,19033863,0x00000000,0,0,0,0x00000000,0x00000000,0,1
present,573,19067410,0x00000000,0,0,0,0x00000000,0x00000000,0,1
present,574,19100469,0x00000000,0,0,0,0x00000000,0x00000000,0,1
present,575,19144681,0x00000000,0,0,0,0x00000000,0x00000000,0,1
present,576,19166874,0x00000000,0,0,0,0x00000000,0x00000000,0,1
present,577,19200203,0x00000000,0,0,0,0x00000000,0x00000000,0,1
present,578,19234608,0x00000000,0,0,0,0x00000000,0x00000000,0,1
present,579,19267131,0x00000000,0,0,0,0x00000000,0x00000000,0,1
present,580,19300444,0x00000000,0,0,0,0x00000000,0x00000000,0,1
present,581,19333806,0x00000000,0,0,0,0x00000000,0x00000000,0,1
present,582,19367535,0x00000000,0,0,0,0x00000000,0x00000000,0,1
present,583,19400685,0x00000000,0,0,0,0x00000000,0x00000000,0,1
present,584,19433922,0x00000000,0,0,0,0x00000000,0x00000000,0,1
present,585,19467342,0x00000000,0,0,0,0x00000000,0x00000000,0,1
present,586,19500652,0x00000000,0,0,0,0x00000000,0x00000000,0,1
present,587,19533973,0x00000000,0,0,0,0x00000000,0x00000000,0,1
present,588,19567737,0x00000000,0,0,0,0x00000000,0x00000000,0,1
present,589,19600475,0x00000000,0,0,0,0x00000000,0x00000000,0,1
present,590,19633760,0x00000000,0,0,0,0x00000000,0x00000000,0,1
present,591,19667310,0x00000000,0,0,0,0x00000000,0x00000000,0,1
present,592,19700611,0x00000000,0,0,0,0x00000000,0x00000000,0,1
present,593,19733617,0x00000000,0,0,0,0x00000000,0x00000000,0,1
present,594,19767234,0x00000000,0,0,0,0x00000000,0x00000000,0,1
present,595,19801021,0x00000000,0,0,0,0x00000000,0x00000000,0,1
present,596,19834031,0x00000000,0,0,0,0x00000000,0x00000000,0,1
present,597,19867269,0x00000000,0,0,0,0x00000000,0x00000000,0,1
present,598,19900449,0x00000000,0,0,0,0x00000000,0x00000000,0,1
present,599,19934366,0x00000000,0,0,0,0x00000000,0x00000000,0,1
present,600,19967521,0x00000000,0,0,0,0x00000000,0x00000000,0,1
present,601,20000702,0x00000000,0,0,0,0x00000000,0x00000000,0,1
present,602,20034020,0x00000000,0,0,0,0x00000000,0x00000000,0,1
present,603,20067225,0x00000000,0,0,0,0x00000000,0x00000000,0,1
present,604,20100842,0x00000000,0,0,0,0x00000000,0x00000000,0,1
present,605,20146432,0x00000000,0,0,0,0x00000000,0x00000000,0,1
present,606,20167058,0x00000000,0,0,0,0x00000000,0x00000000,0,1
present,607,20200969,0x00000000,0,0,0,0x00000000,0x00000000,0,1
present,608,20233829,0x00000000,0,0,0,0x00000000,0x00000000,0,1
present,609,20267393,0x00000000,0,0,0,0x00000000,0x00000000,0,1
present,610,20300718,0x00000000,0,0,0,0x00000000,0x00000000,0,1
present,611,20333968,0x00000000,0,0,0,0x00000000,0x00000000,0,1
present,612,20367220,0x00000000,0,0,0,0x00000000,0x00000000,0,1
present,613,20400592,0x00000000,0,0,0,0x00000000,0x00000000,0,1
present,614,20434862,0x00000000,0,0,0,0x00000000,0x00000000,0,1
present,615,20467258,0x00000000,0,0,0,0x00000000,0x00000000,0,1
present,616,20500642,0x00000000,0,0,0,0x00000000,0x00000000,0,1
present,617,20533848,0x00000000,0,0,0,0x00000000,0x00000000,0,1
present,618,20567280,0x00000000,0,0,0,0x00000000,0x00000000,0,1
present,619,20600525,0x00000000,0,0,0,0x00000000,0x00000000,0,1
present,620,20634170,0x00000000,0,0,0,0x00000000,0x00000000,0,1
present,621,20667127,0x00000000,0,0,0,0x00000000,0x00000000,0,1
present,622,20700501,0x00000000,0,0,0,0x00000000,0x00000000,0,1
present,623,20733812,0x00000000,0,0,0,0x00000000,0x00000000,0,1
present,624,20767318,0x00000000,0,0,0,0x00000000,0x00000000,0,1
present,625,20800557,0x00000000,0,0,0,0x00000000,0x00000000,0,1
present,626,20834090,0x00000000,0,0,0,0x00000000,0x00000000,0,1
present,627,20867183,0x00000000,0,0,0,0x00000000,0x00000000,0,1
present,628,20900618,0x00000000,0,0,0,0x00000000,0x00000000,0,1
present,629,20934030,0x00000000,0,0,0,0x00000000,0x00000000,0,1
present,630,20967448,0x00000000,0,0,0,0x00000000,0x00000000,0,1
present,631,21000800,0x00000000,0,0,0,0x00000000,0x00000000,0,1
present,632,21033895,0x00000000,0,0,0,0x00000000,0x00000000,0,1
present,633,21069380,0x00000000,0,0,0,0x00000000,0x00000000,0,1
present,634,21100569,0x00000000,0,0,0,0x00000000,0x00000000,0,1
present,635,21144461,0x00000000,0,0,0,0x00000000,0x00000000,0,1
present,636,21167013,0x00000000,0,0,0,0x00000000,0x00000000,0,1
present,637,21200256,0x00000000,0,0,0,0x00000000,0x00000000,0,1
present,638,21233920,0x00000000,0,0,0,0x00000000,0x00000000,0,1
present,639,21267199,0x00000000,0,0,0,0x00000000,0x00000000,0,1
present,640,21300651,0x00000000,0,0,0,0x00000000,0x00000000,0,1
present,641,21333888,0x00000000,0,0,0,0x00000000,0x00000000,0,1
present,642,21367343,0x00000000,0,0,0,0x00000000,0x00000000,0,1
present,643,21401320,0x00000000,0,0,0,0x00000000,0x00000000,0,1
present,644,21434488,0x00000000,0,0,0,0x00000000,0x00000000,0,1
present,645,21467641,0x00000000,0,0,0,0x00000000,0x00000000,0,1
present,646,21500569,0x00000000,0,0,0,0x00000000,0x00000000,0,1
present,647,21533887,0x00000000,0,0,0,0x00000000,0x00000000,0,1
present,648,21567195,0x00000000,0,0,0,0x00000000,0x00000000,0,1
present,649,21600590,0x00000000,0,0,0,0x00000000,0x00000000,0,1
present,650,21633877,0x00000000,0,0,0,0x00000000,0x00000000,0,1
present,651,21667376,0x00000000,0,0,0,0x00000000,0x00000000,0,1
present,652,21701338,0x00000000,0,0,0,0x00000000,0x00000000,0,1
present,653,21734228,0x00000000,0,0,0,0x00000000,0x00000000,0,1
present,654,21767488,0x00000000,0,0,0,0x00000000,0x00000000,0,1
present,655,21800746,0x00000000,0,0,0,0x00000000,0x00000000,0,1
present,656,21834064,0x00000000,0,0,0,0x00000000,0x00000000,0,1
present,657,21867437,0x00000000,0,0,0,0x00000000,0x00000000,0,1
present,658,21900887,0x00000000,0,0,0,0x00000000,0x00000000,0,1
present,659,21934097,0x00000000,0,0,0,0x00000000,0x00000000,0,1
present,660,21967300,0x00000000,0,0,0,0x00000000,0x00000000,0,1
present,661,22000662,0x00000000,0,0,0,0x00000000,0x00000000,0,1
present,662,22033893,0x00000000,0,0,0,0x00000000,0x00000000,0,1
present,663,22067100,0x00000000,0,0,0,0x00000000,0x00000000,0,1
present,664,22100667,0x00000000,0,0,0,0x00000000,0x00000000,0,1
present,665,22143516,0x00000000,0,0,0,0x00000000,0x00000000,0,1
present,666,22166809,0x00000000,0,0,0,0x00000000,0x00000000,0,1
present,667,22200564,0x00000000,0,0,0,0x00000000,0x00000000,0,1
present,668,22233965,0x00000000,0,0,0,0x00000000,0x00000000,0,1
present,669,22267424,0x00000000,0,0,0,0x00000000,0x00000000,0,1
present,670,22301490,0x00000000,0,0,0,0x00000000,0x00000000,0,1
present,671,22333808,0x00000000,0,0,0,0x00000000,0x00000000,0,1
present,672,22367191,0x00000000,0,0,0,0x00000000,0x00000000,0,1
present,673,22400437,0x00000000,0,0,0,0x00000000,0x00000000,0,1
present,674,22433837,0x00000000,0,0,0,0x00000000,0x00000000,0,1
present,675,22467397,0x00000000,0,0,0,0x00000000,0x00000000,0,1
present,676,22500612,0x00000000,0,0,0,0x00000000,0x00000000,0,1
present,677,22533956,0x00000000,0,0,0,0x00000000,0x00000000,0,1
present,678,22567176,0x00000000,0,0,0,0x00000000,0x00000000,0,1
present,679,22600550,0x00000000,0,0,0,0x00000000,0x00000000,0,1
present,680,22634175,0x00000000,0,0,0,0x00000000,0x00000000,0,1
present,681,22667991,0x00000000,0,0,0,0x00000000,0x00000000,0,1
present,682,22700775,0x00000000,0,0,0,0x00000000,0x00000000,0,1
present,683,22733844,0x00000000,0,0,0,0x00000000,0x00000000,0,1
present,684,22767120,0x00000000,0,0,0,0x00000000,0x00000000,0,1
present,685,22800659,0x00000000,0,0,0,0x00000000,0x00000000,0,1
present,686,22833879,0x00000000,0,0,0,0x00000000,0x00000000,0,1
present,687,22867313,0x00000000,0,0,0,0x00000000,0x00000000,0,1
present,688,22900574,0x00000000,0,0,0,0x00000000,0x00000000,0,1
present,689,22934078,0x00000000,0,0,0,0x00000000,0x00000000,0,1
present,690,22967159,0x00000000,0,0,0,0x00000000,0x00000000,0,1
present,691,23000435,0x00000000,0,0,0,0x00000000,0x00000000,0,1
present,692,23033927,0x00000000,0,0,0,0x00000000,0x00000000,0,1
present,693,23067264,0x00000000,0,0,0,0x00000000,0x00000000,0,1
present,694,23100673,0x00000000,0,0,0,0x00000000,0x00000000,0,1
present,695,23142862,0x00000000,0,0,0,0x00000000,0x00000000,0,1
present,696,23166897,0x00000000,0,0,0,0x00000000,0x00000000,0,1
present,697,23200693,0x00000000,0,0,0,0x00000000,0x00000000,0,1
present,698,23233923,0x00000000,0,0,0,0x00000000,0x00000000,0,1
present,699,23267179,0x00000000,0,0,0,0x00000000,0x00000000,0,1
present,700,23300453,0x00000000,0,0,0,0x00000000,0x00000000,0,1
present,701,23334067,0x00000000,0,0,0,0x00000000,0x00000000,0,1
present,702,23367343,0x00000000,0,0,0,0x00000000,0x00000000,0,1
present,703,23400596,0x00000000,0,0,0,0x00000000,0x00000000,0,1
present,704,23434150,0x00000000,0,0,0,0x00000000,0x00000000,0,1
present,705,23467457,0x00000000,0,0,0,0x00000000,0x00000000,0,1
present,706,23501049,0x00000000,0,0,0,0x00000000,0x00000000,0,1
present,707,23533973,0x00000000,0,0,0,0x00000000,0x00000000,0,1
present,708,23567483,0x00000000,0,0,0,0x00000000,0x00000000,0,1
present,709,23601364,0x00000000,0,0,0,0x00000000,0x00000000,0,1
present,710,23633554,0x00000000,0,0,0,0x00000000,0x00000000,0,1
present,711,23667210,0x00000000,0,0,0,0x00000000,0x00000000,0,1
present,712,23700638,0x00000000,0,0,0,0x00000000,0x00000000,0,1
present,713,23733730,0x00000000,0,0,0,0x00000000,0x00000000,0,1
present,714,23767486,0x00000000,0,0,0,0x00000000,0x00000000,0,1
present,715,23800575,0x00000000,0,0,0,0x00000000,0x00000000,0,1
present,716,23834506,0x00000000,0,0,0,0x00000000,0x00000000,0,1
present,717,23867576,0x00000000,0,0,0,0x00000000,0x00000000,0,1
present,718,23900631,0x00000000,0,0,0,0x00000000,0x00000000,0,1
present,719,23934089,0x00000000,0,0,0,0x00000000,0x00000000,0,1
present,720,23967428,0x00000000,0,0,0,0x00000000,0x00000000,0,1
present,721,24000782,0x00000000,0,0,0,0x00000000,0x00000000,0,1
present,722,24033947,0x00000000,0,0,0,0x00000000,0x00000000,0,1
present,723,24067291,0x00000000,0,0,0,0x00000000,0x00000000,0,1
present,724,24100575,0x00000000,0,0,0,0x00000000,0x00000000,0,1
present,725,24144479,0x00000000,0,0,0,0x00000000,0x00000000,0,1
present,726,24166862,0x00000000,0,0,0,0x00000000,0x00000000,0,1
present,727,24200568,0x00000000,0,0,0,0x00000000,0x00000000,0,1
present,728,24234051,0x00000000,0,0,0,0x00000000,0x00000000,0,1
present,729,24267302,0x00000000,0,0,0,0x00000000,0x00000000,0,1
present,730,24300575,0x00000000,0,0,0,0x00000000,0x00000000,0,1
present,731,24333785,0x00000000,0,0,0,0x00000000,0x00000000,0,1
present,732,24367272,0x00000000,0,0,0,0x00000000,0x00000000,0,1
present,733,24401078,0x00000000,0,0,0,0x00000000,0x00000000,0,1
present,734,24434110,0x00000000,0,0,0,0x00000000,0x00000000,0,1
present,735,24467250,0x00000000,0,0,0,0x00000000,0x00000000,0,1
present,736,24500194,0x00000000,0,0,0,0x00000000,0x00000000,0,1
present,737,24533505,0x00000000,0,0,0,0x00000000,0x00000000,0,1
present,738,24566810,0x00000000,0,0,0,0x00000000,0x00000000,0,1
present,739,24600365,0x00000000,0,0,0,0x00000000,0x00000000,0,1
present,740,24633888,0x00000000,0,0,0,0x00000000,0x00000000,0,1
present,741,24667772,0x00000000,0,0,0,0x00000000,0x00000000,0,1
present,742,24701172,0x00000000,0,0,0,0x00000000,0x00000000,0,1
present,743,24733782,0x00000000,0,0,0,0x00000000,0x00000000,0,1
present,744,24767162,0x00000000,0,0,0,0x00000000,0x00000000,0,1
present,745,24800528,0x00000000,0,0,0,0x00000000,0x00000000,0,1
present,746,24833911,0x00000000,0,0,0,0x00000000,0x00000000,0,1
present,747,24867254,0x00000000,0,0,0,0x00000000,0x00000000,0,1
present,748,24900671,0x00000000,0,0,0,0x00000000,0x00000000,0,1
present,749,24934065,0x00000000,0,0,0,0x00000000,0x00000000,0,1
present,750,24967214,0x00000000,0,0,0,0x00000000,0x00000000,0,1
present,751,25000525,0x00000000,0,0,0,0x00000000,0x00000000,0,1
present,752,25034015,0x00000000,0,0,0,0x00000000,0x00000000,0,1
present,753,25067605,0x00000000,0,0,0,0x00000000,0x00000000,0,1
present,754,25141731,0x00000000,0,0,0,0x00000000,0x00000000,0,1
present,755,25141909,0x00000000,0,0,0,0x00000000,0x00000000,0,1
present,756,25166777,0x00000000,0,0,0,0x00000000,0x00000000,0,1
present,757,25200100,0x00000000,0,0,0,0x00000000,0x00000000,0,1
present,758,25233451,0x00000000,0,0,0,0x00000000,0x00000000,0,1
present,759,25266833,0x00000000,0,0,0,0x00000000,0x00000000,0,1
present,760,25300526,0x00000000,0,0,0,0x00000000,0x00000000,0,1
present,761,25334401,0x00000000,0,0,0,0x00000000,0x00000000,0,1
present,762,25367383,0x00000000,0,0,0,0x00000000,0x00000000,0,1
present,763,25400631,0x00000000,0,0,0,0x00000000,0x00000000,0,1
present,764,25433979,0x00000000,0,0,0,0x00000000,0x00000000,0,1
present,765,25467297,0x00000000,0,0,0,0x00000000,0x00000000,0,1
present,766,25500620,0x00000000,0,0,0,0x00000000,0x00000000,0,1
present,767,25534887,0x00000000,0,0,0,0x00000000,0x00000000,0,1
present,768,25567835,0x00000000,0,0,0,0x00000000,0x00000000,0,1
present,769,25600818,0x00000000,0,0,0,0x00000000,0x00000000,0,1
present,770,25633993,0x00000000,0,0,0,0x00000000,0x00000000,0,1
present,771,25667435,0x00000000,0,0,0,0x00000000,0x00000000,0,1
present,772,25700840,0x00000000,0,0,0,0x00000000,0x00000000,0,1
present,773,25733929,0x00000000,0,0,0,0x00000000,0x00000000,0,1
present,774,25767402,0x00000000,0,0,0,0x00000000,0x00000000,0,1
present,775,25800706,0x00000000,0,0,0,0x00000000,0x00000000,0,1
present,776,25833880,0x00000000,0,0,0,0x00000000,0x00000000,0,1
present,777,25867305,0x00000000,0,0,0,0x00000000,0x00000000,0,1
present,778,25900458,0x00000000,0,0,0,0x00000000,0x00000000,0,1
present,779,25934398,0x00000000,0,0,0,0x00000000,0x00000000,0,1
present,780,25968639,0x00000000,0,0,0,0x00000000,0x00000000,0,1
present,781,26000550,0x00000000,0,0,0,0x00000000,0x00000000,0,1
present,782,26033758,0x00000000,0,0,0,0x00000000,0x00000000,0,1
present,783,26067135,0x00000000,0,0,0,0x00000000,0x00000000,0,1
present,784,26100521,0x00000000,0,0,0,0x00000000,0x00000000,0,1
present,785,26143531,0x00000000,0,0,0,0x00000000,0x00000000,0,1
present,786,26167376,0x00000000,0,0,0,0x00000000,0x00000000,0,1
present,787,26200446,0x00000000,0,0,0,0x00000000,0x00000000,0,1
present,788,26233902,0x00000000,0,0,0,0x00000000,0x00000000,0,1
present,789,26267117,0x00000000,0,0,0,0x00000000,0x00000000,0,1
present,790,26300676,0x00000000,0,0,0,0x00000000,0x00000000,0,1
present,791,26334127,0x00000000,0,0,0,0x00000000,0x00000000,0,1
present,792,26367213,0x00000000,0,0,0,0x00000000,0x00000000,0,1
present,793,26400609,0x00000000,0,0,0,0x00000000,0x00000000,0,1
present,794,26433837,0x00000000,0,0,0,0x00000000,0x00000000,0,1
present,795,26467890,0x00000000,0,0,0,0x00000000,0x00000000,0,1
present,796,26500408,0x00000000,0,0,0,0x00000000,0x00000000,0,1
present,797,26533826,0x00000000,0,0,0,0x00000000,0x00000000,0,1
present,798,26567142,0x00000000,0,0,0,0x00000000,0x00000000,0,1
present,799,26600471,0x00000000,0,0,0,0x00000000,0x00000000,0,1
present,800,26634031,0x00000000,0,0,0,0x00000000,0x00000000,0,1
present,801,26667459,0x00000000,0,0,0,0x00000000,0x00000000,0,1
present,802,26700590,0x00000000,0,0,0,0x00000000,0x00000000,0,1
present,803,26733864,0x00000000,0,0,0,0x00000000,0x00000000,0,1
present,804,26767245,0x00000000,0,0,0,0x00000000,0x00000000,0,1
present,805,26800687,0x00000000,0,0,0,0x00000000,0x00000000,0,1
present,806,26833953,0x00000000,0,0,0,0x00000000,0x00000000,0,1
present,807,26867324,0x00000000,0,0,0,0x00000000,0x00000000,0,1
present,808,26900438,0x00000000,0,0,0,0x00000000,0x00000000,0,1
present,809,26933525,0x00000000,0,0,0,0x00000000,0x00000000,0,1
present,810,26966839,0x00000000,0,0,0,0x00000000,0x00000000,0,1
present,811,27000450,0x00000000,0,0,0,0x00000000,0x00000000,0,1
present,812,27033902,0x00000000,0,0,0,0x00000000,0x00000000,0,1
present,813,27067396,0x00000000,0,0,0,0x00000000,0x00000000,0,1
present,814,27100787,0x00000000,0,0,0,0x00000000,0x00000000,0,1
present,815,27151791,0x00000000,0,0,0,0x00000000,0x00000000,0,1
present,816,27166910,0x00000000,0,0,0,0x00000000,0x00000000,0,1
present,817,27200203,0x00000000,0,0,0,0x00000000,0x00000000,0,1
present,818,27233916,0x00000000,0,0,0,0x00000000,0x00000000,0,1
present,819,27267112,0x00000000,0,0,0,0x00000000,0x00000000,0,1
present,820,27301180,0x00000000,0,0,0,0x00000000,0x00000000,0,1
present,821,27334705,0x00000000,0,0,0,0x00000000,0x00000000,0,1
present,822,27366934,0x00000000,0,0,0,0x00000000,0x00000000,0,1
present,823,27400584,0x00000000,0,0,0,0x00000000,0x00000000,0,1
present,824,27433839,0x00000000,0,0,0,0x00000000,0x00000000,0,1
present,825,27467303,0x00000000,0,0,0,0x00000000,0x00000000,0,1
present,826,27500616,0x00000000,0,0,0,0x00000000,0x00000000,0,1
present,827,27534161,0x00000000,0,0,0,0x00000000,0x00000000,0,1
present,828,27567152,0x00000000,0,0,0,0x00000000,0x00000000,0,1
present,829,27600514,0x00000000,0,0,0,0x00000000,0x00000000,0,1
present,830,27633879,0x00000000,0,0,0,0x00000000,0x00000000,0,1
present,831,27667336,0x00000000,0,0,0,0x00000000,0x00000000,0,1
present,832,27700729,0x00000000,0,0,0,0x00000000,0x00000000,0,1
present,833,27733643,0x00000000,0,0,0,0x00000000,0x00000000,0,1
present,834,27767306,0x00000000,0,0,0,0x00000000,0x00000000,0,1
present,835,27800502,0x00000000,0,0,0,0x00000000,0x00000000,0,1
present,836,27833956,0x00000000,0,0,0,0x00000000,0x00000000,0,1
present,837,27868031,0x00000000,0,0,0,0x00000000,0x00000000,0,1
present,838,27900700,0x00000000,0,0,0,0x00000000,0x00000000,0,1
present,839,27934149,0x00000000,0,0,0,0x00000000,0x00000000,0,1
present,840,27966958,0x00000000,0,0,0,0x00000000,0x00000000,0,1
present,841,28000204,0x00000000,0,0,0,0x00000000,0x00000000,0,1
present,842,28033517,0x00000000,0,0,0,0x00000000,0x00000000,0,1
present,843,28066823,0x00000000,0,0,0,0x00000000,0x00000000,0,1
present,844,28100360,0x00000000,0,0,0,0x00000000,0x00000000,0,1
present,845,28138354,0x00000000,0,0,0,0x00000000,0x00000000,0,1
present,846,28166855,0x00000000,0,0,0,0x00000000,0x00000000,0,1
present,847,28200992,0x00000000,0,0,0,0x00000000,0x00000000,0,1
present,848,28234288,0x00000000,0,0,0,0x00000000,0x00000000,0,1
present,849,28267319,0x00000000,0,0,0,0x00000000,0x00000000,0,1
present,850,28300683,0x00000000,0,0,0,0x00000000,0x00000000,0,1
present,851,28334026,0x00000000,0,0,0,0x00000000,0x00000000,0,1
present,852,28367108,0x00000000,0,0,0,0x00000000,0x00000000,0,1
present,853,28400492,0x00000000,0,0,0,0x00000000,0x00000000,0,1
present,854,28433800,0x00000000,0,0,0,0x00000000,0x00000000,0,1
present,855,28467396,0x00000000,0,0,0,0x00000000,0x00000000,0,1
present,856,28500582,0x00000000,0,0,0,0x00000000,0x00000000,0,1
present,857,28533964,0x00000000,0,0,0,0x00000000,0x00000000,0,1
present,858,28567427,0x00000000,0,0,0,0x00000000,0x00000000,0,1
present,859,28600463,0x00000000,0,0,0,0x00000000,0x00000000,0,1
present,860,28633950,0x00000000,0,0,0,0x00000000,0x00000000,0,1
present,861,28667436,0x00000000,0,0,0,0x00000000,0x00000000,0,1
present,862,28700462,0x00000000,0,0,0,0x00000000,0x00000000,0,1
present,863,28733728,0x00000000,0,0,0,0x00000000,0x00000000,0,1
present,864,28766869,0x00000000,0,0,0,0x00000000,0x00000000,0,1
present,865,28800159,0x00000000,0,0,0,0x00000000,0x00000000,0,1
present,866,28833746,0x00000000,0,0,0,0x00000000,0x00000000,0,1
present,867,28867292,0x00000000,0,0,0,0x00000000,0x00000000,0,1
present,868,28900677,0x00000000,0,0,0,0x00000000,0x00000000,0,1
present,869,28934516,0x00000000,0,0,0,0x00000000,0x00000000,0,1
present,870,28967175,0x00000000,0,0,0,0x00000000,0x00000000,0,1
present,871,29000727,0x00000000,0,0,0,0x00000000,0x00000000,0,1
present,872,29033818,0x00000000,0,0,0,0x00000000,0x00000000,0,1
present,873,29067818,0x00000000,0,0,0,0x00000000,0x00000000,0,1
present,874,29100609,0x00000000,0,0,0,0x00000000,0x00000000,0,1
present,875,29141157,0x00000000,0,0,0,0x00000000,0x00000000,0,1
present,876,29166857,0x00000000,0,0,0,0x00000000,0x00000000,0,1
present,877,29200539,0x00000000,0,0,0,0x00000000,0x00000000,0,1
present,878,29233869,0x00000000,0,0,0,0x00000000,0x00000000,0,1
present,879,29267168,0x00000000,0,0,0,0x00000000,0x00000000,0,1
present,880,29300561,0x00000000,0,0,0,0x00000000,0x00000000,0,1
present,881,29333829,0x00000000,0,0,0,0x00000000,0x00000000,0,1
present,882,29367332,0x00000000,0,0,0,0x00000000,0x00000000,0,1
present,883,29403029,0x00000000,0,0,0,0x00000000,0x00000000,0,1
present,884,29434139,0x00000000,0,0,0,0x00000000,0x00000000,0,1
present,885,29467222,0x00000000,0,0,0,0x00000000,0x00000000,0,1
present,886,29501035,0x00000000,0,0,0,0x00000000,0x00000000,0,1
present,887,29533910,0x00000000,0,0,0,0x00000000,0x00000000,0,1
present,888,29566930,0x00000000,0,0,0,0x00000000,0x00000000,0,1
present,889,29600302,0x00000000,0,0,0,0x00000000,0x00000000,0,1
present,890,29633981,0x00000000,0,0,0,0x00000000,0x00000000,0,1
present,891,29667220,0x00000000,0,0,0,0x00000000,0x00000000,0,1
present,892,29701017,0x00000000,0,0,0,0x00000000,0x00000000,0,1
present,893,29733979,0x00000000,0,0,0,0x00000000,0x00000000,0,1
present,894,29767935,0x00000000,0,0,0,0x00000000,0x00000000,0,1
present,895,29800473,0x00000000,0,0,0,0x00000000,0x00000000,0,1
present,896,29833854,0x00000000,0,0,0,0x00000000,0x00000000,0,1
present,897,29867163,0x00000000,0,0,0,0x00000000,0x00000000,0,1
present,898,29900624,0x00000000,0,0,0,0x00000000,0x00000000,0,1
present,899,29934169,0x00000000,0,0,0,0x00000000,0x00000000,0,1
present,900,29967630,0x00000000,0,0,0,0x00000000,0x00000000,0,1
present,901,30000880,0x00000000,0,0,0,0x00000000,0x00000000,0,1
exit,901,30033335,0x00000000,0,0
