event,presenter_id,epoch,presentation_seq,tick_id,kind,source_id,pair_a_id,pair_b_id,source_ns,copy_ready_ns,generated_ready_ns,generated_requested_ns,callback_ns,deadline_ns,target_ns,actual_presented_ns,present_submit_ns,gpu_complete_ns,callback_duration_ns,queue_depth,raw_callback_ca_bits,raw_deadline_ca_bits,raw_target_ca_bits,detail
epoch_reset,1,2,0,0,0,0,0,0,0,0,0,0,0,0,0,0,0,0,0,0,0,0,0,"2"
source_accepted,1,2,0,0,0,1,0,0,242467420757375,242467435483416,0,0,0,0,242467501921027,0,0,0,0,0,0,0,0,"owned history copy completed successfully"
history_copy_complete,1,2,0,0,0,1,0,0,242467420757375,242467435483416,0,0,0,0,242467501921027,0,0,0,0,0,0,0,0,"Metal command buffer completed"
source_accepted,1,2,0,0,0,2,0,0,242467444568750,242467447064541,0,0,0,0,242467526179754,0,0,0,0,0,0,0,0,"owned history copy completed successfully"
history_copy_complete,1,2,0,0,0,2,0,0,242467444568750,242467447064541,0,0,0,0,242467526179754,0,0,0,0,0,0,0,0,"Metal command buffer completed"
generated_dropped,1,2,0,0,2,2,1,2,242467444568750,242467447064541,0,0,0,0,242467514050390,0,0,0,0,0,0,0,0,"injected Framegen submission failure"
framegen_failure,1,2,0,0,0,0,0,0,0,0,0,0,0,0,0,0,0,0,0,0,0,0,0,"Framegen submission failure"
selected_source,1,2,0,4,1,1,0,0,242467420757375,242467435483416,0,0,242467458537750,242467475143915,242467508475915,0,0,0,9875,0,0,0,0,"startup source after explicit lookahead"
presentation_submitted,1,2,1,4,1,1,0,0,242467420757375,0,0,0,242467458537750,242467475143915,242467508475915,0,242467459096333,0,9875,0,4687571131276087796,4687571131846029956,4687571132991308755,"external CAMetalDisplayLink drawable via DXMT Presenter"
presentation_gpu_completed,1,2,1,4,1,1,0,0,242467420757375,0,0,0,242467458537750,242467475143915,242467508475915,0,242467459096333,242467459729541,9875,0,4687571131276087796,4687571131846029956,4687571132991308755,"Metal command buffer completed"
presentation_dropped,1,2,1,4,1,1,0,0,242467420757375,0,0,0,242467458537750,242467475143915,242467508475915,0,242467459096333,0,9875,0,4687571131276087796,4687571131846029956,4687571132991308755,"Metal drawable presentedTime=0; associated frame was dropped or not presented"
selected_source,1,2,0,5,1,1,0,0,242467420757375,242467435483416,0,0,242467475696791,242467491809916,242467525141915,0,0,0,7000,0,0,0,0,"startup source after explicit lookahead"
presentation_submitted,1,2,2,5,1,1,0,0,242467420757375,0,0,0,242467475696791,242467491809916,242467525141915,0,242467475950125,0,7000,0,4687571131865666547,4687571132418669356,4687571133563948155,"external CAMetalDisplayLink drawable via DXMT Presenter"
presentation_gpu_completed,1,2,2,5,1,1,0,0,242467420757375,0,0,0,242467475696791,242467491809916,242467525141915,0,242467475950125,242467476588375,7000,0,4687571131865666547,4687571132418669356,4687571133563948155,"Metal command buffer completed"
source_accepted,1,2,0,0,0,3,0,0,242467477947000,242467479542416,0,0,0,0,242467559885551,0,0,0,0,0,0,0,0,"owned history copy completed successfully"
history_copy_complete,1,2,0,0,0,3,0,0,242467477947000,242467479542416,0,0,0,0,242467559885551,0,0,0,0,0,0,0,0,"Metal command buffer completed"
generated_dropped,1,2,0,0,2,3,2,3,242467477947000,242467479542416,0,0,0,0,242467543032652,0,0,0,0,0,0,0,0,"injected Framegen submission failure"
framegen_failure,1,2,0,0,0,0,0,0,0,0,0,0,0,0,0,0,0,0,0,0,0,0,0,"Framegen submission failure"
presentation_dropped,1,2,2,5,1,1,0,0,242467420757375,0,0,0,242467475696791,242467491809916,242467525141915,0,242467475950125,0,7000,0,4687571131865666547,4687571132418669356,4687571133563948155,"Metal drawable presentedTime=0; associated frame was dropped or not presented"
selected_source,1,2,0,6,1,1,0,0,242467420757375,242467435483416,0,0,242467492250708,242467508475915,242467541807916,0,0,0,7000,0,0,0,0,"startup source after explicit lookahead"
presentation_submitted,1,2,3,6,1,1,0,0,242467420757375,0,0,0,242467492250708,242467508475915,242467541807916,0,242467492405333,0,7000,0,4687571132434453361,4687571132991308755,4687571134136587555,"external CAMetalDisplayLink drawable via DXMT Presenter"
presentation_gpu_completed,1,2,3,6,1,1,0,0,242467420757375,0,0,0,242467492250708,242467508475915,242467541807916,0,242467492405333,242467492983166,7000,0,4687571132434453361,4687571132991308755,4687571134136587555,"Metal command buffer completed"
selected_source,1,2,0,7,1,2,0,0,242467444568750,242467447064541,0,0,242467508833458,242467525141915,242467558473915,0,0,0,5375,0,0,0,0,"next real endpoint in source order"
presentation_submitted,1,2,4,7,1,2,0,0,242467444568750,0,0,0,242467508833458,242467525141915,242467558473915,0,242467508994250,0,5375,0,4687571133004218018,4687571133563948155,4687571134709226954,"external CAMetalDisplayLink drawable via DXMT Presenter"
presentation_gpu_completed,1,2,4,7,1,2,0,0,242467444568750,0,0,0,242467508833458,242467525141915,242467558473915,0,242467508994250,242467509500833,5375,0,4687571133004218018,4687571133563948155,4687571134709226954,"Metal command buffer completed"
source_accepted,1,2,0,0,0,4,0,0,242467511517541,242467512558250,0,0,0,0,242467593689620,0,0,0,0,0,0,0,0,"owned history copy completed successfully"
history_copy_complete,1,2,0,0,0,4,0,0,242467511517541,242467512558250,0,0,0,0,242467593689620,0,0,0,0,0,0,0,0,"Metal command buffer completed"
generated_dropped,1,2,0,0,2,4,3,4,242467511517541,242467512558250,0,0,0,0,242467576787585,0,0,0,0,0,0,0,0,"injected Framegen submission failure"
circuit_open,1,2,0,0,0,0,0,0,0,0,0,0,0,0,0,0,0,0,0,0,0,0,0,"Framegen submission failure"
source_displayed,1,2,3,6,1,1,0,0,242467420757375,0,0,0,242467492250708,242467508475915,242467541807916,242467525145333,242467492405333,0,7000,0,4687571132434453361,4687571132991308755,4687571134136587555,"normalized presentedTime from Core Animation clock"
source_displayed,1,2,4,7,1,2,0,0,242467444568750,0,0,0,242467508833458,242467525141915,242467558473915,242467575144791,242467508994250,0,5375,0,4687571133004218018,4687571133563948155,4687571134709226954,"normalized presentedTime from Core Animation clock"
epoch_reset,1,3,0,0,0,0,0,0,0,0,0,0,0,0,0,0,0,0,0,0,0,0,0,"3"
