event,seq,count_hr,count,stats_hr,stats_present,stats_refresh,sync_refresh,sync_qpc,wait,index,buffer0_identity,buffer0_hr,device_removed
setup,0,00000000,00000000000000ac,00000000,00000000,1
observe,1,00000000,1,887a000b,0,39854491,39854491,0,0,0,000000000087abb0,00000000,00000000
observe,2,00000000,2,00000000,0,39854491,39854494,0,258,0,000000000087abb0,00000000,00000000
observe,3,00000000,3,00000000,1,39854494,39854494,6642415632720,0,0,000000000087abb0,00000000,00000000
observe,4,00000000,4,00000000,2,39854494,39854494,6642415656390,0,0,000000000087abb0,00000000,00000000
observe,5,00000000,5,00000000,3,39854494,39854495,6642415663930,0,0,000000000087abb0,00000000,00000000
observe,6,00000000,6,00000000,4,39854495,39854496,6642415819045,0,0,000000000087abb0,00000000,00000000
observe,7,00000000,7,00000000,5,39854496,39854497,6642415985187,0,0,000000000087abb0,00000000,00000000
observe,8,00000000,8,00000000,6,39854497,39854498,6642416151308,0,0,000000000087abb0,00000000,00000000
observe,9,00000000,9,00000000,7,39854498,39854499,6642416316514,0,0,000000000087abb0,00000000,00000000
observe,10,00000000,10,00000000,8,39854499,39854500,6642416482295,0,0,000000000087abb0,00000000,00000000
observe,11,00000000,11,00000000,9,39854500,39854501,6642416649026,0,0,000000000087abb0,00000000,00000000
observe,12,00000000,12,00000000,10,39854501,39854502,6642416815962,0,0,000000000087abb0,00000000,00000000
observe,13,00000000,13,00000000,11,39854502,39854503,6642416980300,0,0,000000000087abb0,00000000,00000000
observe,14,00000000,14,00000000,12,39854503,39854504,6642417147731,0,0,000000000087abb0,00000000,00000000
observe,15,00000000,15,00000000,13,39854504,39854505,6642417314953,0,0,000000000087abb0,00000000,00000000
observe,16,00000000,16,00000000,14,39854505,39854506,6642417481285,0,0,000000000087abb0,00000000,00000000
observe,17,00000000,17,00000000,15,39854506,39854507,6642417648670,0,0,000000000087abb0,00000000,00000000
observe,18,00000000,18,00000000,17,39854508,39854508,6642417990650,0,0,000000000087abb0,00000000,00000000
observe,19,00000000,19,00000000,18,39854509,39854510,6642418226959,0,0,000000000087abb0,00000000,00000000
observe,20,00000000,20,00000000,19,39854510,39854510,6642418330797,0,0,000000000087abb0,00000000,00000000
observe,21,00000000,21,00000000,20,39854511,39854511,6642418490786,0,0,000000000087abb0,00000000,00000000
observe,22,00000000,22,00000000,21,39854512,39854512,6642418660555,0,0,000000000087abb0,00000000,00000000
observe,23,00000000,23,00000000,22,39854513,39854513,6642418829795,0,0,000000000087abb0,00000000,00000000
observe,24,00000000,24,00000000,23,39854514,39854514,6642418986916,0,0,000000000087abb0,00000000,00000000
observe,25,00000000,25,00000000,24,39854515,39854515,6642419166572,0,0,000000000087abb0,00000000,00000000
observe,26,00000000,26,00000000,25,39854516,39854516,6642419326462,0,0,000000000087abb0,00000000,00000000
observe,27,00000000,27,00000000,26,39854517,39854517,6642419503550,0,0,000000000087abb0,00000000,00000000
observe,28,00000000,28,00000000,27,39854518,39854518,6642419664508,0,0,000000000087abb0,00000000,00000000
observe,29,00000000,29,00000000,28,39854519,39854519,6642419833505,0,0,000000000087abb0,00000000,00000000
observe,30,00000000,30,00000000,29,39854520,39854520,6642420008120,0,0,000000000087abb0,00000000,00000000
observe,31,00000000,31,00000000,30,39854521,39854521,6642420166508,0,0,000000000087abb0,00000000,00000000
observe,32,00000000,32,00000000,31,39854522,39854522,6642420338181,0,0,000000000087abb0,00000000,00000000
observe,33,00000000,33,00000000,32,39854523,39854523,6642420500265,0,0,000000000087abb0,00000000,00000000
observe,34,00000000,34,00000000,33,39854524,39854524,6642420670723,0,0,000000000087abb0,00000000,00000000
observe,35,00000000,35,00000000,34,39854525,39854525,6642420839331,0,0,000000000087abb0,00000000,00000000
observe,36,00000000,36,00000000,35,39854526,39854526,6642421006053,0,0,000000000087abb0,00000000,00000000
observe,37,00000000,37,00000000,36,39854527,39854527,6642421167271,0,0,000000000087abb0,00000000,00000000
observe,38,00000000,38,00000000,37,39854528,39854528,6642421332805,0,0,000000000087abb0,00000000,00000000
observe,39,00000000,39,00000000,38,39854529,39854529,6642421509022,0,0,000000000087abb0,00000000,00000000
observe,40,00000000,40,00000000,39,39854530,39854530,6642421675410,0,0,000000000087abb0,00000000,00000000
observe,41,00000000,41,00000000,39,39854530,39854531,6642421675410,0,0,000000000087abb0,00000000,00000000
observe,42,00000000,42,00000000,40,39854531,39854532,6642421827269,0,0,000000000087abb0,00000000,00000000
observe,43,00000000,43,00000000,41,39854532,39854533,6642421990585,0,0,000000000087abb0,00000000,00000000
observe,44,00000000,44,00000000,42,39854533,39854534,6642422155325,0,0,000000000087abb0,00000000,00000000
observe,45,00000000,45,00000000,44,39854535,39854536,6642422492064,0,0,000000000087abb0,00000000,00000000
observe,46,00000000,46,00000000,45,39854536,39854538,6642422668127,0,0,000000000087abb0,00000000,00000000
observe,47,00000000,47,00000000,46,39854538,39854540,6642422981138,0,0,000000000087abb0,00000000,00000000
observe,48,00000000,48,00000000,47,39854540,39854542,6642423263161,0,0,000000000087abb0,00000000,00000000
observe,49,00000000,49,00000000,48,39854542,39854544,6642423692335,0,0,000000000087abb0,00000000,00000000
observe,50,00000000,50,00000000,49,39854544,39854546,6642423928121,0,0,000000000087abb0,00000000,00000000
observe,51,00000000,51,00000000,50,39854546,39854548,6642424335767,0,0,000000000087abb0,00000000,00000000
observe,52,00000000,52,00000000,51,39854548,39854549,6642424629647,0,0,000000000087abb0,00000000,00000000
observe,53,00000000,53,00000000,52,39854550,39854552,6642424912960,0,0,000000000087abb0,00000000,00000000
observe,54,00000000,54,00000000,53,39854552,39854554,6642425273704,0,0,000000000087abb0,00000000,00000000
observe,55,00000000,55,00000000,54,39854554,39854556,6642425600077,0,0,000000000087abb0,00000000,00000000
observe,56,00000000,56,00000000,55,39854556,39854558,6642425936261,0,0,000000000087abb0,00000000,00000000
observe,57,00000000,57,00000000,56,39854558,39854560,6642426321604,0,0,000000000087abb0,00000000,00000000
observe,58,00000000,58,00000000,57,39854560,39854562,6642426611500,0,0,000000000087abb0,00000000,00000000
observe,59,00000000,59,00000000,58,39854562,39854564,6642427009939,0,0,000000000087abb0,00000000,00000000
observe,60,00000000,60,00000000,59,39854564,39854566,6642427284446,0,0,000000000087abb0,00000000,00000000
observe,61,00000000,61,00000000,60,39854566,39854568,6642427606608,0,0,000000000087abb0,00000000,00000000
observe,62,00000000,62,00000000,61,39854568,39854570,6642428004461,0,0,000000000087abb0,00000000,00000000
observe,63,00000000,63,00000000,62,39854570,39854572,6642428256827,0,0,000000000087abb0,00000000,00000000
observe,64,00000000,64,00000000,63,39854572,39854574,6642428684581,0,0,000000000087abb0,00000000,00000000
observe,65,00000000,65,00000000,64,39854574,39854575,6642429000972,0,0,000000000087abb0,00000000,00000000
observe,66,00000000,66,00000000,65,39854576,39854578,6642429256775,0,0,000000000087abb0,00000000,00000000
observe,67,00000000,67,00000000,66,39854578,39854580,6642429652641,0,0,000000000087abb0,00000000,00000000
observe,68,00000000,68,00000000,67,39854580,39854582,6642430001982,0,0,000000000087abb0,00000000,00000000
observe,69,00000000,69,00000000,68,39854582,39854584,6642430265605,0,0,000000000087abb0,00000000,00000000
observe,70,00000000,70,00000000,69,39854584,39854586,6642430681105,0,0,000000000087abb0,00000000,00000000
observe,71,00000000,71,00000000,70,39854586,39854588,6642430952075,0,0,000000000087abb0,00000000,00000000
observe,72,00000000,72,00000000,71,39854588,39854590,6642431270065,0,0,000000000087abb0,00000000,00000000
observe,73,00000000,73,00000000,72,39854590,39854592,6642431692985,0,0,000000000087abb0,00000000,00000000
observe,74,00000000,74,00000000,73,39854592,39854594,6642431969073,0,0,000000000087abb0,00000000,00000000
observe,75,00000000,75,00000000,74,39854594,39854596,6642432290544,0,0,000000000087abb0,00000000,00000000
observe,76,00000000,76,00000000,75,39854596,39854598,6642432606432,0,0,000000000087abb0,00000000,00000000
observe,77,00000000,77,00000000,76,39854598,39854600,6642432993777,0,0,000000000087abb0,00000000,00000000
observe,78,00000000,78,00000000,77,39854600,39854602,6642433326540,0,0,000000000087abb0,00000000,00000000
observe,79,00000000,79,00000000,78,39854602,39854604,6642433584430,0,0,000000000087abb0,00000000,00000000
observe,80,00000000,80,00000000,79,39854604,39854606,6642433993500,0,0,000000000087abb0,00000000,00000000
observe,81,00000000,81,00000000,80,39854606,39854608,6642434332357,0,0,000000000087abb0,00000000,00000000
observe,82,00000000,82,00000000,81,39854608,39854610,6642434663684,0,0,000000000087abb0,00000000,00000000
observe,83,00000000,83,00000000,82,39854610,39854612,6642435007701,0,0,000000000087abb0,00000000,00000000
observe,84,00000000,84,00000000,83,39854612,39854614,6642435283717,0,0,000000000087abb0,00000000,00000000
observe,85,00000000,85,00000000,84,39854614,39854616,6642435589078,0,0,000000000087abb0,00000000,00000000
observe,86,00000000,86,00000000,85,39854616,39854618,6642436017177,0,0,000000000087abb0,00000000,00000000
observe,87,00000000,87,00000000,86,39854618,39854620,6642436347703,0,0,000000000087abb0,00000000,00000000
observe,88,00000000,88,00000000,87,39854620,39854622,6642436670471,0,0,000000000087abb0,00000000,00000000
observe,89,00000000,89,00000000,88,39854622,39854624,6642437012416,0,0,000000000087abb0,00000000,00000000
observe,90,00000000,90,00000000,89,39854624,39854626,6642437306770,0,0,000000000087abb0,00000000,00000000
observe,91,00000000,91,00000000,90,39854626,39854628,6642437639809,0,0,000000000087abb0,00000000,00000000
observe,92,00000000,92,00000000,91,39854628,39854630,6642437957325,0,0,000000000087abb0,00000000,00000000
observe,93,00000000,93,00000000,92,39854630,39854632,6642438377150,0,0,000000000087abb0,00000000,00000000
observe,94,00000000,94,00000000,93,39854632,39854634,6642438627623,0,0,000000000087abb0,00000000,00000000
observe,95,00000000,95,00000000,94,39854634,39854636,6642439005103,0,0,000000000087abb0,00000000,00000000
observe,96,00000000,96,00000000,95,39854636,39854638,6642439341138,0,0,000000000087abb0,00000000,00000000
observe,97,00000000,97,00000000,96,39854638,39854640,6642439655675,0,0,000000000087abb0,00000000,00000000
observe,98,00000000,98,00000000,97,39854640,39854642,6642439994856,0,0,000000000087abb0,00000000,00000000
observe,99,00000000,99,00000000,98,39854642,39854644,6642440319308,0,0,000000000087abb0,00000000,00000000
observe,100,00000000,100,00000000,99,39854644,39854646,6642440633552,0,0,000000000087abb0,00000000,00000000
observe,101,00000000,101,00000000,100,39854646,39854648,6642440984487,0,0,000000000087abb0,00000000,00000000
observe,102,00000000,102,00000000,101,39854648,39854650,6642441337704,0,0,000000000087abb0,00000000,00000000
observe,103,00000000,103,00000000,102,39854650,39854652,6642441675619,0,0,000000000087abb0,00000000,00000000
observe,104,00000000,104,00000000,103,39854652,39854654,6642442007674,0,0,000000000087abb0,00000000,00000000
observe,105,00000000,105,00000000,104,39854654,39854656,6642442321356,0,0,000000000087abb0,00000000,00000000
observe,106,00000000,106,00000000,105,39854656,39854658,6642442676904,0,0,000000000087abb0,00000000,00000000
observe,107,00000000,107,00000000,106,39854658,39854660,6642442980860,0,0,000000000087abb0,00000000,00000000
observe,108,00000000,108,00000000,107,39854660,39854661,6642443312847,0,0,000000000087abb0,00000000,00000000
observe,109,00000000,109,00000000,108,39854662,39854664,6642443588370,0,0,000000000087abb0,00000000,00000000
observe,110,00000000,110,00000000,109,39854664,39854666,6642444012075,0,0,000000000087abb0,00000000,00000000
observe,111,00000000,111,00000000,110,39854666,39854668,6642444271463,0,0,000000000087abb0,00000000,00000000
observe,112,00000000,112,00000000,111,39854668,39854670,6642444597994,0,0,000000000087abb0,00000000,00000000
observe,113,00000000,113,00000000,112,39854670,39854672,6642445003576,0,0,000000000087abb0,00000000,00000000
observe,114,00000000,114,00000000,113,39854672,39854674,6642445346073,0,0,000000000087abb0,00000000,00000000
observe,115,00000000,115,00000000,114,39854674,39854676,6642445634708,0,0,000000000087abb0,00000000,00000000
observe,116,00000000,116,00000000,115,39854676,39854678,6642446019529,0,0,000000000087abb0,00000000,00000000
observe,117,00000000,117,00000000,116,39854678,39854680,6642446306280,0,0,000000000087abb0,00000000,00000000
observe,118,00000000,118,00000000,117,39854680,39854682,6642446671237,0,0,000000000087abb0,00000000,00000000
observe,119,00000000,119,00000000,118,39854682,39854684,6642446938910,0,0,000000000087abb0,00000000,00000000
observe,120,00000000,120,00000000,119,39854684,39854686,6642447268574,0,0,000000000087abb0,00000000,00000000
observe,121,00000000,121,00000000,120,39854686,39854688,6642447685132,0,0,000000000087abb0,00000000,00000000
observe,122,00000000,122,00000000,121,39854688,39854690,6642447963960,0,0,000000000087abb0,00000000,00000000
observe,123,00000000,123,00000000,122,39854690,39854692,6642448299768,0,0,000000000087abb0,00000000,00000000
observe,124,00000000,124,00000000,123,39854692,39854694,6642448671381,0,0,000000000087abb0,00000000,00000000
observe,125,00000000,125,00000000,124,39854694,39854696,6642449015980,0,0,000000000087abb0,00000000,00000000
observe,126,00000000,126,00000000,125,39854696,39854698,6642449335650,0,0,000000000087abb0,00000000,00000000
observe,127,00000000,127,00000000,126,39854698,39854700,6642449670132,0,0,000000000087abb0,00000000,00000000
observe,128,00000000,128,00000000,127,39854700,39854702,6642450007035,0,0,000000000087abb0,00000000,00000000
observe,129,00000000,129,00000000,128,39854702,39854704,6642450333633,0,0,000000000087abb0,00000000,00000000
observe,130,00000000,130,00000000,129,39854704,39854706,6642450624095,0,0,000000000087abb0,00000000,00000000
observe,131,00000000,131,00000000,130,39854706,39854708,6642450933997,0,0,000000000087abb0,00000000,00000000
observe,132,00000000,132,00000000,131,39854708,39854710,6642451341243,0,0,000000000087abb0,00000000,00000000
observe,133,00000000,133,00000000,132,39854710,39854712,6642451605794,0,0,000000000087abb0,00000000,00000000
observe,134,00000000,134,00000000,133,39854712,39854714,6642452016177,0,0,000000000087abb0,00000000,00000000
observe,135,00000000,135,00000000,134,39854714,39854716,6642452258329,0,0,000000000087abb0,00000000,00000000
observe,136,00000000,136,00000000,135,39854716,39854718,6642452672492,0,0,000000000087abb0,00000000,00000000
observe,137,00000000,137,00000000,136,39854718,39854720,6642453000330,0,0,000000000087abb0,00000000,00000000
observe,138,00000000,138,00000000,137,39854720,39854722,6642453348260,0,0,000000000087abb0,00000000,00000000
observe,139,00000000,139,00000000,138,39854722,39854724,6642453584372,0,0,000000000087abb0,00000000,00000000
observe,140,00000000,140,00000000,139,39854724,39854726,6642453914842,0,0,000000000087abb0,00000000,00000000
observe,141,00000000,141,00000000,140,39854726,39854728,6642454244505,0,0,000000000087abb0,00000000,00000000
observe,142,00000000,142,00000000,141,39854728,39854730,6642454576405,0,0,000000000087abb0,00000000,00000000
observe,143,00000000,143,00000000,142,39854730,39854732,6642454910241,0,0,000000000087abb0,00000000,00000000
observe,144,00000000,144,00000000,143,39854732,39854734,6642455326436,0,0,000000000087abb0,00000000,00000000
observe,145,00000000,145,00000000,144,39854734,39854736,6642455597349,0,0,000000000087abb0,00000000,00000000
observe,146,00000000,146,00000000,145,39854736,39854738,6642456022045,0,0,000000000087abb0,00000000,00000000
observe,147,00000000,147,00000000,146,39854738,39854740,6642456305908,0,0,000000000087abb0,00000000,00000000
observe,148,00000000,148,00000000,147,39854740,39854742,6642456682289,0,0,000000000087abb0,00000000,00000000
observe,149,00000000,149,00000000,148,39854742,39854744,6642456958285,0,0,000000000087abb0,00000000,00000000
observe,150,00000000,150,00000000,149,39854744,39854746,6642457268462,0,0,000000000087abb0,00000000,00000000
observe,151,00000000,151,00000000,150,39854746,39854748,6642457622280,0,0,000000000087abb0,00000000,00000000
observe,152,00000000,152,00000000,151,39854748,39854750,6642457936793,0,0,000000000087abb0,00000000,00000000
observe,153,00000000,153,00000000,152,39854750,39854751,6642458367899,0,0,000000000087abb0,00000000,00000000
observe,154,00000000,154,00000000,153,39854752,39854754,6642458570954,0,0,000000000087abb0,00000000,00000000
observe,155,00000000,155,00000000,154,39854754,39854756,6642459007582,0,0,000000000087abb0,00000000,00000000
observe,156,00000000,156,00000000,155,39854756,39854758,6642459269882,0,0,000000000087abb0,00000000,00000000
observe,157,00000000,157,00000000,156,39854758,39854760,6642459607981,0,0,000000000087abb0,00000000,00000000
observe,158,00000000,158,00000000,157,39854760,39854762,6642459988061,0,0,000000000087abb0,00000000,00000000
observe,159,00000000,159,00000000,158,39854762,39854764,6642460332462,0,0,000000000087abb0,00000000,00000000
observe,160,00000000,160,00000000,159,39854764,39854766,6642460675006,0,0,000000000087abb0,00000000,00000000
observe,161,00000000,161,00000000,160,39854766,39854768,6642460940186,0,0,000000000087abb0,00000000,00000000
observe,162,00000000,162,00000000,161,39854768,39854770,6642461342175,0,0,000000000087abb0,00000000,00000000
observe,163,00000000,163,00000000,162,39854770,39854772,6642461692765,0,0,000000000087abb0,00000000,00000000
observe,164,00000000,164,00000000,163,39854772,39854774,6642461986077,0,0,000000000087abb0,00000000,00000000
observe,165,00000000,165,00000000,164,39854774,39854776,6642462259671,0,0,000000000087abb0,00000000,00000000
observe,166,00000000,166,00000000,165,39854776,39854778,6642462640285,0,0,000000000087abb0,00000000,00000000
observe,167,00000000,167,00000000,166,39854778,39854780,6642462947016,0,0,000000000087abb0,00000000,00000000
observe,168,00000000,168,00000000,167,39854780,39854782,6642463262777,0,0,000000000087abb0,00000000,00000000
observe,169,00000000,169,00000000,168,39854782,39854784,6642463603837,0,0,000000000087abb0,00000000,00000000
observe,170,00000000,170,00000000,169,39854784,39854786,6642463985716,0,0,000000000087abb0,00000000,00000000
observe,171,00000000,171,00000000,170,39854786,39854788,6642464328490,0,0,000000000087abb0,00000000,00000000
observe,172,00000000,172,00000000,171,39854788,39854790,6642464657893,0,0,000000000087abb0,00000000,00000000
observe,173,00000000,173,00000000,172,39854790,39854792,6642465011502,0,0,000000000087abb0,00000000,00000000
observe,174,00000000,174,00000000,173,39854792,39854794,6642465275989,0,0,000000000087abb0,00000000,00000000
observe,175,00000000,175,00000000,174,39854794,39854796,6642465604761,0,0,000000000087abb0,00000000,00000000
observe,176,00000000,176,00000000,175,39854796,39854798,6642466003892,0,0,000000000087abb0,00000000,00000000
observe,177,00000000,177,00000000,176,39854798,39854800,6642466265645,0,0,000000000087abb0,00000000,00000000
observe,178,00000000,178,00000000,177,39854800,39854802,6642466601444,0,0,000000000087abb0,00000000,00000000
observe,179,00000000,179,00000000,178,39854802,39854804,6642466937975,0,0,000000000087abb0,00000000,00000000
observe,180,00000000,180,00000000,179,39854804,39854806,6642467348607,0,0,000000000087abb0,00000000,00000000
observe,181,00000000,181,00000000,180,39854806,39854808,6642467651213,0,0,000000000087abb0,00000000,00000000
observe,182,00000000,182,00000000,181,39854808,39854810,6642468009129,0,0,000000000087abb0,00000000,00000000
observe,183,00000000,183,00000000,182,39854810,39854812,6642468318830,0,0,000000000087abb0,00000000,00000000
observe,184,00000000,184,00000000,183,39854812,39854814,6642468627970,0,0,000000000087abb0,00000000,00000000
observe,185,00000000,185,00000000,184,39854814,39854816,6642469000430,0,0,000000000087abb0,00000000,00000000
observe,186,00000000,186,00000000,185,39854816,39854818,6642469327928,0,0,000000000087abb0,00000000,00000000
observe,187,00000000,187,00000000,186,39854818,39854820,6642469673626,0,0,000000000087abb0,00000000,00000000
observe,188,00000000,188,00000000,187,39854820,39854822,6642469945806,0,0,000000000087abb0,00000000,00000000
observe,189,00000000,189,00000000,188,39854822,39854824,6642470255960,0,0,000000000087abb0,00000000,00000000
observe,190,00000000,190,00000000,189,39854824,39854826,6642470592140,0,0,000000000087abb0,00000000,00000000
observe,191,00000000,191,00000000,190,39854826,39854828,6642471010851,0,0,000000000087abb0,00000000,00000000
observe,192,00000000,192,00000000,191,39854828,39854830,6642471347785,0,0,000000000087abb0,00000000,00000000
observe,193,00000000,193,00000000,192,39854830,39854832,6642471694740,0,0,000000000087abb0,00000000,00000000
observe,194,00000000,194,00000000,193,39854832,39854834,6642471998203,0,0,000000000087abb0,00000000,00000000
observe,195,00000000,195,00000000,194,39854834,39854836,6642472339348,0,0,000000000087abb0,00000000,00000000
observe,196,00000000,196,00000000,195,39854836,39854838,6642472599417,0,0,000000000087abb0,00000000,00000000
observe,197,00000000,197,00000000,196,39854838,39854840,6642473004781,0,0,000000000087abb0,00000000,00000000
observe,198,00000000,198,00000000,197,39854840,39854842,6642473336425,0,0,000000000087abb0,00000000,00000000
observe,199,00000000,199,00000000,198,39854842,39854844,6642473618014,0,0,000000000087abb0,00000000,00000000
observe,200,00000000,200,00000000,199,39854844,39854846,6642474003450,0,0,000000000087abb0,00000000,00000000
observe,201,00000000,201,00000000,200,39854846,39854848,6642474265229,0,0,000000000087abb0,00000000,00000000
observe,202,00000000,202,00000000,201,39854848,39854850,6642474601230,0,0,000000000087abb0,00000000,00000000
observe,203,00000000,203,00000000,202,39854850,39854852,6642475003946,0,0,000000000087abb0,00000000,00000000
observe,204,00000000,204,00000000,203,39854852,39854854,6642475270590,0,0,000000000087abb0,00000000,00000000
observe,205,00000000,205,00000000,204,39854854,39854856,6642475673991,0,0,000000000087abb0,00000000,00000000
observe,206,00000000,206,00000000,205,39854856,39854858,6642475950720,0,0,000000000087abb0,00000000,00000000
observe,207,00000000,207,00000000,206,39854858,39854860,6642476270972,0,0,000000000087abb0,00000000,00000000
observe,208,00000000,208,00000000,207,39854860,39854862,6642476605788,0,0,000000000087abb0,00000000,00000000
observe,209,00000000,209,00000000,208,39854862,39854864,6642477006300,0,0,000000000087abb0,00000000,00000000
observe,210,00000000,210,00000000,209,39854864,39854866,6642477338721,0,0,000000000087abb0,00000000,00000000
observe,211,00000000,211,00000000,210,39854866,39854868,6642477623328,0,0,000000000087abb0,00000000,00000000
observe,212,00000000,212,00000000,211,39854868,39854870,6642478003481,0,0,000000000087abb0,00000000,00000000
observe,213,00000000,213,00000000,212,39854870,39854872,6642478316937,0,0,000000000087abb0,00000000,00000000
observe,214,00000000,214,00000000,213,39854872,39854874,6642478600934,0,0,000000000087abb0,00000000,00000000
observe,215,00000000,215,00000000,214,39854874,39854876,6642479024366,0,0,000000000087abb0,00000000,00000000
observe,216,00000000,216,00000000,215,39854876,39854878,6642479318782,0,0,000000000087abb0,00000000,00000000
observe,217,00000000,217,00000000,216,39854878,39854880,6642479679290,0,0,000000000087abb0,00000000,00000000
observe,218,00000000,218,00000000,217,39854880,39854882,6642480007043,0,0,000000000087abb0,00000000,00000000
observe,219,00000000,219,00000000,218,39854882,39854884,6642480344208,0,0,000000000087abb0,00000000,00000000
observe,220,00000000,220,00000000,219,39854884,39854886,6642480666302,0,0,000000000087abb0,00000000,00000000
observe,221,00000000,221,00000000,220,39854886,39854888,6642481011346,0,0,000000000087abb0,00000000,00000000
observe,222,00000000,222,00000000,221,39854888,39854890,6642481352162,0,0,000000000087abb0,00000000,00000000
observe,223,00000000,223,00000000,222,39854890,39854892,6642481679181,0,0,000000000087abb0,00000000,00000000
observe,224,00000000,224,00000000,223,39854892,39854894,6642481929761,0,0,000000000087abb0,00000000,00000000
observe,225,00000000,225,00000000,224,39854894,39854896,6642482266622,0,0,000000000087abb0,00000000,00000000
observe,226,00000000,226,00000000,225,39854896,39854898,6642482682843,0,0,000000000087abb0,00000000,00000000
observe,227,00000000,227,00000000,226,39854898,39854899,6642482956914,0,0,000000000087abb0,00000000,00000000
observe,228,00000000,228,00000000,227,39854900,39854902,6642483257651,0,0,000000000087abb0,00000000,00000000
observe,229,00000000,229,00000000,228,39854902,39854904,6642483684332,0,0,000000000087abb0,00000000,00000000
observe,230,00000000,230,00000000,229,39854904,39854906,6642483947985,0,0,000000000087abb0,00000000,00000000
observe,231,00000000,231,00000000,230,39854906,39854908,6642484262437,0,0,000000000087abb0,00000000,00000000
observe,232,00000000,232,00000000,231,39854908,39854910,6642484672284,0,0,000000000087abb0,00000000,00000000
observe,233,00000000,233,00000000,232,39854910,39854912,6642484939290,0,0,000000000087abb0,00000000,00000000
observe,234,00000000,234,00000000,233,39854912,39854914,6642485333606,0,0,000000000087abb0,00000000,00000000
observe,235,00000000,235,00000000,234,39854914,39854916,6642485638000,0,0,000000000087abb0,00000000,00000000
observe,236,00000000,236,00000000,235,39854916,39854918,6642486013425,0,0,000000000087abb0,00000000,00000000
observe,237,00000000,237,00000000,236,39854918,39854920,6642486282470,0,0,000000000087abb0,00000000,00000000
observe,238,00000000,238,00000000,237,39854920,39854922,6642486587221,0,0,000000000087abb0,00000000,00000000
observe,239,00000000,239,00000000,238,39854922,39854924,6642486932562,0,0,000000000087abb0,00000000,00000000
observe,240,00000000,240,00000000,239,39854924,39854926,6642487264391,0,0,000000000087abb0,00000000,00000000
observe,241,00000000,241,00000000,240,39854926,39854928,6642487588386,0,0,000000000087abb0,00000000,00000000
observe,242,00000000,242,00000000,241,39854928,39854930,6642488006503,0,0,000000000087abb0,00000000,00000000
observe,243,00000000,243,00000000,242,39854930,39854932,6642488313863,0,0,000000000087abb0,00000000,00000000
observe,244,00000000,244,00000000,243,39854932,39854934,6642488605937,0,0,000000000087abb0,00000000,00000000
observe,245,00000000,245,00000000,244,39854934,39854936,6642489021737,0,0,000000000087abb0,00000000,00000000
observe,246,00000000,246,00000000,245,39854936,39854938,6642489290753,0,0,000000000087abb0,00000000,00000000
observe,247,00000000,247,00000000,246,39854938,39854940,6642489677215,0,0,000000000087abb0,00000000,00000000
observe,248,00000000,248,00000000,247,39854940,39854942,6642489942013,0,0,000000000087abb0,00000000,00000000
observe,249,00000000,249,00000000,248,39854942,39854944,6642490342833,0,0,000000000087abb0,00000000,00000000
observe,250,00000000,250,00000000,249,39854944,39854946,6642490677138,0,0,000000000087abb0,00000000,00000000
observe,251,00000000,251,00000000,250,39854946,39854948,6642491011100,0,0,000000000087abb0,00000000,00000000
observe,252,00000000,252,00000000,251,39854948,39854950,6642491262136,0,0,000000000087abb0,00000000,00000000
observe,253,00000000,253,00000000,252,39854950,39854952,6642491674714,0,0,000000000087abb0,00000000,00000000
observe,254,00000000,254,00000000,253,39854952,39854954,6642491939881,0,0,000000000087abb0,00000000,00000000
observe,255,00000000,255,00000000,254,39854954,39854956,6642492337968,0,0,000000000087abb0,00000000,00000000
observe,256,00000000,256,00000000,255,39854956,39854958,6642492670999,0,0,000000000087abb0,00000000,00000000
observe,257,00000000,257,00000000,256,39854958,39854959,6642492931965,0,0,000000000087abb0,00000000,00000000
observe,258,00000000,258,00000000,257,39854960,39854961,6642493251965,0,0,000000000087abb0,00000000,00000000
observe,259,00000000,259,00000000,258,39854962,39854964,6642493590335,0,0,000000000087abb0,00000000,00000000
observe,260,00000000,260,00000000,259,39854964,39854966,6642493995922,0,0,000000000087abb0,00000000,00000000
observe,261,00000000,261,00000000,260,39854966,39854968,6642494269863,0,0,000000000087abb0,00000000,00000000
observe,262,00000000,262,00000000,261,39854968,39854970,6642494658464,0,0,000000000087abb0,00000000,00000000
observe,263,00000000,263,00000000,262,39854970,39854972,6642494969493,0,0,000000000087abb0,00000000,00000000
observe,264,00000000,264,00000000,263,39854972,39854974,6642495338009,0,0,000000000087abb0,00000000,00000000
observe,265,00000000,265,00000000,264,39854974,39854976,6642495671043,0,0,000000000087abb0,00000000,00000000
observe,266,00000000,266,00000000,265,39854976,39854978,6642495933844,0,0,000000000087abb0,00000000,00000000
observe,267,00000000,267,00000000,266,39854978,39854980,6642496270519,0,0,000000000087abb0,00000000,00000000
observe,268,00000000,268,00000000,267,39854980,39854982,6642496677622,0,0,000000000087abb0,00000000,00000000
observe,269,00000000,269,00000000,268,39854982,39854984,6642496933599,0,0,000000000087abb0,00000000,00000000
observe,270,00000000,270,00000000,269,39854984,39854986,6642497340822,0,0,000000000087abb0,00000000,00000000
observe,271,00000000,271,00000000,270,39854986,39854988,6642497606813,0,0,000000000087abb0,00000000,00000000
observe,272,00000000,272,00000000,271,39854988,39854990,6642498006760,0,0,000000000087abb0,00000000,00000000
observe,273,00000000,273,00000000,272,39854990,39854992,6642498355263,0,0,000000000087abb0,00000000,00000000
observe,274,00000000,274,00000000,273,39854992,39854994,6642498640161,0,0,000000000087abb0,00000000,00000000
observe,275,00000000,275,00000000,274,39854994,39854996,6642498965292,0,0,000000000087abb0,00000000,00000000
observe,276,00000000,276,00000000,275,39854996,39854998,6642499324135,0,0,000000000087abb0,00000000,00000000
observe,277,00000000,277,00000000,276,39854998,39855000,6642499671039,0,0,000000000087abb0,00000000,00000000
observe,278,00000000,278,00000000,277,39855000,39855001,6642499994875,0,0,000000000087abb0,00000000,00000000
observe,279,00000000,279,00000000,278,39855002,39855004,6642500247875,0,0,000000000087abb0,00000000,00000000
observe,280,00000000,280,00000000,279,39855004,39855006,6642500621045,0,0,000000000087abb0,00000000,00000000
observe,281,00000000,281,00000000,280,39855006,39855008,6642501012339,0,0,000000000087abb0,00000000,00000000
observe,282,00000000,282,00000000,281,39855008,39855010,6642501306025,0,0,000000000087abb0,00000000,00000000
observe,283,00000000,283,00000000,282,39855010,39855012,6642501629376,0,0,000000000087abb0,00000000,00000000
observe,284,00000000,284,00000000,283,39855012,39855014,6642501985183,0,0,000000000087abb0,00000000,00000000
observe,285,00000000,285,00000000,284,39855014,39855016,6642502250220,0,0,000000000087abb0,00000000,00000000
observe,286,00000000,286,00000000,285,39855016,39855018,6642502675981,0,0,000000000087abb0,00000000,00000000
observe,287,00000000,287,00000000,286,39855018,39855020,6642503009216,0,0,000000000087abb0,00000000,00000000
observe,288,00000000,288,00000000,287,39855020,39855022,6642503321418,0,0,000000000087abb0,00000000,00000000
observe,289,00000000,289,00000000,288,39855022,39855024,6642503654414,0,0,000000000087abb0,00000000,00000000
observe,290,00000000,290,00000000,289,39855024,39855026,6642503987676,0,0,000000000087abb0,00000000,00000000
observe,291,00000000,291,00000000,290,39855026,39855028,6642504337674,0,0,000000000087abb0,00000000,00000000
observe,292,00000000,292,00000000,291,39855028,39855030,6642504596591,0,0,000000000087abb0,00000000,00000000
observe,293,00000000,293,00000000,292,39855030,39855032,6642504949005,0,0,000000000087abb0,00000000,00000000
observe,294,00000000,294,00000000,293,39855032,39855034,6642505262486,0,0,000000000087abb0,00000000,00000000
observe,295,00000000,295,00000000,294,39855034,39855036,6642505669149,0,0,000000000087abb0,00000000,00000000
observe,296,00000000,296,00000000,295,39855036,39855038,6642506011700,0,0,000000000087abb0,00000000,00000000
observe,297,00000000,297,00000000,296,39855038,39855040,6642506329970,0,0,000000000087abb0,00000000,00000000
observe,298,00000000,298,00000000,297,39855040,39855042,6642506678036,0,0,000000000087abb0,00000000,00000000
observe,299,00000000,299,00000000,298,39855042,39855044,6642506938374,0,0,000000000087abb0,00000000,00000000
observe,300,00000000,300,00000000,299,39855044,39855046,6642507318671,0,0,000000000087abb0,00000000,00000000
observe,301,00000000,301,00000000,300,39855046,39855048,6642507681246,0,0,000000000087abb0,00000000,00000000
observe,302,00000000,302,00000000,301,39855048,39855050,6642507930902,0,0,000000000087abb0,00000000,00000000
observe,303,00000000,303,00000000,302,39855050,39855052,6642508318042,0,0,000000000087abb0,00000000,00000000
observe,304,00000000,304,00000000,303,39855052,39855054,6642508682407,0,0,000000000087abb0,00000000,00000000
observe,305,00000000,305,00000000,304,39855054,39855056,6642509008358,0,0,000000000087abb0,00000000,00000000
observe,306,00000000,306,00000000,305,39855056,39855058,6642509327427,0,0,000000000087abb0,00000000,00000000
observe,307,00000000,307,00000000,306,39855058,39855060,6642509627090,0,0,000000000087abb0,00000000,00000000
observe,308,00000000,308,00000000,307,39855060,39855062,6642509932560,0,0,000000000087abb0,00000000,00000000
observe,309,00000000,309,00000000,308,39855062,39855064,6642510342562,0,0,000000000087abb0,00000000,00000000
observe,310,00000000,310,00000000,309,39855064,39855066,6642510669604,0,0,000000000087abb0,00000000,00000000
observe,311,00000000,311,00000000,310,39855066,39855068,6642511007564,0,0,000000000087abb0,00000000,00000000
observe,312,00000000,312,00000000,311,39855068,39855070,6642511347048,0,0,000000000087abb0,00000000,00000000
observe,313,00000000,313,00000000,312,39855070,39855072,6642511594960,0,0,000000000087abb0,00000000,00000000
observe,314,00000000,314,00000000,313,39855072,39855074,6642511938474,0,0,000000000087abb0,00000000,00000000
observe,315,00000000,315,00000000,314,39855074,39855076,6642512336504,0,0,000000000087abb0,00000000,00000000
observe,316,00000000,316,00000000,315,39855076,39855080,6642512671624,0,0,000000000087abb0,00000000,00000000
observe,317,00000000,317,00000000,315,39855076,39855080,6642512671624,0,0,000000000087abb0,00000000,00000000
observe,318,00000000,318,00000000,317,39855080,39855082,6642513314660,0,0,000000000087abb0,00000000,00000000
observe,319,00000000,319,00000000,318,39855082,39855084,6642513609582,0,0,000000000087abb0,00000000,00000000
observe,320,00000000,320,00000000,319,39855084,39855086,6642513909689,0,0,000000000087abb0,00000000,00000000
observe,321,00000000,321,00000000,320,39855086,39855088,6642514244025,0,0,000000000087abb0,00000000,00000000
observe,322,00000000,322,00000000,321,39855088,39855090,6642514628316,0,0,000000000087abb0,00000000,00000000
observe,323,00000000,323,00000000,322,39855090,39855092,6642515007573,0,0,000000000087abb0,00000000,00000000
observe,324,00000000,324,00000000,323,39855092,39855094,6642515341655,0,0,000000000087abb0,00000000,00000000
observe,325,00000000,325,00000000,324,39855094,39855096,6642515673905,0,0,000000000087abb0,00000000,00000000
observe,326,00000000,326,00000000,325,39855096,39855098,6642516005530,0,0,000000000087abb0,00000000,00000000
observe,327,00000000,327,00000000,326,39855098,39855100,6642516349431,0,0,000000000087abb0,00000000,00000000
observe,328,00000000,328,00000000,327,39855100,39855102,6642516620252,0,0,000000000087abb0,00000000,00000000
observe,329,00000000,329,00000000,328,39855102,39855104,6642516985632,0,0,000000000087abb0,00000000,00000000
observe,330,00000000,330,00000000,329,39855104,39855106,6642517305547,0,0,000000000087abb0,00000000,00000000
observe,331,00000000,331,00000000,330,39855106,39855108,6642517670768,0,0,000000000087abb0,00000000,00000000
observe,332,00000000,332,00000000,331,39855108,39855110,6642518002819,0,0,000000000087abb0,00000000,00000000
observe,333,00000000,333,00000000,332,39855110,39855112,6642518355979,0,0,000000000087abb0,00000000,00000000
observe,334,00000000,334,00000000,333,39855112,39855114,6642518597293,0,0,000000000087abb0,00000000,00000000
observe,335,00000000,335,00000000,334,39855114,39855116,6642519034530,0,0,000000000087abb0,00000000,00000000
observe,336,00000000,336,00000000,335,39855116,39855118,6642519317848,0,0,000000000087abb0,00000000,00000000
observe,337,00000000,337,00000000,336,39855118,39855120,6642519600277,0,0,000000000087abb0,00000000,00000000
observe,338,00000000,338,00000000,337,39855120,39855122,6642519972517,0,0,000000000087abb0,00000000,00000000
observe,339,00000000,339,00000000,338,39855122,39855124,6642520269736,0,0,000000000087abb0,00000000,00000000
observe,340,00000000,340,00000000,339,39855124,39855126,6642520637306,0,0,000000000087abb0,00000000,00000000
observe,341,00000000,341,00000000,340,39855126,39855128,6642520938201,0,0,000000000087abb0,00000000,00000000
observe,342,00000000,342,00000000,341,39855128,39855130,6642521349492,0,0,000000000087abb0,00000000,00000000
observe,343,00000000,343,00000000,342,39855130,39855132,6642521609804,0,0,000000000087abb0,00000000,00000000
observe,344,00000000,344,00000000,343,39855132,39855134,6642521935431,0,0,000000000087abb0,00000000,00000000
observe,345,00000000,345,00000000,344,39855134,39855136,6642522329009,0,0,000000000087abb0,00000000,00000000
observe,346,00000000,346,00000000,345,39855136,39855138,6642522601895,0,0,000000000087abb0,00000000,00000000
observe,347,00000000,347,00000000,346,39855138,39855140,6642523003110,0,0,000000000087abb0,00000000,00000000
observe,348,00000000,348,00000000,347,39855140,39855142,6642523338112,0,0,000000000087abb0,00000000,00000000
observe,349,00000000,349,00000000,348,39855142,39855144,6642523685545,0,0,000000000087abb0,00000000,00000000
observe,350,00000000,350,00000000,349,39855144,39855146,6642524003939,0,0,000000000087abb0,00000000,00000000
observe,351,00000000,351,00000000,350,39855146,39855148,6642524341902,0,0,000000000087abb0,00000000,00000000
observe,352,00000000,352,00000000,351,39855148,39855150,6642524673129,0,0,000000000087abb0,00000000,00000000
observe,353,00000000,353,00000000,352,39855150,39855152,6642524989391,0,0,000000000087abb0,00000000,00000000
observe,354,00000000,354,00000000,353,39855152,39855154,6642525269937,0,0,000000000087abb0,00000000,00000000
observe,355,00000000,355,00000000,354,39855154,39855156,6642525638964,0,0,000000000087abb0,00000000,00000000
observe,356,00000000,356,00000000,355,39855156,39855158,6642525932587,0,0,000000000087abb0,00000000,00000000
observe,357,00000000,357,00000000,356,39855158,39855160,6642526305567,0,0,000000000087abb0,00000000,00000000
observe,358,00000000,358,00000000,357,39855160,39855162,6642526590210,0,0,000000000087abb0,00000000,00000000
observe,359,00000000,359,00000000,358,39855162,39855164,6642526934395,0,0,000000000087abb0,00000000,00000000
observe,360,00000000,360,00000000,359,39855164,39855166,6642527260264,0,0,000000000087abb0,00000000,00000000
observe,361,00000000,361,00000000,360,39855166,39855168,6642527655064,0,0,000000000087abb0,00000000,00000000
observe,362,00000000,362,00000000,361,39855168,39855170,6642528005744,0,0,000000000087abb0,00000000,00000000
observe,363,00000000,363,00000000,362,39855170,39855172,6642528353846,0,0,000000000087abb0,00000000,00000000
observe,364,00000000,364,00000000,363,39855172,39855174,6642528587424,0,0,000000000087abb0,00000000,00000000
observe,365,00000000,365,00000000,364,39855174,39855176,6642529012458,0,0,000000000087abb0,00000000,00000000
observe,366,00000000,366,00000000,365,39855176,39855178,6642529281229,0,0,000000000087abb0,00000000,00000000
observe,367,00000000,367,00000000,366,39855178,39855180,6642529601030,0,0,000000000087abb0,00000000,00000000
observe,368,00000000,368,00000000,367,39855180,39855182,6642530008506,0,0,000000000087abb0,00000000,00000000
observe,369,00000000,369,00000000,368,39855182,39855184,6642530334782,0,0,000000000087abb0,00000000,00000000
observe,370,00000000,370,00000000,369,39855184,39855186,6642530624160,0,0,000000000087abb0,00000000,00000000
observe,371,00000000,371,00000000,370,39855186,39855188,6642530975540,0,0,000000000087abb0,00000000,00000000
observe,372,00000000,372,00000000,371,39855188,39855190,6642531346310,0,0,000000000087abb0,00000000,00000000
observe,373,00000000,373,00000000,372,39855190,39855192,6642531592258,0,0,000000000087abb0,00000000,00000000
observe,374,00000000,374,00000000,373,39855192,39855194,6642531961462,0,0,000000000087abb0,00000000,00000000
observe,375,00000000,375,00000000,374,39855194,39855196,6642532264152,0,0,000000000087abb0,00000000,00000000
observe,376,00000000,376,00000000,375,39855196,39855197,6642532675831,0,0,000000000087abb0,00000000,00000000
observe,377,00000000,377,00000000,376,39855198,39855200,6642532923025,0,0,000000000087abb0,00000000,00000000
observe,378,00000000,378,00000000,377,39855200,39855202,6642533339078,0,0,000000000087abb0,00000000,00000000
observe,379,00000000,379,00000000,378,39855202,39855204,6642533680824,0,0,000000000087abb0,00000000,00000000
observe,380,00000000,380,00000000,379,39855204,39855206,6642533998092,0,0,000000000087abb0,00000000,00000000
observe,381,00000000,381,00000000,380,39855206,39855208,6642534339768,0,0,000000000087abb0,00000000,00000000
observe,382,00000000,382,00000000,381,39855208,39855209,6642534605405,0,0,000000000087abb0,00000000,00000000
observe,383,00000000,383,00000000,382,39855210,39855212,6642534925912,0,0,000000000087abb0,00000000,00000000
observe,384,00000000,384,00000000,383,39855212,39855214,6642535340191,0,0,000000000087abb0,00000000,00000000
observe,385,00000000,385,00000000,384,39855214,39855216,6642535678529,0,0,000000000087abb0,00000000,00000000
observe,386,00000000,386,00000000,385,39855216,39855218,6642535928537,0,0,000000000087abb0,00000000,00000000
observe,387,00000000,387,00000000,386,39855218,39855220,6642536307720,0,0,000000000087abb0,00000000,00000000
observe,388,00000000,388,00000000,387,39855220,39855222,6642536598915,0,0,000000000087abb0,00000000,00000000
observe,389,00000000,389,00000000,388,39855222,39855224,6642537005320,0,0,000000000087abb0,00000000,00000000
observe,390,00000000,390,00000000,389,39855224,39855226,6642537341469,0,0,000000000087abb0,00000000,00000000
observe,391,00000000,391,00000000,390,39855226,39855228,6642537681169,0,0,000000000087abb0,00000000,00000000
observe,392,00000000,392,00000000,391,39855228,39855230,6642538001900,0,0,000000000087abb0,00000000,00000000
observe,393,00000000,393,00000000,392,39855230,39855232,6642538354745,0,0,000000000087abb0,00000000,00000000
observe,394,00000000,394,00000000,393,39855232,39855234,6642538650550,0,0,000000000087abb0,00000000,00000000
observe,395,00000000,395,00000000,394,39855234,39855236,6642538980325,0,0,000000000087abb0,00000000,00000000
observe,396,00000000,396,00000000,395,39855236,39855238,6642539277102,0,0,000000000087abb0,00000000,00000000
observe,397,00000000,397,00000000,396,39855238,39855240,6642539679105,0,0,000000000087abb0,00000000,00000000
observe,398,00000000,398,00000000,397,39855240,39855242,6642540018155,0,0,000000000087abb0,00000000,00000000
observe,399,00000000,399,00000000,398,39855242,39855244,6642540335200,0,0,000000000087abb0,00000000,00000000
observe,400,00000000,400,00000000,399,39855244,39855246,6642540605035,0,0,000000000087abb0,00000000,00000000
observe,401,00000000,401,00000000,400,39855246,39855248,6642540937557,0,0,000000000087abb0,00000000,00000000
observe,402,00000000,402,00000000,401,39855248,39855250,6642541276261,0,0,000000000087abb0,00000000,00000000
observe,403,00000000,403,00000000,402,39855250,39855252,6642541627772,0,0,000000000087abb0,00000000,00000000
observe,404,00000000,404,00000000,403,39855252,39855254,6642541994920,0,0,000000000087abb0,00000000,00000000
observe,405,00000000,405,00000000,404,39855254,39855256,6642542342098,0,0,000000000087abb0,00000000,00000000
observe,406,00000000,406,00000000,405,39855256,39855258,6642542649559,0,0,000000000087abb0,00000000,00000000
observe,407,00000000,407,00000000,406,39855258,39855260,6642543010260,0,0,000000000087abb0,00000000,00000000
observe,408,00000000,408,00000000,407,39855260,39855262,6642543315314,0,0,000000000087abb0,00000000,00000000
observe,409,00000000,409,00000000,408,39855262,39855264,6642543676885,0,0,000000000087abb0,00000000,00000000
observe,410,00000000,410,00000000,409,39855264,39855266,6642543966473,0,0,000000000087abb0,00000000,00000000
observe,411,00000000,411,00000000,410,39855266,39855268,6642544262159,0,0,000000000087abb0,00000000,00000000
observe,412,00000000,412,00000000,411,39855268,39855270,6642544675796,0,0,000000000087abb0,00000000,00000000
observe,413,00000000,413,00000000,412,39855270,39855272,6642544998502,0,0,000000000087abb0,00000000,00000000
observe,414,00000000,414,00000000,413,39855272,39855273,6642545262011,0,0,000000000087abb0,00000000,00000000
observe,415,00000000,415,00000000,414,39855274,39855276,6642545588722,0,0,000000000087abb0,00000000,00000000
observe,416,00000000,416,00000000,415,39855276,39855278,6642545919495,0,0,000000000087abb0,00000000,00000000
observe,417,00000000,417,00000000,416,39855278,39855279,6642546259939,0,0,000000000087abb0,00000000,00000000
observe,418,00000000,418,00000000,417,39855280,39855282,6642546576230,0,0,000000000087abb0,00000000,00000000
observe,419,00000000,419,00000000,418,39855282,39855284,6642546932935,0,0,000000000087abb0,00000000,00000000
observe,420,00000000,420,00000000,419,39855284,39855286,6642547316295,0,0,000000000087abb0,00000000,00000000
observe,421,00000000,421,00000000,420,39855286,39855288,6642547647950,0,0,000000000087abb0,00000000,00000000
observe,422,00000000,422,00000000,421,39855288,39855290,6642547919788,0,0,000000000087abb0,00000000,00000000
observe,423,00000000,423,00000000,422,39855290,39855292,6642548379891,0,0,000000000087abb0,00000000,00000000
observe,424,00000000,424,00000000,423,39855292,39855294,6642548675513,0,0,000000000087abb0,00000000,00000000
observe,425,00000000,425,00000000,424,39855294,39855296,6642548990510,0,0,000000000087abb0,00000000,00000000
observe,426,00000000,426,00000000,425,39855296,39855298,6642549308605,0,0,000000000087abb0,00000000,00000000
observe,427,00000000,427,00000000,426,39855298,39855300,6642549590527,0,0,000000000087abb0,00000000,00000000
observe,428,00000000,428,00000000,427,39855300,39855302,6642549933857,0,0,000000000087abb0,00000000,00000000
observe,429,00000000,429,00000000,428,39855302,39855304,6642550306984,0,0,000000000087abb0,00000000,00000000
observe,430,00000000,430,00000000,429,39855304,39855306,6642550588259,0,0,000000000087abb0,00000000,00000000
observe,431,00000000,431,00000000,430,39855306,39855308,6642551010882,0,0,000000000087abb0,00000000,00000000
observe,432,00000000,432,00000000,431,39855308,39855310,6642551345795,0,0,000000000087abb0,00000000,00000000
observe,433,00000000,433,00000000,432,39855310,39855312,6642551681225,0,0,000000000087abb0,00000000,00000000
observe,434,00000000,434,00000000,433,39855312,39855314,6642551981899,0,0,000000000087abb0,00000000,00000000
observe,435,00000000,435,00000000,434,39855314,39855316,6642552266185,0,0,000000000087abb0,00000000,00000000
observe,436,00000000,436,00000000,435,39855316,39855318,6642552678730,0,0,000000000087abb0,00000000,00000000
observe,437,00000000,437,00000000,436,39855318,39855320,6642553011091,0,0,000000000087abb0,00000000,00000000
observe,438,00000000,438,00000000,437,39855320,39855322,6642553269210,0,0,000000000087abb0,00000000,00000000
observe,439,00000000,439,00000000,438,39855322,39855324,6642553633988,0,0,000000000087abb0,00000000,00000000
observe,440,00000000,440,00000000,439,39855324,39855326,6642553986788,0,0,000000000087abb0,00000000,00000000
observe,441,00000000,441,00000000,440,39855326,39855328,6642554337915,0,0,000000000087abb0,00000000,00000000
observe,442,00000000,442,00000000,441,39855328,39855330,6642554638375,0,0,000000000087abb0,00000000,00000000
observe,443,00000000,443,00000000,442,39855330,39855332,6642554934610,0,0,000000000087abb0,00000000,00000000
observe,444,00000000,444,00000000,443,39855332,39855333,6642555264472,0,0,000000000087abb0,00000000,00000000
observe,445,00000000,445,00000000,444,39855334,39855336,6642555589274,0,0,000000000087abb0,00000000,00000000
observe,446,00000000,446,00000000,445,39855336,39855338,6642555927467,0,0,000000000087abb0,00000000,00000000
observe,447,00000000,447,00000000,446,39855338,39855340,6642556335545,0,0,000000000087abb0,00000000,00000000
observe,448,00000000,448,00000000,447,39855340,39855342,6642556669038,0,0,000000000087abb0,00000000,00000000
observe,449,00000000,449,00000000,448,39855342,39855344,6642556985293,0,0,000000000087abb0,00000000,00000000
observe,450,00000000,450,00000000,449,39855344,39855346,6642557345741,0,0,000000000087abb0,00000000,00000000
observe,451,00000000,451,00000000,450,39855346,39855348,6642557616327,0,0,000000000087abb0,00000000,00000000
observe,452,00000000,452,00000000,451,39855348,39855350,6642557989922,0,0,000000000087abb0,00000000,00000000
observe,453,00000000,453,00000000,452,39855350,39855352,6642558366217,0,0,000000000087abb0,00000000,00000000
observe,454,00000000,454,00000000,453,39855352,39855354,6642558667037,0,0,000000000087abb0,00000000,00000000
observe,455,00000000,455,00000000,454,39855354,39855356,6642559004187,0,0,000000000087abb0,00000000,00000000
observe,456,00000000,456,00000000,455,39855356,39855358,6642559346747,0,0,000000000087abb0,00000000,00000000
observe,457,00000000,457,00000000,456,39855358,39855360,6642559606973,0,0,000000000087abb0,00000000,00000000
observe,458,00000000,458,00000000,457,39855360,39855362,6642560001110,0,0,000000000087abb0,00000000,00000000
observe,459,00000000,459,00000000,458,39855362,39855364,6642560285537,0,0,000000000087abb0,00000000,00000000
observe,460,00000000,460,00000000,459,39855364,39855366,6642560681607,0,0,000000000087abb0,00000000,00000000
observe,461,00000000,461,00000000,460,39855366,39855368,6642560953024,0,0,000000000087abb0,00000000,00000000
observe,462,00000000,462,00000000,461,39855368,39855370,6642561346505,0,0,000000000087abb0,00000000,00000000
observe,463,00000000,463,00000000,462,39855370,39855372,6642561673808,0,0,000000000087abb0,00000000,00000000
observe,464,00000000,464,00000000,463,39855372,39855374,6642562006385,0,0,000000000087abb0,00000000,00000000
observe,465,00000000,465,00000000,464,39855374,39855376,6642562317758,0,0,000000000087abb0,00000000,00000000
observe,466,00000000,466,00000000,465,39855376,39855378,6642562676675,0,0,000000000087abb0,00000000,00000000
observe,467,00000000,467,00000000,466,39855378,39855380,6642563011314,0,0,000000000087abb0,00000000,00000000
observe,468,00000000,468,00000000,467,39855380,39855382,6642563331838,0,0,000000000087abb0,00000000,00000000
observe,469,00000000,469,00000000,468,39855382,39855384,6642563694520,0,0,000000000087abb0,00000000,00000000
observe,470,00000000,470,00000000,469,39855384,39855385,6642564005821,0,0,000000000087abb0,00000000,00000000
observe,471,00000000,471,00000000,470,39855386,39855388,6642564252808,0,0,000000000087abb0,00000000,00000000
observe,472,00000000,472,00000000,471,39855388,39855390,6642564678038,0,0,000000000087abb0,00000000,00000000
observe,473,00000000,473,00000000,472,39855390,39855392,6642564986282,0,0,000000000087abb0,00000000,00000000
observe,474,00000000,474,00000000,473,39855392,39855394,6642565344903,0,0,000000000087abb0,00000000,00000000
observe,475,00000000,475,00000000,474,39855394,39855396,6642565595798,0,0,000000000087abb0,00000000,00000000
observe,476,00000000,476,00000000,475,39855396,39855398,6642566014225,0,0,000000000087abb0,00000000,00000000
observe,477,00000000,477,00000000,476,39855398,39855400,6642566291778,0,0,000000000087abb0,00000000,00000000
observe,478,00000000,478,00000000,477,39855400,39855402,6642566610528,0,0,000000000087abb0,00000000,00000000
observe,479,00000000,479,00000000,478,39855402,39855404,6642566923531,0,0,000000000087abb0,00000000,00000000
observe,480,00000000,480,00000000,479,39855404,39855406,6642567341589,0,0,000000000087abb0,00000000,00000000
observe,481,00000000,481,00000000,480,39855406,39855408,6642567605837,0,0,000000000087abb0,00000000,00000000
observe,482,00000000,482,00000000,481,39855408,39855410,6642567980977,0,0,000000000087abb0,00000000,00000000
observe,483,00000000,483,00000000,482,39855410,39855412,6642568350476,0,0,000000000087abb0,00000000,00000000
observe,484,00000000,484,00000000,483,39855412,39855414,6642568658699,0,0,000000000087abb0,00000000,00000000
observe,485,00000000,485,00000000,484,39855414,39855416,6642569002201,0,0,000000000087abb0,00000000,00000000
observe,486,00000000,486,00000000,485,39855416,39855418,6642569258040,0,0,000000000087abb0,00000000,00000000
observe,487,00000000,487,00000000,486,39855418,39855420,6642569643624,0,0,000000000087abb0,00000000,00000000
observe,488,00000000,488,00000000,487,39855420,39855422,6642570012938,0,0,000000000087abb0,00000000,00000000
observe,489,00000000,489,00000000,488,39855422,39855424,6642570331856,0,0,000000000087abb0,00000000,00000000
observe,490,00000000,490,00000000,489,39855424,39855426,6642570672095,0,0,000000000087abb0,00000000,00000000
observe,491,00000000,491,00000000,490,39855426,39855428,6642571002152,0,0,000000000087abb0,00000000,00000000
observe,492,00000000,492,00000000,491,39855428,39855430,6642571350424,0,0,000000000087abb0,00000000,00000000
observe,493,00000000,493,00000000,492,39855430,39855432,6642571599450,0,0,000000000087abb0,00000000,00000000
observe,494,00000000,494,00000000,493,39855432,39855434,6642571967378,0,0,000000000087abb0,00000000,00000000
observe,495,00000000,495,00000000,494,39855434,39855436,6642572296158,0,0,000000000087abb0,00000000,00000000
observe,496,00000000,496,00000000,495,39855436,39855438,6642572670980,0,0,000000000087abb0,00000000,00000000
observe,497,00000000,497,00000000,496,39855438,39855440,6642573004254,0,0,000000000087abb0,00000000,00000000
observe,498,00000000,498,00000000,497,39855440,39855442,6642573331846,0,0,000000000087abb0,00000000,00000000
observe,499,00000000,499,00000000,498,39855442,39855444,6642573622409,0,0,000000000087abb0,00000000,00000000
observe,500,00000000,500,00000000,499,39855444,39855446,6642574000956,0,0,000000000087abb0,00000000,00000000
observe,501,00000000,501,00000000,500,39855446,39855448,6642574276075,0,0,000000000087abb0,00000000,00000000
observe,502,00000000,502,00000000,501,39855448,39855450,6642574653540,0,0,000000000087abb0,00000000,00000000
observe,503,00000000,503,00000000,502,39855450,39855452,6642574952307,0,0,000000000087abb0,00000000,00000000
observe,504,00000000,504,00000000,503,39855452,39855454,6642575254748,0,0,000000000087abb0,00000000,00000000
observe,505,00000000,505,00000000,504,39855454,39855456,6642575658698,0,0,000000000087abb0,00000000,00000000
observe,506,00000000,506,00000000,505,39855456,39855458,6642575932459,0,0,000000000087abb0,00000000,00000000
observe,507,00000000,507,00000000,506,39855458,39855460,6642576358594,0,0,000000000087abb0,00000000,00000000
observe,508,00000000,508,00000000,507,39855460,39855462,6642576676079,0,0,000000000087abb0,00000000,00000000
observe,509,00000000,509,00000000,508,39855462,39855464,6642576938503,0,0,000000000087abb0,00000000,00000000
observe,510,00000000,510,00000000,509,39855464,39855466,6642577266485,0,0,000000000087abb0,00000000,00000000
observe,511,00000000,511,00000000,510,39855466,39855468,6642577646094,0,0,000000000087abb0,00000000,00000000
observe,512,00000000,512,00000000,511,39855468,39855470,6642578008942,0,0,000000000087abb0,00000000,00000000
observe,513,00000000,513,00000000,512,39855470,39855472,6642578370738,0,0,000000000087abb0,00000000,00000000
observe,514,00000000,514,00000000,513,39855472,39855474,6642578620787,0,0,000000000087abb0,00000000,00000000
observe,515,00000000,515,00000000,514,39855474,39855476,6642579002148,0,0,000000000087abb0,00000000,00000000
observe,516,00000000,516,00000000,515,39855476,39855478,6642579262637,0,0,000000000087abb0,00000000,00000000
observe,517,00000000,517,00000000,516,39855478,39855480,6642579669262,0,0,000000000087abb0,00000000,00000000
observe,518,00000000,518,00000000,517,39855480,39855482,6642579970975,0,0,000000000087abb0,00000000,00000000
observe,519,00000000,519,00000000,518,39855482,39855484,6642580286947,0,0,000000000087abb0,00000000,00000000
observe,520,00000000,520,00000000,519,39855484,39855486,6642580674260,0,0,000000000087abb0,00000000,00000000
observe,521,00000000,521,00000000,520,39855486,39855488,6642580941379,0,0,000000000087abb0,00000000,00000000
observe,522,00000000,522,00000000,521,39855488,39855490,6642581353277,0,0,000000000087abb0,00000000,00000000
observe,523,00000000,523,00000000,522,39855490,39855492,6642581688844,0,0,000000000087abb0,00000000,00000000
observe,524,00000000,524,00000000,523,39855492,39855494,6642581934073,0,0,000000000087abb0,00000000,00000000
observe,525,00000000,525,00000000,524,39855494,39855496,6642582250064,0,0,000000000087abb0,00000000,00000000
observe,526,00000000,526,00000000,525,39855496,39855498,6642582669691,0,0,000000000087abb0,00000000,00000000
observe,527,00000000,527,00000000,526,39855498,39855500,6642582993631,0,0,000000000087abb0,00000000,00000000
observe,528,00000000,528,00000000,527,39855500,39855502,6642583325498,0,0,000000000087abb0,00000000,00000000
observe,529,00000000,529,00000000,528,39855502,39855504,6642583627815,0,0,000000000087abb0,00000000,00000000
observe,530,00000000,530,00000000,529,39855504,39855506,6642583960316,0,0,000000000087abb0,00000000,00000000
observe,531,00000000,531,00000000,530,39855506,39855508,6642584341897,0,0,000000000087abb0,00000000,00000000
observe,532,00000000,532,00000000,531,39855508,39855510,6642584609099,0,0,000000000087abb0,00000000,00000000
observe,533,00000000,533,00000000,532,39855510,39855512,6642584952094,0,0,000000000087abb0,00000000,00000000
observe,534,00000000,534,00000000,533,39855512,39855514,6642585339298,0,0,000000000087abb0,00000000,00000000
observe,535,00000000,535,00000000,534,39855514,39855516,6642585671982,0,0,000000000087abb0,00000000,00000000
observe,536,00000000,536,00000000,535,39855516,39855518,6642586007880,0,0,000000000087abb0,00000000,00000000
observe,537,00000000,537,00000000,536,39855518,39855520,6642586315982,0,0,000000000087abb0,00000000,00000000
observe,538,00000000,538,00000000,537,39855520,39855522,6642586637077,0,0,000000000087abb0,00000000,00000000
observe,539,00000000,539,00000000,538,39855522,39855524,6642586934515,0,0,000000000087abb0,00000000,00000000
observe,540,00000000,540,00000000,539,39855524,39855526,6642587269697,0,0,000000000087abb0,00000000,00000000
observe,541,00000000,541,00000000,540,39855526,39855527,6642587611334,0,0,000000000087abb0,00000000,00000000
observe,542,00000000,542,00000000,541,39855528,39855530,6642587918824,0,0,000000000087abb0,00000000,00000000
observe,543,00000000,543,00000000,542,39855530,39855532,6642588348850,0,0,000000000087abb0,00000000,00000000
observe,544,00000000,544,00000000,543,39855532,39855533,6642588669990,0,0,000000000087abb0,00000000,00000000
observe,545,00000000,545,00000000,544,39855534,39855536,6642588904001,0,0,000000000087abb0,00000000,00000000
observe,546,00000000,546,00000000,545,39855536,39855538,6642589338417,0,0,000000000087abb0,00000000,00000000
observe,547,00000000,547,00000000,546,39855538,39855540,6642589620756,0,0,000000000087abb0,00000000,00000000
observe,548,00000000,548,00000000,547,39855540,39855542,6642589970324,0,0,000000000087abb0,00000000,00000000
observe,549,00000000,549,00000000,548,39855542,39855544,6642590339482,0,0,000000000087abb0,00000000,00000000
observe,550,00000000,550,00000000,549,39855544,39855546,6642590641041,0,0,000000000087abb0,00000000,00000000
observe,551,00000000,551,00000000,550,39855546,39855548,6642590948951,0,0,000000000087abb0,00000000,00000000
observe,552,00000000,552,00000000,551,39855548,39855550,6642591267299,0,0,000000000087abb0,00000000,00000000
observe,553,00000000,553,00000000,552,39855550,39855552,6642591686340,0,0,000000000087abb0,00000000,00000000
observe,554,00000000,554,00000000,553,39855552,39855554,6642591951666,0,0,000000000087abb0,00000000,00000000
observe,555,00000000,555,00000000,554,39855554,39855556,6642592304009,0,0,000000000087abb0,00000000,00000000
observe,556,00000000,556,00000000,555,39855556,39855558,6642592660910,0,0,000000000087abb0,00000000,00000000
observe,557,00000000,557,00000000,556,39855558,39855560,6642593004550,0,0,000000000087abb0,00000000,00000000
observe,558,00000000,558,00000000,557,39855560,39855562,6642593340227,0,0,000000000087abb0,00000000,00000000
observe,559,00000000,559,00000000,558,39855562,39855564,6642593603376,0,0,000000000087abb0,00000000,00000000
observe,560,00000000,560,00000000,559,39855564,39855566,6642594015252,0,0,000000000087abb0,00000000,00000000
observe,561,00000000,561,00000000,560,39855566,39855568,6642594334008,0,0,000000000087abb0,00000000,00000000
observe,562,00000000,562,00000000,561,39855568,39855570,6642594637524,0,0,000000000087abb0,00000000,00000000
observe,563,00000000,563,00000000,562,39855570,39855572,6642594928760,0,0,000000000087abb0,00000000,00000000
observe,564,00000000,564,00000000,563,39855572,39855574,6642595270260,0,0,000000000087abb0,00000000,00000000
observe,565,00000000,565,00000000,564,39855574,39855576,6642595681124,0,0,000000000087abb0,00000000,00000000
observe,566,00000000,566,00000000,565,39855576,39855578,6642595927488,0,0,000000000087abb0,00000000,00000000
observe,567,00000000,567,00000000,566,39855578,39855580,6642596305436,0,0,000000000087abb0,00000000,00000000
observe,568,00000000,568,00000000,567,39855580,39855582,6642596671325,0,0,000000000087abb0,00000000,00000000
observe,569,00000000,569,00000000,568,39855582,39855584,6642596963965,0,0,000000000087abb0,00000000,00000000
observe,570,00000000,570,00000000,569,39855584,39855586,6642597265719,0,0,000000000087abb0,00000000,00000000
observe,571,00000000,571,00000000,570,39855586,39855588,6642597637697,0,0,000000000087abb0,00000000,00000000
observe,572,00000000,572,00000000,571,39855588,39855590,6642597946558,0,0,000000000087abb0,00000000,00000000
observe,573,00000000,573,00000000,572,39855590,39855592,6642598350002,0,0,000000000087abb0,00000000,00000000
observe,574,00000000,574,00000000,573,39855592,39855594,6642598606805,0,0,000000000087abb0,00000000,00000000
observe,575,00000000,575,00000000,574,39855594,39855596,6642599014283,0,0,000000000087abb0,00000000,00000000
observe,576,00000000,576,00000000,575,39855596,39855598,6642599341140,0,0,000000000087abb0,00000000,00000000
observe,577,00000000,577,00000000,576,39855598,39855600,6642599673660,0,0,000000000087abb0,00000000,00000000
observe,578,00000000,578,00000000,577,39855600,39855602,6642599935620,0,0,000000000087abb0,00000000,00000000
observe,579,00000000,579,00000000,578,39855602,39855604,6642600311797,0,0,000000000087abb0,00000000,00000000
observe,580,00000000,580,00000000,579,39855604,39855606,6642600670132,0,0,000000000087abb0,00000000,00000000
observe,581,00000000,581,00000000,580,39855606,39855608,6642601015240,0,0,000000000087abb0,00000000,00000000
observe,582,00000000,582,00000000,581,39855608,39855610,6642601329707,0,0,000000000087abb0,00000000,00000000
observe,583,00000000,583,00000000,582,39855610,39855612,6642601576653,0,0,000000000087abb0,00000000,00000000
observe,584,00000000,584,00000000,583,39855612,39855614,6642601948657,0,0,000000000087abb0,00000000,00000000
observe,585,00000000,585,00000000,584,39855614,39855616,6642602329447,0,0,000000000087abb0,00000000,00000000
observe,586,00000000,586,00000000,585,39855616,39855618,6642602635491,0,0,000000000087abb0,00000000,00000000
observe,587,00000000,587,00000000,586,39855618,39855620,6642602957798,0,0,000000000087abb0,00000000,00000000
observe,588,00000000,588,00000000,587,39855620,39855622,6642603294702,0,0,000000000087abb0,00000000,00000000
observe,589,00000000,589,00000000,588,39855622,39855624,6642603686895,0,0,000000000087abb0,00000000,00000000
observe,590,00000000,590,00000000,589,39855624,39855626,6642604006271,0,0,000000000087abb0,00000000,00000000
observe,591,00000000,591,00000000,590,39855626,39855628,6642604349190,0,0,000000000087abb0,00000000,00000000
observe,592,00000000,592,00000000,591,39855628,39855630,6642604616214,0,0,000000000087abb0,00000000,00000000
observe,593,00000000,593,00000000,592,39855630,39855632,6642604930202,0,0,000000000087abb0,00000000,00000000
observe,594,00000000,594,00000000,593,39855632,39855634,6642605295322,0,0,000000000087abb0,00000000,00000000
observe,595,00000000,595,00000000,594,39855634,39855636,6642605671965,0,0,000000000087abb0,00000000,00000000
observe,596,00000000,596,00000000,595,39855636,39855637,6642605945976,0,0,000000000087abb0,00000000,00000000
observe,597,00000000,597,00000000,596,39855638,39855640,6642606250516,0,0,000000000087abb0,00000000,00000000
observe,598,00000000,598,00000000,597,39855640,39855642,6642606675686,0,0,000000000087abb0,00000000,00000000
observe,599,00000000,599,00000000,598,39855642,39855644,6642606941730,0,0,000000000087abb0,00000000,00000000
observe,600,00000000,600,00000000,599,39855644,39855646,6642607368047,0,0,000000000087abb0,00000000,00000000
observe,601,00000000,601,00000000,600,39855646,39855648,6642607671054,0,0,000000000087abb0,00000000,00000000
observe,602,00000000,602,00000000,601,39855648,39855650,6642607998894,0,0,000000000087abb0,00000000,00000000
observe,603,00000000,603,00000000,602,39855650,39855652,6642608349163,0,0,000000000087abb0,00000000,00000000
observe,604,00000000,604,00000000,603,39855652,39855654,6642608655866,0,0,000000000087abb0,00000000,00000000
observe,605,00000000,605,00000000,604,39855654,39855656,6642609004421,0,0,000000000087abb0,00000000,00000000
observe,606,00000000,606,00000000,605,39855656,39855658,6642609339075,0,0,000000000087abb0,00000000,00000000
observe,607,00000000,607,00000000,606,39855658,39855660,6642609678770,0,0,000000000087abb0,00000000,00000000
observe,608,00000000,608,00000000,607,39855660,39855662,6642609976277,0,0,000000000087abb0,00000000,00000000
observe,609,00000000,609,00000000,608,39855662,39855664,6642610342128,0,0,000000000087abb0,00000000,00000000
observe,610,00000000,610,00000000,609,39855664,39855666,6642610660816,0,0,000000000087abb0,00000000,00000000
observe,611,00000000,611,00000000,610,39855666,39855668,6642610957991,0,0,000000000087abb0,00000000,00000000
observe,612,00000000,612,00000000,611,39855668,39855670,6642611266245,0,0,000000000087abb0,00000000,00000000
observe,613,00000000,613,00000000,612,39855670,39855672,6642611689646,0,0,000000000087abb0,00000000,00000000
observe,614,00000000,614,00000000,613,39855672,39855674,6642612028394,0,0,000000000087abb0,00000000,00000000
observe,615,00000000,615,00000000,614,39855674,39855676,6642612286585,0,0,000000000087abb0,00000000,00000000
observe,616,00000000,616,00000000,615,39855676,39855678,6642612624998,0,0,000000000087abb0,00000000,00000000
observe,617,00000000,617,00000000,616,39855678,39855680,6642613011301,0,0,000000000087abb0,00000000,00000000
observe,618,00000000,618,00000000,617,39855680,39855682,6642613334702,0,0,000000000087abb0,00000000,00000000
observe,619,00000000,619,00000000,618,39855682,39855684,6642613652599,0,0,000000000087abb0,00000000,00000000
observe,620,00000000,620,00000000,619,39855684,39855686,6642613924255,0,0,000000000087abb0,00000000,00000000
observe,621,00000000,621,00000000,620,39855686,39855688,6642614336505,0,0,000000000087abb0,00000000,00000000
observe,622,00000000,622,00000000,621,39855688,39855690,6642614675303,0,0,000000000087abb0,00000000,00000000
observe,623,00000000,623,00000000,622,39855690,39855692,6642614930050,0,0,000000000087abb0,00000000,00000000
observe,624,00000000,624,00000000,623,39855692,39855694,6642615351966,0,0,000000000087abb0,00000000,00000000
observe,625,00000000,625,00000000,624,39855694,39855696,6642615664343,0,0,000000000087abb0,00000000,00000000
observe,626,00000000,626,00000000,625,39855696,39855698,6642616005451,0,0,000000000087abb0,00000000,00000000
observe,627,00000000,627,00000000,626,39855698,39855700,6642616343576,0,0,000000000087abb0,00000000,00000000
observe,628,00000000,628,00000000,627,39855700,39855701,6642616646035,0,0,000000000087abb0,00000000,00000000
observe,629,00000000,629,00000000,628,39855702,39855704,6642616915966,0,0,000000000087abb0,00000000,00000000
observe,630,00000000,630,00000000,629,39855704,39855706,6642617305882,0,0,000000000087abb0,00000000,00000000
observe,631,00000000,631,00000000,630,39855706,39855708,6642617675398,0,0,000000000087abb0,00000000,00000000
observe,632,00000000,632,00000000,631,39855708,39855710,6642617934192,0,0,000000000087abb0,00000000,00000000
observe,633,00000000,633,00000000,632,39855710,39855712,6642618356167,0,0,000000000087abb0,00000000,00000000
observe,634,00000000,634,00000000,633,39855712,39855714,6642618665408,0,0,000000000087abb0,00000000,00000000
observe,635,00000000,635,00000000,634,39855714,39855716,6642619001231,0,0,000000000087abb0,00000000,00000000
observe,636,00000000,636,00000000,635,39855716,39855718,6642619337830,0,0,000000000087abb0,00000000,00000000
observe,637,00000000,637,00000000,636,39855718,39855720,6642619639311,0,0,000000000087abb0,00000000,00000000
observe,638,00000000,638,00000000,637,39855720,39855722,6642620018574,0,0,000000000087abb0,00000000,00000000
observe,639,00000000,639,00000000,638,39855722,39855724,6642620277626,0,0,000000000087abb0,00000000,00000000
observe,640,00000000,640,00000000,639,39855724,39855726,6642620601190,0,0,000000000087abb0,00000000,00000000
observe,641,00000000,641,00000000,640,39855726,39855728,6642620984341,0,0,000000000087abb0,00000000,00000000
observe,642,00000000,642,00000000,641,39855728,39855730,6642621307422,0,0,000000000087abb0,00000000,00000000
observe,643,00000000,643,00000000,642,39855730,39855732,6642621687535,0,0,000000000087abb0,00000000,00000000
observe,644,00000000,644,00000000,643,39855732,39855734,6642621984991,0,0,000000000087abb0,00000000,00000000
observe,645,00000000,645,00000000,644,39855734,39855736,6642622258800,0,0,000000000087abb0,00000000,00000000
observe,646,00000000,646,00000000,645,39855736,39855738,6642622665046,0,0,000000000087abb0,00000000,00000000
observe,647,00000000,647,00000000,646,39855738,39855740,6642623011165,0,0,000000000087abb0,00000000,00000000
observe,648,00000000,648,00000000,647,39855740,39855742,6642623336033,0,0,000000000087abb0,00000000,00000000
observe,649,00000000,649,00000000,648,39855742,39855744,6642623639952,0,0,000000000087abb0,00000000,00000000
observe,650,00000000,650,00000000,649,39855744,39855746,6642623994408,0,0,000000000087abb0,00000000,00000000
observe,651,00000000,651,00000000,650,39855746,39855748,6642624342446,0,0,000000000087abb0,00000000,00000000
observe,652,00000000,652,00000000,651,39855748,39855750,6642624593616,0,0,000000000087abb0,00000000,00000000
observe,653,00000000,653,00000000,652,39855750,39855752,6642624974364,0,0,000000000087abb0,00000000,00000000
observe,654,00000000,654,00000000,653,39855752,39855754,6642625336023,0,0,000000000087abb0,00000000,00000000
observe,655,00000000,655,00000000,654,39855754,39855756,6642625584498,0,0,000000000087abb0,00000000,00000000
observe,656,00000000,656,00000000,655,39855756,39855758,6642625959240,0,0,000000000087abb0,00000000,00000000
observe,657,00000000,657,00000000,656,39855758,39855760,6642626340789,0,0,000000000087abb0,00000000,00000000
observe,658,00000000,658,00000000,657,39855760,39855762,6642626653857,0,0,000000000087abb0,00000000,00000000
observe,659,00000000,659,00000000,658,39855762,39855764,6642626986277,0,0,000000000087abb0,00000000,00000000
observe,660,00000000,660,00000000,659,39855764,39855766,6642627338574,0,0,000000000087abb0,00000000,00000000
observe,661,00000000,661,00000000,660,39855766,39855768,6642627626402,0,0,000000000087abb0,00000000,00000000
observe,662,00000000,662,00000000,661,39855768,39855770,6642628005708,0,0,000000000087abb0,00000000,00000000
observe,663,00000000,663,00000000,662,39855770,39855772,6642628315046,0,0,000000000087abb0,00000000,00000000
observe,664,00000000,664,00000000,663,39855772,39855774,6642628674556,0,0,000000000087abb0,00000000,00000000
observe,665,00000000,665,00000000,664,39855774,39855776,6642628986852,0,0,000000000087abb0,00000000,00000000
observe,666,00000000,666,00000000,665,39855776,39855778,6642629266607,0,0,000000000087abb0,00000000,00000000
observe,667,00000000,667,00000000,666,39855778,39855780,6642629675832,0,0,000000000087abb0,00000000,00000000
observe,668,00000000,668,00000000,667,39855780,39855782,6642629985177,0,0,000000000087abb0,00000000,00000000
observe,669,00000000,669,00000000,668,39855782,39855784,6642630334928,0,0,000000000087abb0,00000000,00000000
observe,670,00000000,670,00000000,669,39855784,39855786,6642630581057,0,0,000000000087abb0,00000000,00000000
observe,671,00000000,671,00000000,670,39855786,39855788,6642631005449,0,0,000000000087abb0,00000000,00000000
observe,672,00000000,672,00000000,671,39855788,39855790,6642631345213,0,0,000000000087abb0,00000000,00000000
observe,673,00000000,673,00000000,672,39855790,39855792,6642631670558,0,0,000000000087abb0,00000000,00000000
observe,674,00000000,674,00000000,673,39855792,39855794,6642632003429,0,0,000000000087abb0,00000000,00000000
observe,675,00000000,675,00000000,674,39855794,39855796,6642632289221,0,0,000000000087abb0,00000000,00000000
observe,676,00000000,676,00000000,675,39855796,39855798,6642632682320,0,0,000000000087abb0,00000000,00000000
observe,677,00000000,677,00000000,676,39855798,39855800,6642632936035,0,0,000000000087abb0,00000000,00000000
observe,678,00000000,678,00000000,677,39855800,39855802,6642633343630,0,0,000000000087abb0,00000000,00000000
observe,679,00000000,679,00000000,678,39855802,39855804,6642633610320,0,0,000000000087abb0,00000000,00000000
observe,680,00000000,680,00000000,679,39855804,39855806,6642633950449,0,0,000000000087abb0,00000000,00000000
observe,681,00000000,681,00000000,680,39855806,39855808,6642634263782,0,0,000000000087abb0,00000000,00000000
observe,682,00000000,682,00000000,681,39855808,39855810,6642634671118,0,0,000000000087abb0,00000000,00000000
observe,683,00000000,683,00000000,682,39855810,39855812,6642635011430,0,0,000000000087abb0,00000000,00000000
observe,684,00000000,684,00000000,683,39855812,39855814,6642635264286,0,0,000000000087abb0,00000000,00000000
observe,685,00000000,685,00000000,684,39855814,39855816,6642635650830,0,0,000000000087abb0,00000000,00000000
observe,686,00000000,686,00000000,685,39855816,39855818,6642635928174,0,0,000000000087abb0,00000000,00000000
observe,687,00000000,687,00000000,686,39855818,39855820,6642636337808,0,0,000000000087abb0,00000000,00000000
observe,688,00000000,688,00000000,687,39855820,39855822,6642636629388,0,0,000000000087abb0,00000000,00000000
observe,689,00000000,689,00000000,688,39855822,39855824,6642636936162,0,0,000000000087abb0,00000000,00000000
observe,690,00000000,690,00000000,689,39855824,39855826,6642637333804,0,0,000000000087abb0,00000000,00000000
observe,691,00000000,691,00000000,690,39855826,39855828,6642637621093,0,0,000000000087abb0,00000000,00000000
observe,692,00000000,692,00000000,691,39855828,39855830,6642638039483,0,0,000000000087abb0,00000000,00000000
observe,693,00000000,693,00000000,692,39855830,39855832,6642638296260,0,0,000000000087abb0,00000000,00000000
observe,694,00000000,694,00000000,693,39855832,39855834,6642638670877,0,0,000000000087abb0,00000000,00000000
observe,695,00000000,695,00000000,694,39855834,39855835,6642639008463,0,0,000000000087abb0,00000000,00000000
observe,696,00000000,696,00000000,695,39855836,39855838,6642639250477,0,0,000000000087abb0,00000000,00000000
observe,697,00000000,697,00000000,696,39855838,39855840,6642639600537,0,0,000000000087abb0,00000000,00000000
observe,698,00000000,698,00000000,697,39855840,39855842,6642639977676,0,0,000000000087abb0,00000000,00000000
observe,699,00000000,699,00000000,698,39855842,39855844,6642640292507,0,0,000000000087abb0,00000000,00000000
observe,700,00000000,700,00000000,699,39855844,39855846,6642640644669,0,0,000000000087abb0,00000000,00000000
observe,701,00000000,701,00000000,700,39855846,39855848,6642640988374,0,0,000000000087abb0,00000000,00000000
observe,702,00000000,702,00000000,701,39855848,39855850,6642641320358,0,0,000000000087abb0,00000000,00000000
observe,703,00000000,703,00000000,702,39855850,39855852,6642641584985,0,0,000000000087abb0,00000000,00000000
observe,704,00000000,704,00000000,703,39855852,39855854,6642642008436,0,0,000000000087abb0,00000000,00000000
observe,705,00000000,705,00000000,704,39855854,39855856,6642642340293,0,0,000000000087abb0,00000000,00000000
observe,706,00000000,706,00000000,705,39855856,39855858,6642642676324,0,0,000000000087abb0,00000000,00000000
observe,707,00000000,707,00000000,706,39855858,39855860,6642643010563,0,0,000000000087abb0,00000000,00000000
observe,708,00000000,708,00000000,707,39855860,39855862,6642643262390,0,0,000000000087abb0,00000000,00000000
observe,709,00000000,709,00000000,708,39855862,39855864,6642643616874,0,0,000000000087abb0,00000000,00000000
observe,710,00000000,710,00000000,709,39855864,39855866,6642643947945,0,0,000000000087abb0,00000000,00000000
observe,711,00000000,711,00000000,710,39855866,39855868,6642644305649,0,0,000000000087abb0,00000000,00000000
observe,712,00000000,712,00000000,711,39855868,39855870,6642644684595,0,0,000000000087abb0,00000000,00000000
observe,713,00000000,713,00000000,712,39855870,39855872,6642644983705,0,0,000000000087abb0,00000000,00000000
observe,714,00000000,714,00000000,713,39855872,39855874,6642645336469,0,0,000000000087abb0,00000000,00000000
observe,715,00000000,715,00000000,714,39855874,39855876,6642645592761,0,0,000000000087abb0,00000000,00000000
observe,716,00000000,716,00000000,715,39855876,39855878,6642645970182,0,0,000000000087abb0,00000000,00000000
observe,717,00000000,717,00000000,716,39855878,39855880,6642646266516,0,0,000000000087abb0,00000000,00000000
observe,718,00000000,718,00000000,717,39855880,39855882,6642646672847,0,0,000000000087abb0,00000000,00000000
observe,719,00000000,719,00000000,718,39855882,39855884,6642646958425,0,0,000000000087abb0,00000000,00000000
observe,720,00000000,720,00000000,719,39855884,39855886,6642647299119,0,0,000000000087abb0,00000000,00000000
observe,721,00000000,721,00000000,720,39855886,39855888,6642647668852,0,0,000000000087abb0,00000000,00000000
observe,722,00000000,722,00000000,721,39855888,39855890,6642648007617,0,0,000000000087abb0,00000000,00000000
observe,723,00000000,723,00000000,722,39855890,39855892,6642648360611,0,0,000000000087abb0,00000000,00000000
observe,724,00000000,724,00000000,723,39855892,39855894,6642648642238,0,0,000000000087abb0,00000000,00000000
observe,725,00000000,725,00000000,724,39855894,39855896,6642649000153,0,0,000000000087abb0,00000000,00000000
observe,726,00000000,726,00000000,725,39855896,39855898,6642649342233,0,0,000000000087abb0,00000000,00000000
observe,727,00000000,727,00000000,726,39855898,39855900,6642649673872,0,0,000000000087abb0,00000000,00000000
observe,728,00000000,728,00000000,727,39855900,39855902,6642650006327,0,0,000000000087abb0,00000000,00000000
observe,729,00000000,729,00000000,728,39855902,39855904,6642650269130,0,0,000000000087abb0,00000000,00000000
observe,730,00000000,730,00000000,729,39855904,39855906,6642650646475,0,0,000000000087abb0,00000000,00000000
observe,731,00000000,731,00000000,730,39855906,39855908,6642651025275,0,0,000000000087abb0,00000000,00000000
observe,732,00000000,732,00000000,731,39855908,39855910,6642651286912,0,0,000000000087abb0,00000000,00000000
observe,733,00000000,733,00000000,732,39855910,39855912,6642651667699,0,0,000000000087abb0,00000000,00000000
observe,734,00000000,734,00000000,733,39855912,39855914,6642652002997,0,0,000000000087abb0,00000000,00000000
observe,735,00000000,735,00000000,734,39855914,39855916,6642652281048,0,0,000000000087abb0,00000000,00000000
observe,736,00000000,736,00000000,735,39855916,39855918,6642652669979,0,0,000000000087abb0,00000000,00000000
observe,737,00000000,737,00000000,736,39855918,39855920,6642652999160,0,0,000000000087abb0,00000000,00000000
observe,738,00000000,738,00000000,737,39855920,39855922,6642653263460,0,0,000000000087abb0,00000000,00000000
observe,739,00000000,739,00000000,738,39855922,39855924,6642653599354,0,0,000000000087abb0,00000000,00000000
observe,740,00000000,740,00000000,739,39855924,39855926,6642653954990,0,0,000000000087abb0,00000000,00000000
observe,741,00000000,741,00000000,740,39855926,39855928,6642654333980,0,0,000000000087abb0,00000000,00000000
observe,742,00000000,742,00000000,741,39855928,39855930,6642654637224,0,0,000000000087abb0,00000000,00000000
observe,743,00000000,743,00000000,742,39855930,39855932,6642654977377,0,0,000000000087abb0,00000000,00000000
observe,744,00000000,744,00000000,743,39855932,39855934,6642655287377,0,0,000000000087abb0,00000000,00000000
observe,745,00000000,745,00000000,744,39855934,39855936,6642655662967,0,0,000000000087abb0,00000000,00000000
observe,746,00000000,746,00000000,745,39855936,39855938,6642655931025,0,0,000000000087abb0,00000000,00000000
observe,747,00000000,747,00000000,746,39855938,39855940,6642656294899,0,0,000000000087abb0,00000000,00000000
observe,748,00000000,748,00000000,747,39855940,39855942,6642656615425,0,0,000000000087abb0,00000000,00000000
observe,749,00000000,749,00000000,748,39855942,39855944,6642656939994,0,0,000000000087abb0,00000000,00000000
observe,750,00000000,750,00000000,749,39855944,39855946,6642657251984,0,0,000000000087abb0,00000000,00000000
observe,751,00000000,751,00000000,750,39855946,39855948,6642657590160,0,0,000000000087abb0,00000000,00000000
observe,752,00000000,752,00000000,751,39855948,39855950,6642658002190,0,0,000000000087abb0,00000000,00000000
observe,753,00000000,753,00000000,752,39855950,39855952,6642658354220,0,0,000000000087abb0,00000000,00000000
observe,754,00000000,754,00000000,753,39855952,39855953,6642658667592,0,0,000000000087abb0,00000000,00000000
observe,755,00000000,755,00000000,754,39855954,39855956,6642658914616,0,0,000000000087abb0,00000000,00000000
observe,756,00000000,756,00000000,755,39855956,39855958,6642659336726,0,0,000000000087abb0,00000000,00000000
observe,757,00000000,757,00000000,756,39855958,39855960,6642659613400,0,0,000000000087abb0,00000000,00000000
observe,758,00000000,758,00000000,757,39855960,39855962,6642660010109,0,0,000000000087abb0,00000000,00000000
observe,759,00000000,759,00000000,758,39855962,39855964,6642660274448,0,0,000000000087abb0,00000000,00000000
observe,760,00000000,760,00000000,759,39855964,39855966,6642660676695,0,0,000000000087abb0,00000000,00000000
observe,761,00000000,761,00000000,760,39855966,39855968,6642661010527,0,0,000000000087abb0,00000000,00000000
observe,762,00000000,762,00000000,761,39855968,39855970,6642661288577,0,0,000000000087abb0,00000000,00000000
observe,763,00000000,763,00000000,762,39855970,39855972,6642661705407,0,0,000000000087abb0,00000000,00000000
observe,764,00000000,764,00000000,763,39855972,39855974,6642661982681,0,0,000000000087abb0,00000000,00000000
observe,765,00000000,765,00000000,764,39855974,39855976,6642662260749,0,0,000000000087abb0,00000000,00000000
observe,766,00000000,766,00000000,765,39855976,39855978,6642662597543,0,0,000000000087abb0,00000000,00000000
observe,767,00000000,767,00000000,766,39855978,39855980,6642663009233,0,0,000000000087abb0,00000000,00000000
observe,768,00000000,768,00000000,767,39855980,39855982,6642663335040,0,0,000000000087abb0,00000000,00000000
observe,769,00000000,769,00000000,768,39855982,39855984,6642663634005,0,0,000000000087abb0,00000000,00000000
observe,770,00000000,770,00000000,769,39855984,39855986,6642663974380,0,0,000000000087abb0,00000000,00000000
observe,771,00000000,771,00000000,770,39855986,39855988,6642664341652,0,0,000000000087abb0,00000000,00000000
observe,772,00000000,772,00000000,771,39855988,39855990,6642664648639,0,0,000000000087abb0,00000000,00000000
observe,773,00000000,773,00000000,772,39855990,39855992,6642665008864,0,0,000000000087abb0,00000000,00000000
observe,774,00000000,774,00000000,773,39855992,39855994,6642665332712,0,0,000000000087abb0,00000000,00000000
observe,775,00000000,775,00000000,774,39855994,39855996,6642665625912,0,0,000000000087abb0,00000000,00000000
observe,776,00000000,776,00000000,775,39855996,39855998,6642666006807,0,0,000000000087abb0,00000000,00000000
observe,777,00000000,777,00000000,776,39855998,39856000,6642666266435,0,0,000000000087abb0,00000000,00000000
observe,778,00000000,778,00000000,777,39856000,39856002,6642666594053,0,0,000000000087abb0,00000000,00000000
observe,779,00000000,779,00000000,778,39856002,39856004,6642666977102,0,0,000000000087abb0,00000000,00000000
observe,780,00000000,780,00000000,779,39856004,39856006,6642667263975,0,0,000000000087abb0,00000000,00000000
observe,781,00000000,781,00000000,780,39856006,39856008,6642667672970,0,0,000000000087abb0,00000000,00000000
observe,782,00000000,782,00000000,781,39856008,39856010,6642668006724,0,0,000000000087abb0,00000000,00000000
observe,783,00000000,783,00000000,782,39856010,39856012,6642668314011,0,0,000000000087abb0,00000000,00000000
observe,784,00000000,784,00000000,783,39856012,39856014,6642668593406,0,0,000000000087abb0,00000000,00000000
observe,785,00000000,785,00000000,784,39856014,39856016,6642668982519,0,0,000000000087abb0,00000000,00000000
observe,786,00000000,786,00000000,785,39856016,39856018,6642669342571,0,0,000000000087abb0,00000000,00000000
observe,787,00000000,787,00000000,786,39856018,39856020,6642669670739,0,0,000000000087abb0,00000000,00000000
observe,788,00000000,788,00000000,787,39856020,39856022,6642669926776,0,0,000000000087abb0,00000000,00000000
observe,789,00000000,789,00000000,788,39856022,39856024,6642670273393,0,0,000000000087abb0,00000000,00000000
observe,790,00000000,790,00000000,789,39856024,39856026,6642670657892,0,0,000000000087abb0,00000000,00000000
observe,791,00000000,791,00000000,790,39856026,39856028,6642671001804,0,0,000000000087abb0,00000000,00000000
observe,792,00000000,792,00000000,791,39856028,39856030,6642671346694,0,0,000000000087abb0,00000000,00000000
observe,793,00000000,793,00000000,792,39856030,39856032,6642671674839,0,0,000000000087abb0,00000000,00000000
observe,794,00000000,794,00000000,793,39856032,39856034,6642672001285,0,0,000000000087abb0,00000000,00000000
observe,795,00000000,795,00000000,794,39856034,39856036,6642672329228,0,0,000000000087abb0,00000000,00000000
observe,796,00000000,796,00000000,795,39856036,39856038,6642672618388,0,0,000000000087abb0,00000000,00000000
observe,797,00000000,797,00000000,796,39856038,39856040,6642673007093,0,0,000000000087abb0,00000000,00000000
observe,798,00000000,798,00000000,797,39856040,39856042,6642673302741,0,0,000000000087abb0,00000000,00000000
observe,799,00000000,799,00000000,798,39856042,39856044,6642673683199,0,0,000000000087abb0,00000000,00000000
observe,800,00000000,800,00000000,799,39856044,39856046,6642674001480,0,0,000000000087abb0,00000000,00000000
observe,801,00000000,801,00000000,800,39856046,39856048,6642674260301,0,0,000000000087abb0,00000000,00000000
observe,802,00000000,802,00000000,801,39856048,39856050,6642674681218,0,0,000000000087abb0,00000000,00000000
observe,803,00000000,803,00000000,802,39856050,39856052,6642674997330,0,0,000000000087abb0,00000000,00000000
observe,804,00000000,804,00000000,803,39856052,39856054,6642675281422,0,0,000000000087abb0,00000000,00000000
observe,805,00000000,805,00000000,804,39856054,39856056,6642675669679,0,0,000000000087abb0,00000000,00000000
observe,806,00000000,806,00000000,805,39856056,39856058,6642675947357,0,0,000000000087abb0,00000000,00000000
observe,807,00000000,807,00000000,806,39856058,39856060,6642676264186,0,0,000000000087abb0,00000000,00000000
observe,808,00000000,808,00000000,807,39856060,39856062,6642676678035,0,0,000000000087abb0,00000000,00000000
observe,809,00000000,809,00000000,808,39856062,39856064,6642676967396,0,0,000000000087abb0,00000000,00000000
observe,810,00000000,810,00000000,809,39856064,39856066,6642677347460,0,0,000000000087abb0,00000000,00000000
observe,811,00000000,811,00000000,810,39856066,39856068,6642677676232,0,0,000000000087abb0,00000000,00000000
observe,812,00000000,812,00000000,811,39856068,39856070,6642677950163,0,0,000000000087abb0,00000000,00000000
observe,813,00000000,813,00000000,812,39856070,39856072,6642678357529,0,0,000000000087abb0,00000000,00000000
observe,814,00000000,814,00000000,813,39856072,39856074,6642678666935,0,0,000000000087abb0,00000000,00000000
observe,815,00000000,815,00000000,814,39856074,39856076,6642679005753,0,0,000000000087abb0,00000000,00000000
observe,816,00000000,816,00000000,815,39856076,39856078,6642679335958,0,0,000000000087abb0,00000000,00000000
observe,817,00000000,817,00000000,816,39856078,39856080,6642679609948,0,0,000000000087abb0,00000000,00000000
observe,818,00000000,818,00000000,817,39856080,39856082,6642679932830,0,0,000000000087abb0,00000000,00000000
observe,819,00000000,819,00000000,818,39856082,39856084,6642680329615,0,0,000000000087abb0,00000000,00000000
observe,820,00000000,820,00000000,819,39856084,39856086,6642680670803,0,0,000000000087abb0,00000000,00000000
observe,821,00000000,821,00000000,820,39856086,39856088,6642680965867,0,0,000000000087abb0,00000000,00000000
observe,822,00000000,822,00000000,821,39856088,39856090,6642681323389,0,0,000000000087abb0,00000000,00000000
observe,823,00000000,823,00000000,822,39856090,39856092,6642681594941,0,0,000000000087abb0,00000000,00000000
observe,824,00000000,824,00000000,823,39856092,39856094,6642682014513,0,0,000000000087abb0,00000000,00000000
observe,825,00000000,825,00000000,824,39856094,39856096,6642682273163,0,0,000000000087abb0,00000000,00000000
observe,826,00000000,826,00000000,825,39856096,39856098,6642682649134,0,0,000000000087abb0,00000000,00000000
observe,827,00000000,827,00000000,826,39856098,39856100,6642682931192,0,0,000000000087abb0,00000000,00000000
observe,828,00000000,828,00000000,827,39856100,39856102,6642683346673,0,0,000000000087abb0,00000000,00000000
observe,829,00000000,829,00000000,828,39856102,39856104,6642683681136,0,0,000000000087abb0,00000000,00000000
observe,830,00000000,830,00000000,829,39856104,39856106,6642683940335,0,0,000000000087abb0,00000000,00000000
observe,831,00000000,831,00000000,830,39856106,39856108,6642684347195,0,0,000000000087abb0,00000000,00000000
observe,832,00000000,832,00000000,831,39856108,39856110,6642684608509,0,0,000000000087abb0,00000000,00000000
observe,833,00000000,833,00000000,832,39856110,39856112,6642685017839,0,0,000000000087abb0,00000000,00000000
observe,834,00000000,834,00000000,833,39856112,39856114,6642685269107,0,0,000000000087abb0,00000000,00000000
observe,835,00000000,835,00000000,834,39856114,39856116,6642685656790,0,0,000000000087abb0,00000000,00000000
observe,836,00000000,836,00000000,835,39856116,39856118,6642685947516,0,0,000000000087abb0,00000000,00000000
observe,837,00000000,837,00000000,836,39856118,39856120,6642686346842,0,0,000000000087abb0,00000000,00000000
observe,838,00000000,838,00000000,837,39856120,39856122,6642686671739,0,0,000000000087abb0,00000000,00000000
observe,839,00000000,839,00000000,838,39856122,39856124,6642686929363,0,0,000000000087abb0,00000000,00000000
observe,840,00000000,840,00000000,839,39856124,39856126,6642687351841,0,0,000000000087abb0,00000000,00000000
observe,841,00000000,841,00000000,840,39856126,39856128,6642687665858,0,0,000000000087abb0,00000000,00000000
observe,842,00000000,842,00000000,841,39856128,39856130,6642687931688,0,0,000000000087abb0,00000000,00000000
observe,843,00000000,843,00000000,842,39856130,39856132,6642688306750,0,0,000000000087abb0,00000000,00000000
observe,844,00000000,844,00000000,843,39856132,39856134,6642688663357,0,0,000000000087abb0,00000000,00000000
observe,845,00000000,845,00000000,844,39856134,39856136,6642689006296,0,0,000000000087abb0,00000000,00000000
observe,846,00000000,846,00000000,845,39856136,39856138,6642689346672,0,0,000000000087abb0,00000000,00000000
observe,847,00000000,847,00000000,846,39856138,39856140,6642689603134,0,0,000000000087abb0,00000000,00000000
observe,848,00000000,848,00000000,847,39856140,39856142,6642689985663,0,0,000000000087abb0,00000000,00000000
observe,849,00000000,849,00000000,848,39856142,39856144,6642690301343,0,0,000000000087abb0,00000000,00000000
observe,850,00000000,850,00000000,849,39856144,39856146,6642690668537,0,0,000000000087abb0,00000000,00000000
observe,851,00000000,851,00000000,850,39856146,39856148,6642691001277,0,0,000000000087abb0,00000000,00000000
observe,852,00000000,852,00000000,851,39856148,39856150,6642691281207,0,0,000000000087abb0,00000000,00000000
observe,853,00000000,853,00000000,852,39856150,39856152,6642691668343,0,0,000000000087abb0,00000000,00000000
observe,854,00000000,854,00000000,853,39856152,39856154,6642692008327,0,0,000000000087abb0,00000000,00000000
observe,855,00000000,855,00000000,854,39856154,39856156,6642692303360,0,0,000000000087abb0,00000000,00000000
observe,856,00000000,856,00000000,855,39856156,39856158,6642692676764,0,0,000000000087abb0,00000000,00000000
observe,857,00000000,857,00000000,856,39856158,39856160,6642693008101,0,0,000000000087abb0,00000000,00000000
observe,858,00000000,858,00000000,857,39856160,39856162,6642693265180,0,0,000000000087abb0,00000000,00000000
observe,859,00000000,859,00000000,858,39856162,39856164,6642693672029,0,0,000000000087abb0,00000000,00000000
observe,860,00000000,860,00000000,859,39856164,39856166,6642693995337,0,0,000000000087abb0,00000000,00000000
observe,861,00000000,861,00000000,860,39856166,39856168,6642694261397,0,0,000000000087abb0,00000000,00000000
observe,862,00000000,862,00000000,861,39856168,39856170,6642694682143,0,0,000000000087abb0,00000000,00000000
observe,863,00000000,863,00000000,862,39856170,39856172,6642694999700,0,0,000000000087abb0,00000000,00000000
observe,864,00000000,864,00000000,863,39856172,39856174,6642695344600,0,0,000000000087abb0,00000000,00000000
observe,865,00000000,865,00000000,864,39856174,39856176,6642695624664,0,0,000000000087abb0,00000000,00000000
observe,866,00000000,866,00000000,865,39856176,39856178,6642695971531,0,0,000000000087abb0,00000000,00000000
observe,867,00000000,867,00000000,866,39856178,39856180,6642696303325,0,0,000000000087abb0,00000000,00000000
observe,868,00000000,868,00000000,867,39856180,39856182,6642696596690,0,0,000000000087abb0,00000000,00000000
observe,869,00000000,869,00000000,868,39856182,39856184,6642697003286,0,0,000000000087abb0,00000000,00000000
observe,870,00000000,870,00000000,869,39856184,39856186,6642697347322,0,0,000000000087abb0,00000000,00000000
observe,871,00000000,871,00000000,870,39856186,39856188,6642697603411,0,0,000000000087abb0,00000000,00000000
observe,872,00000000,872,00000000,871,39856188,39856190,6642697952194,0,0,000000000087abb0,00000000,00000000
observe,873,00000000,873,00000000,872,39856190,39856192,6642698367708,0,0,000000000087abb0,00000000,00000000
observe,874,00000000,874,00000000,873,39856192,39856194,6642698587633,0,0,000000000087abb0,00000000,00000000
observe,875,00000000,875,00000000,874,39856194,39856196,6642698965460,0,0,000000000087abb0,00000000,00000000
observe,876,00000000,876,00000000,875,39856196,39856198,6642699260526,0,0,000000000087abb0,00000000,00000000
observe,877,00000000,877,00000000,876,39856198,39856200,6642699671774,0,0,000000000087abb0,00000000,00000000
observe,878,00000000,878,00000000,877,39856200,39856202,6642700003762,0,0,000000000087abb0,00000000,00000000
observe,879,00000000,879,00000000,878,39856202,39856204,6642700271010,0,0,000000000087abb0,00000000,00000000
observe,880,00000000,880,00000000,879,39856204,39856206,6642700691556,0,0,000000000087abb0,00000000,00000000
observe,881,00000000,881,00000000,880,39856206,39856209,6642700997627,0,0,000000000087abb0,00000000,00000000
observe,882,00000000,882,00000000,881,39856209,39856211,6642701434812,0,0,000000000087abb0,00000000,00000000
observe,883,00000000,883,00000000,882,39856211,39856211,6642701767714,0,0,000000000087abb0,00000000,00000000
observe,884,00000000,884,00000000,883,39856212,39856214,6642701906985,0,0,000000000087abb0,00000000,00000000
observe,885,00000000,885,00000000,884,39856214,39856216,6642702394482,0,0,000000000087abb0,00000000,00000000
observe,886,00000000,886,00000000,885,39856216,39856218,6642702633515,0,0,000000000087abb0,00000000,00000000
observe,887,00000000,887,00000000,886,39856218,39856220,6642703010302,0,0,000000000087abb0,00000000,00000000
observe,888,00000000,888,00000000,887,39856220,39856222,6642703315130,0,0,000000000087abb0,00000000,00000000
observe,889,00000000,889,00000000,888,39856222,39856224,6642703685468,0,0,000000000087abb0,00000000,00000000
observe,890,00000000,890,00000000,889,39856224,39856226,6642703959955,0,0,000000000087abb0,00000000,00000000
observe,891,00000000,891,00000000,890,39856226,39856228,6642704325858,0,0,000000000087abb0,00000000,00000000
observe,892,00000000,892,00000000,891,39856228,39856230,6642704671784,0,0,000000000087abb0,00000000,00000000
observe,893,00000000,893,00000000,892,39856230,39856232,6642704933560,0,0,000000000087abb0,00000000,00000000
observe,894,00000000,894,00000000,893,39856232,39856234,6642705338110,0,0,000000000087abb0,00000000,00000000
observe,895,00000000,895,00000000,894,39856234,39856236,6642705599877,0,0,000000000087abb0,00000000,00000000
observe,896,00000000,896,00000000,895,39856236,39856237,6642705967445,0,0,000000000087abb0,00000000,00000000
observe,897,00000000,897,00000000,896,39856238,39856240,6642706250447,0,0,000000000087abb0,00000000,00000000
observe,898,00000000,898,00000000,897,39856240,39856241,6642706638120,0,0,000000000087abb0,00000000,00000000
observe,899,00000000,899,00000000,898,39856242,39856244,6642706915300,0,0,000000000087abb0,00000000,00000000
observe,900,00000000,900,00000000,899,39856244,39856246,6642707338885,0,0,000000000087abb0,00000000,00000000
observe,901,00000000,901,00000000,900,39856246,39856248,6642707615480,0,0,000000000087abb0,00000000,00000000
