event,presenter_id,epoch,presentation_seq,tick_id,kind,source_id,pair_a_id,pair_b_id,source_ns,copy_ready_ns,generated_ready_ns,generated_requested_ns,callback_ns,deadline_ns,target_ns,actual_presented_ns,present_submit_ns,gpu_complete_ns,callback_duration_ns,queue_depth,raw_callback_ca_bits,raw_deadline_ca_bits,raw_target_ca_bits,detail,worker_wake_ns,mutex_wait_start_ns,mutex_acquired_ns,presenter_encode_start_ns,presenter_encode_end_ns,gpu_submit_ns,present_call_ns,lifecycle_state,circuit_state
epoch_reset,1,2,0,0,0,0,0,0,0,0,0,0,0,0,0,0,0,0,0,0,0,0,0,"2",0,0,0,0,0,0,0,0,0
session_active,1,2,0,0,0,0,0,0,0,0,0,0,0,0,0,0,0,0,0,0,0,0,0,"display resumed in fresh epoch",0,0,0,0,0,0,0,0,0
presentation_stages,1,2,0,1,0,0,0,0,0,0,0,0,246746570533541,246746577506582,246746610838582,0,0,0,1514667,0,4687718160444709136,4687718160684170743,4687718161829449542,"worker,mutex,encode,submit,present stages",246746572225750,246746572260166,246746572262666,0,0,0,0,2,0
source_candidate_reserved,1,2,0,0,1,1,0,0,246746574514291,0,0,0,0,0,246746656765841,0,0,0,0,1,0,0,0,"required snapshot encoded; ownership waits for afterCommit queueing",0,0,0,0,0,0,0,0,0
display_tick_expired,1,2,0,2,0,0,0,0,246746614647541,0,0,0,246746577675750,246746594172581,246746627504582,0,0,0,6000,2,0,0,0,"expired tick; source remains retryable",0,0,0,0,0,0,0,0,0
presentation_stages,1,2,0,2,0,0,0,0,0,0,0,0,246746577675750,246746594172581,246746627504582,0,0,0,6000,0,4687718160690106388,4687718161256810142,4687718162402088942,"worker,mutex,encode,submit,present stages",246746577702750,246746577704958,246746577705000,0,0,0,0,2,0
display_tick_expired,1,2,0,3,0,0,0,0,246746614713416,0,0,0,246746595454083,246746610838582,246746644170581,0,0,0,5375,1,0,0,0,"expired tick; source remains retryable",0,0,0,0,0,0,0,0,0
presentation_stages,1,2,0,3,0,0,0,0,0,0,0,0,246746595454083,246746610838582,246746644170581,0,0,0,5375,0,4687718161300959554,4687718161829449542,4687718162974728341,"worker,mutex,encode,submit,present stages",246746614710958,246746614711625,246746614711833,0,0,0,0,2,0
presentation_stages,1,2,0,4,0,0,0,0,0,0,0,0,246746611305291,246746627504582,246746660836582,0,0,0,5334,0,4687718161845605800,4687718162402088942,4687718163547367741,"worker,mutex,encode,submit,present stages",246746614728875,246746614729000,246746614729041,0,0,0,0,2,0
source_candidate_reserved,1,2,0,0,1,2,0,0,246746615081250,0,0,0,0,0,246746697387371,0,0,0,0,2,0,0,0,"required snapshot encoded; ownership waits for afterCommit queueing",0,0,0,0,0,0,0,0,0
source_candidate_reserved,1,2,0,0,1,3,0,0,246746618142500,0,0,0,0,0,246746700448621,0,0,0,0,3,0,0,0,"required snapshot encoded; ownership waits for afterCommit queueing",0,0,0,0,0,0,0,0,0
source_state_transition,1,2,0,0,1,1,0,0,246746574514291,0,0,0,0,0,246746656765841,0,0,0,0,0,0,0,0,"accepted->snapshot_copy_pending:required snapshot queued on DXMT Metal queue",0,0,0,0,0,0,0,0,0
source_accepted,1,2,0,0,1,1,0,0,246746574514291,0,0,0,0,0,246746656765841,0,0,0,0,0,0,0,0,"ownership transferred after required snapshot was committed on the DXMT queue",0,0,0,0,0,0,0,0,0
source_state_transition,1,2,0,0,1,2,0,0,246746615081250,0,0,0,0,0,246746697387371,0,0,0,0,0,0,0,0,"accepted->snapshot_copy_pending:required snapshot queued on DXMT Metal queue",0,0,0,0,0,0,0,0,0
source_accepted,1,2,0,0,1,2,0,0,246746615081250,0,0,0,0,0,246746697387371,0,0,0,0,0,0,0,0,"ownership transferred after required snapshot was committed on the DXMT queue",0,0,0,0,0,0,0,0,0
source_state_transition,1,2,0,0,1,3,0,0,246746618142500,0,0,0,0,0,246746700448621,0,0,0,0,0,0,0,0,"accepted->snapshot_copy_pending:required snapshot queued on DXMT Metal queue",0,0,0,0,0,0,0,0,0
source_accepted,1,2,0,0,1,3,0,0,246746618142500,0,0,0,0,0,246746700448621,0,0,0,0,0,0,0,0,"ownership transferred after required snapshot was committed on the DXMT queue",0,0,0,0,0,0,0,0,0
source_state_transition,1,2,0,0,1,1,0,0,246746574514291,246746627802166,0,0,0,0,246746656765841,0,0,0,0,0,0,0,0,"snapshot_copy_pending->owned:presentable snapshot completed",0,0,0,0,0,0,0,0,0
source_snapshot_complete,1,2,0,0,1,1,0,0,246746574514291,246746627802166,0,0,0,0,246746656765841,0,0,0,0,0,0,0,0,"immutable presenter snapshot is ready",0,0,0,0,0,0,0,0,0
selected_source,1,2,0,5,1,1,0,0,246746574514291,0,0,0,246746627697875,246746644170581,246746677502582,0,0,0,6625,0,0,0,0,"first accepted source; provisional until presented feedback",0,0,0,0,0,0,0,0,0
history_copy_failed,1,2,0,0,0,1,0,0,246746574514291,246746628682541,0,0,0,0,246746656765841,0,0,0,0,0,0,0,0,"injected asynchronous history copy failure; source snapshot retained"