event,app_present_seq,elapsed_us,present_hr,requested_buffer_index,current_backbuffer_index_before,current_backbuffer_index_after,current_index_query_hr,buffer0_query_hr,color_id
present,1,11422,0x00000000,0,0,0,0x00000000,0x00000000,0
present,2,34202,0x00000000,0,0,0,0x00000000,0x00000000,0
present,3,67515,0x00000000,0,0,0,0x00000000,0x00000000,0
present,4,100554,0x00000000,0,0,0,0x00000000,0x00000000,0
present,5,133971,0x00000000,0,0,0,0x00000000,0x00000000,0
present,6,167139,0x00000000,0,0,0,0x00000000,0x00000000,0
present,7,200224,0x00000000,0,0,0,0x00000000,0x00000000,0
present,8,234383,0x00000000,0,0,0,0x00000000,0x00000000,0
present,9,267509,0x00000000,0,0,0,0x00000000,0x00000000,0
present,10,300588,0x00000000,0,0,0,0x00000000,0x00000000,0
present,11,333700,0x00000000,0,0,0,0x00000000,0x00000000,0
present,12,366882,0x00000000,0,0,0,0x00000000,0x00000000,0
present,13,401027,0x00000000,0,0,0,0x00000000,0x00000000,0
present,14,434105,0x00000000,0,0,0,0x00000000,0x00000000,0
present,15,467335,0x00000000,0,0,0,0x00000000,0x00000000,0
present,16,500783,0x00000000,0,0,0,0x00000000,0x00000000,0
present,17,534506,0x00000000,0,0,0,0x00000000,0x00000000,0
present,18,567787,0x00000000,0,0,0,0x00000000,0x00000000,0
present,19,600889,0x00000000,0,0,0,0x00000000,0x00000000,0
present,20,634168,0x00000000,0,0,0,0x00000000,0x00000000,0
present,21,667096,0x00000000,0,0,0,0x00000000,0x00000000,0
present,22,700366,0x00000000,0,0,0,0x00000000,0x00000000,0
present,23,733523,0x00000000,0,0,0,0x00000000,0x00000000,0
present,24,767655,0x00000000,0,0,0,0x00000000,0x00000000,0
present,25,800801,0x00000000,0,0,0,0x00000000,0x00000000,0
present,26,833928,0x00000000,0,0,0,0x00000000,0x00000000,0
present,27,867044,0x00000000,0,0,0,0x00000000,0x00000000,0
present,28,900157,0x00000000,0,0,0,0x00000000,0x00000000,0
present,29,934283,0x00000000,0,0,0,0x00000000,0x00000000,0
present,30,967401,0x00000000,0,0,0,0x00000000,0x00000000,0
present,31,1000539,0x00000000,0,0,0,0x00000000,0x00000000,0
present,32,1033419,0x00000000,0,0,0,0x00000000,0x00000000,0
present,33,1067581,0x00000000,0,0,0,0x00000000,0x00000000,0
present,34,1100784,0x00000000,0,0,0,0x00000000,0x00000000,0
present,35,1133942,0x00000000,0,0,0,0x00000000,0x00000000,0
present,36,1167063,0x00000000,0,0,0,0x00000000,0x00000000,0
present,37,1200168,0x00000000,0,0,0,0x00000000,0x00000000,0
present,38,1234259,0x00000000,0,0,0,0x00000000,0x00000000,0
present,39,1267357,0x00000000,0,0,0,0x00000000,0x00000000,0
present,40,1300434,0x00000000,0,0,0,0x00000000,0x00000000,0
present,41,1333594,0x00000000,0,0,0,0x00000000,0x00000000,0
present,42,1367745,0x00000000,0,0,0,0x00000000,0x00000000,0
present,43,1400836,0x00000000,0,0,0,0x00000000,0x00000000,0
present,44,1433957,0x00000000,0,0,0,0x00000000,0x00000000,0
present,45,1467077,0x00000000,0,0,0,0x00000000,0x00000000,0
present,46,1500160,0x00000000,0,0,0,0x00000000,0x00000000,0
present,47,1534548,0x00000000,0,0,0,0x00000000,0x00000000,0
present,48,1566980,0x00000000,0,0,0,0x00000000,0x00000000,0
present,49,1600433,0x00000000,0,0,0,0x00000000,0x00000000,0
present,50,1633912,0x00000000,0,0,0,0x00000000,0x00000000,0
present,51,1666929,0x00000000,0,0,0,0x00000000,0x00000000,0
present,52,1700278,0x00000000,0,0,0,0x00000000,0x00000000,0
present,53,1733745,0x00000000,0,0,0,0x00000000,0x00000000,0
present,54,1769387,0x00000000,0,0,0,0x00000000,0x00000000,0
present,55,1800569,0x00000000,0,0,0,0x00000000,0x00000000,0
present,56,1833970,0x00000000,0,0,0,0x00000000,0x00000000,0
present,57,1867421,0x00000000,0,0,0,0x00000000,0x00000000,0
present,58,1900281,0x00000000,0,0,0,0x00000000,0x00000000,0
present,59,1933699,0x00000000,0,0,0,0x00000000,0x00000000,0
present,60,1967175,0x00000000,0,0,0,0x00000000,0x00000000,0
present,61,2000300,0x00000000,0,0,0,0x00000000,0x00000000,1
present,62,2033461,0x00000000,0,0,0,0x00000000,0x00000000,1
present,63,2067843,0x00000000,0,0,0,0x00000000,0x00000000,1
present,64,2101256,0x00000000,0,0,0,0x00000000,0x00000000,1
present,65,2133728,0x00000000,0,0,0,0x00000000,0x00000000,1
present,66,2167397,0x00000000,0,0,0,0x00000000,0x00000000,1
present,67,2201043,0x00000000,0,0,0,0x00000000,0x00000000,1
present,68,2233784,0x00000000,0,0,0,0x00000000,0x00000000,1
present,69,2267441,0x00000000,0,0,0,0x00000000,0x00000000,1
present,70,2300905,0x00000000,0,0,0,0x00000000,0x00000000,1
present,71,2334284,0x00000000,0,0,0,0x00000000,0x00000000,1
present,72,2367496,0x00000000,0,0,0,0x00000000,0x00000000,1
present,73,2400856,0x00000000,0,0,0,0x00000000,0x00000000,1
present,74,2434448,0x00000000,0,0,0,0x00000000,0x00000000,1
present,75,2467989,0x00000000,0,0,0,0x00000000,0x00000000,1
present,76,2500610,0x00000000,0,0,0,0x00000000,0x00000000,1
present,77,2533793,0x00000000,0,0,0,0x00000000,0x00000000,1
present,78,2567800,0x00000000,0,0,0,0x00000000,0x00000000,1
present,79,2601506,0x00000000,0,0,0,0x00000000,0x00000000,1
present,80,2634232,0x00000000,0,0,0,0x00000000,0x00000000,1
present,81,2667749,0x00000000,0,0,0,0x00000000,0x00000000,1
present,82,2701161,0x00000000,0,0,0,0x00000000,0x00000000,1
present,83,2734577,0x00000000,0,0,0,0x00000000,0x00000000,1
present,84,2768024,0x00000000,0,0,0,0x00000000,0x00000000,1
present,85,2800214,0x00000000,0,0,0,0x00000000,0x00000000,1
present,86,2834686,0x00000000,0,0,0,0x00000000,0x00000000,1
present,87,2866962,0x00000000,0,0,0,0x00000000,0x00000000,1
present,88,2901339,0x00000000,0,0,0,0x00000000,0x00000000,1
present,89,2933916,0x00000000,0,0,0,0x00000000,0x00000000,1
present,90,2966928,0x00000000,0,0,0,0x00000000,0x00000000,1
present,91,3025260,0x00000000,0,0,0,0x00000000,0x00000000,1
exit,91,3033386,0x00000000,0,0
